id_planta;nome_planta;chave_produto;termo;opcao;id_arquivo;nome_arquivo;nome_do_produto;complemento_da_marca;principio_ativo_ou_descricao_do_medicamento_notificado;tipo_de_regularizacao;numero_da_regularizacao;numero_do_processo;empresa_detentora_da_regularizacao;situacao_da_regularizacao;vencimento_da_regularizacao;alias_encontrado;decisao_correspondencia;situacao;registro_norm;processo_norm;produto_norm;empresa_norm;principio_ativo_norm;ano_processo;fonte_termo_na_opcao;n_arquivos_origem;termos_origem;opcoes_origem
1;Abacate / Abacateiro;REG:100820144;Persea gratissima;persea gratissima gaertn;124;Persea_gratissima__PERSEA_GRATISSIMA_GAERTN.xlsx;PIASCLEDINE;;;REGISTRADO;100820144;25000.008663/99-34;ABBOTT PRODUTOS PARA SAÚDE LTDA. - 60.499.639/0001-95;Inativo;05/2010;persea gratissima;incluido_alias_completo;Inativo;100820144;25000 008663 99 34;piascledine;abbott produtos para saude ltda 60 499 639 0001 95;;;TRUE;1;Persea gratissima;persea gratissima gaertn
1;Abacate / Abacateiro;REG:102970009;Persea gratissima;persea gratissima gaertn;124;Persea_gratissima__PERSEA_GRATISSIMA_GAERTN.xlsx;JAMAIQUINHA CHA;;;REGISTRADO;102970009;25992.002362/73;LABORATÓRIO FARMACÊUTICO PAGE LTDA - 92.765.973/0001-30;Inativo;10/2013;persea gratissima;incluido_alias_completo;Inativo;102970009;25992 002362 73;jamaiquinha cha;laboratorio farmaceutico page ltda 92 765 973 0001 30;;;TRUE;1;Persea gratissima;persea gratissima gaertn
1;Abacate / Abacateiro;REG:105530356;Persea americana;persea americana mill.;123;Persea_americana__persea_americana_mill.xlsx;PIASCLEDINE;;glycine max, persea americana mill., glycine max (l.) merr., persea gratissima gaertn;REGISTRADO;105530356;25351.330195/2011-01;ABBOTT LABORATÓRIOS DO BRASIL LTDA - 56.998.701/0001-16;Ativo;05/2035;persea americana;incluido_alias_completo;Ativo;105530356;25351 330195 2011 01;piascledine;abbott laboratorios do brasil ltda 56 998 701 0001 16;glycine max persea americana mill glycine max l merr persea gratissima gaertn;2011;TRUE;2;Persea americana | Persea gratissima;persea americana mill. | persea gratissima gaertn
1;Abacate / Abacateiro;REG:106890144;Persea gratissima;persea gratissima gaertn;124;Persea_gratissima__PERSEA_GRATISSIMA_GAERTN.xlsx;HEPATILON;;;REGISTRADO;106890144;25351.081149/2004-64;KLEY HERTZ FARMACEUTICA S.A - 92.695.691/0001-03;Inativo;01/2006;persea gratissima;incluido_alias_completo;Inativo;106890144;25351 081149 2004 64;hepatilon;kley hertz farmaceutica s a 92 695 691 0001 03;;2004;TRUE;1;Persea gratissima;persea gratissima gaertn
1;Abacate / Abacateiro;REG:122830374;avocado;óleo avocado;225;avocado__ÓLEO_AVOCADO.xlsx;DERMIL;;;REGISTRADO;122830374;25351.431518/2005-55;DM INDÚSTRIA FARMACÊUTICA LTDA - 67.866.665/0002-34;Inativo;12/2010;avocado;incluido_alias_completo;Inativo;122830374;25351 431518 2005 55;dermil;dm industria farmaceutica ltda 67 866 665 0002 34;;2005;TRUE;1;avocado;óleo avocado
2;Abacaxi;REG:115570053;Ananas comosus;ananas comosus (l.) merr.;14;Ananas_comosus__ananas_comosus_l._merr.xlsx;BROMELIN;;ananas comosus (l.) merr.;REGISTRADO;115570053;25351.164024/2002-15;INFAN INDUSTRIA QUIMICA FARMACEUTICA NACIONAL S/A - 08.939.548/0001-03;Ativo;01/2028;ananas comosus;incluido_alias_completo;Ativo;115570053;25351 164024 2002 15;bromelin;infan industria quimica farmaceutica nacional s a 08 939 548 0001 03;ananas comosus l merr;2002;TRUE;1;Ananas comosus;ananas comosus (l.) merr.
2;Abacaxi;REG:115570054;Ananas comosus;ananas comosus (l.) merril.;15;Ananas_comosus__ananas_comosus_l._merril.xlsx;MELXI;;;REGISTRADO;115570054;25351.164028/2002-95;INFAN INDUSTRIA QUIMICA FARMACEUTICA NACIONAL S/A - 08.939.548/0001-03;Inativo;01/2011;ananas comosus;incluido_alias_completo;Inativo;115570054;25351 164028 2002 95;melxi;infan industria quimica farmaceutica nacional s a 08 939 548 0001 03;;2002;TRUE;1;Ananas comosus;ananas comosus (l.) merril.
2;Abacaxi;REG:137640121;Ananas comosus;ananas comosus (l.) merr.;14;Ananas_comosus__ananas_comosus_l._merr.xlsx;MELXI;;;REGISTRADO;137640121;25351.413475/2010-21;ASPEN PHARMA INDÚSTRIA FARMACÊUTICA LTDA - 02.433.631/0001-20;Inativo;01/2026;ananas comosus;incluido_alias_completo;Inativo;137640121;25351 413475 2010 21;melxi;aspen pharma industria farmaceutica ltda 02 433 631 0001 20;;2010;TRUE;1;Ananas comosus;ananas comosus (l.) merr.
3;Agnocasto;REG:100149941;Vitex agnus;vitex agnus-castus l.;180;Vitex_agnus__vitex_agnus-castus_l.xlsx;NALLE;;;REGISTRADO;100149941;25351.057994/2008-42;QUIMICA FARMACEUTICA NIKKHO DO BRASIL LTDA - 33.517.558/0001-06;Inativo;10/2013;vitex agnus castus;incluido_alias_completo;Inativo;100149941;25351 057994 2008 42;nalle;quimica farmaceutica nikkho do brasil ltda 33 517 558 0001 06;;2008;TRUE;2;Vitex agnus | Vitex agnus-castus;vitex agnus-castus l.
3;Agnocasto;REG:101550222;Vitex agnus;vitex agnus-castus l.;180;Vitex_agnus__vitex_agnus-castus_l.xlsx;TENAG;;;REGISTRADO;101550222;25351.006667/01-94;MARJAN INDÚSTRIA E COMÉRCIO LTDA - 60.726.692/0001-81;Inativo;09/2026;vitex agnus castus;incluido_alias_completo;Inativo;101550222;25351 006667 01 94;tenag;marjan industria e comercio ltda 60 726 692 0001 81;;;TRUE;2;Vitex agnus | Vitex agnus-castus;vitex agnus-castus l.
3;Agnocasto;REG:103670129;Vitex agnus;vitex agnus-castus l.;180;Vitex_agnus__vitex_agnus-castus_l.xlsx;EXTRATO SECO DE VITEX AGNUS CASTUS;EVANA;;REGISTRADO;103670129;25000.009114/98-51;BOEHRINGER INGELHEIM DO BRASIL QUÍMICA E FARMACÊUTICA LTDA. - 60.831.658/0001-77;Inativo;06/2005;vitex agnus castus;incluido_alias_completo;Inativo;103670129;25000 009114 98 51;extrato seco de vitex agnus castus;boehringer ingelheim do brasil quimica e farmaceutica ltda 60 831 658 0001 77;;;TRUE;2;Vitex agnus | Vitex agnus-castus;vitex agnus-castus l.
3;Agnocasto;REG:105730338;Vitex agnus;extrato seco de vitex agnus castus l.;179;Vitex_agnus__extrato_seco_de_vitex_agnus_castus_l.xlsx;SENSIFEMI;;;REGISTRADO;105730338;25351.018275/2004-82;ACHÉ LABORATÓRIOS FARMACÊUTICOS S.A - 60.659.463/0029-92;Inativo;09/2009;vitex agnus castus;incluido_alias_completo;Inativo;105730338;25351 018275 2004 82;sensifemi;ache laboratorios farmaceuticos s a 60 659 463 0029 92;;2004;TRUE;1;Vitex agnus;extrato seco de vitex agnus castus l.
3;Agnocasto;REG:110220008;Vitex agnus;vitex agnus-castus l.;180;Vitex_agnus__vitex_agnus-castus_l.xlsx;UTERIN;;;REGISTRADO;110220008;25351.001028/02-69;HENSA-FARMA S.A - INDÚSTRIA QUÍMICA E FARMACÊUTICA - 06.270.144/0001-44;Inativo;09/2007;vitex agnus castus;incluido_alias_completo;Inativo;110220008;25351 001028 02 69;uterin;hensa farma s a industria quimica e farmaceutica 06 270 144 0001 44;;;TRUE;2;Vitex agnus | Vitex agnus-castus;vitex agnus-castus l.
3;Agnocasto;REG:118600005;Vitex agnus;vitex agnus-castus l.;180;Vitex_agnus__vitex_agnus-castus_l.xlsx;LUTENE HERBARIUM;LUTENE;;REGISTRADO;118600005;25023.021354/99;HERBARIUM LABORATORIO BOTANICO LTDA - 78.950.011/0001-20;Inativo;08/2006;vitex agnus castus;incluido_alias_completo;Inativo;118600005;25023 021354 99;lutene herbarium;herbarium laboratorio botanico ltda 78 950 011 0001 20;;;TRUE;3;Vitex agnus | Vitex agnus-castus;extrato seco de vitex agnus castus l. | vitex agnus-castus l.
3;Agnocasto;REG:118600014;Vitex agnus;vitex agnus-castus l.;180;Vitex_agnus__vitex_agnus-castus_l.xlsx;VITEX HERBARIUM;;;REGISTRADO;118600014;25023.220020/98;HERBARIUM LABORATORIO BOTANICO LTDA - 78.950.011/0001-20;Inativo;04/2007;vitex agnus castus;incluido_alias_completo;Inativo;118600014;25023 220020 98;vitex herbarium;herbarium laboratorio botanico ltda 78 950 011 0001 20;;;TRUE;2;Vitex agnus | Vitex agnus-castus;vitex agnus-castus l.
3;Agnocasto;REG:118600077;Vitex agnus;vitex agnus-castus l.;180;Vitex_agnus__vitex_agnus-castus_l.xlsx;LUTENE;;;REGISTRADO;118600077;25351.468366/2006-27;HERBARIUM LABORATORIO BOTANICO LTDA - 78.950.011/0001-20;Inativo;08/2012;vitex agnus castus;incluido_alias_completo;Inativo;118600077;25351 468366 2006 27;lutene;herbarium laboratorio botanico ltda 78 950 011 0001 20;;2006;TRUE;2;Vitex agnus | Vitex agnus-castus;vitex agnus-castus l.
3;Agnocasto;REG:118610110;Vitex agnus;vitex agnus-castus l.;180;Vitex_agnus__vitex_agnus-castus_l.xlsx;VITENON;;;REGISTRADO;118610110;25351.031344/01-57;ATIVUS FARMACÊUTICA LTDA - 64.088.172/0001-41;Inativo;05/2017;vitex agnus castus;incluido_alias_completo;Inativo;118610110;25351 031344 01 57;vitenon;ativus farmaceutica ltda 64 088 172 0001 41;;;TRUE;2;Vitex agnus | Vitex agnus-castus;vitex agnus-castus l.
3;Agnocasto;REG:118610119;Vitex agnus;vitex agnus-castus l.;180;Vitex_agnus__vitex_agnus-castus_l.xlsx;NALLE;;;REGISTRADO;118610119;25351.210742/2002-62;ATIVUS FARMACÊUTICA LTDA - 64.088.172/0001-41;Inativo;12/2007;vitex agnus castus;incluido_alias_completo;Inativo;118610119;25351 210742 2002 62;nalle;ativus farmaceutica ltda 64 088 172 0001 41;;2002;TRUE;2;Vitex agnus | Vitex agnus-castus;vitex agnus-castus l.
3;Agnocasto;REG:120190138;Vitex agnus;vitex agnus-castus l.;180;Vitex_agnus__vitex_agnus-castus_l.xlsx;CICLOGIN;;;REGISTRADO;120190138;25351.171256/2002-11;GREENPHARMA QUÍMICA E FARMACÊUTICA LTDA - 33.408.105/0001-33;Inativo;04/2008;vitex agnus castus;incluido_alias_completo;Inativo;120190138;25351 171256 2002 11;ciclogin;greenpharma quimica e farmaceutica ltda 33 408 105 0001 33;;2002;TRUE;2;Vitex agnus | Vitex agnus-castus;vitex agnus-castus l.
3;Agnocasto;REG:123970023;Vitex agnus;vitex agnus-castus l.;180;Vitex_agnus__vitex_agnus-castus_l.xlsx;VITEX ORIENT;;;REGISTRADO;123970023;25351.150015/2004-09;ORIENT MIX FITOTERÁPICOS DO BRASIL LTDA. - 73.657.876/0001-89;Inativo;05/2010;vitex agnus castus;incluido_alias_completo;Inativo;123970023;25351 150015 2004 09;vitex orient;orient mix fitoterapicos do brasil ltda 73 657 876 0001 89;;2004;TRUE;2;Vitex agnus | Vitex agnus-castus;vitex agnus-castus l.
3;Agnocasto;REG:127580029;Vitex agnus;vitex agnus-castus l.;180;Vitex_agnus__vitex_agnus-castus_l.xlsx;FEMITEX;;;REGISTRADO;127580029;25351.173865/2002-13;LABORATÓRIO FARMACÊUTICO CARESSE LTDA ME - 56.930.811/0001-46;Inativo;10/2007;vitex agnus castus;incluido_alias_completo;Inativo;127580029;25351 173865 2002 13;femitex;laboratorio farmaceutico caresse ltda me 56 930 811 0001 46;;2002;TRUE;2;Vitex agnus | Vitex agnus-castus;vitex agnus-castus l.
3;Agnocasto;REG:128420025;Vitex agnus;vitex agnus-castus l.;180;Vitex_agnus__vitex_agnus-castus_l.xlsx;TESTIS COMPOSITUM;;;REGISTRADO;128420025;25000.005317/98-96;PROBIOS COMÉRCIO IMPORTAÇÃO E EXPORTAÇÃO LTDA - 74.455.197/0001-90;Inativo;08/2007;vitex agnus castus;incluido_alias_completo;Inativo;128420025;25000 005317 98 96;testis compositum;probios comercio importacao e exportacao ltda 74 455 197 0001 90;;;TRUE;2;Vitex agnus | Vitex agnus-castus;vitex agnus-castus l.
3;Agnocasto;REG:142570039;Vitex agnus;vitex agnus-castus l.;180;Vitex_agnus__vitex_agnus-castus_l.xlsx;HAGNUS;;;REGISTRADO;142570039;25351.040031/01-62;LUCIOMED FARMACÊUTICA DO BRASIL LTDA - 01.845.448/0001-79;Inativo;06/2007;vitex agnus castus;incluido_alias_completo;Inativo;142570039;25351 040031 01 62;hagnus;luciomed farmaceutica do brasil ltda 01 845 448 0001 79;;;TRUE;2;Vitex agnus | Vitex agnus-castus;vitex agnus-castus l.
3;Agnocasto;REG:144930039;Vitex agnus;vitex agnus-castus l.;180;Vitex_agnus__vitex_agnus-castus_l.xlsx;NORMACICLO;;;REGISTRADO;144930039;25351.049190/2003-65;AIRELA INDÚSTRIA FARMACÊUTICA LTDA. - 01.858.973/0001-29;Inativo;01/2029;vitex agnus castus;incluido_alias_completo;Inativo;144930039;25351 049190 2003 65;normaciclo;airela industria farmaceutica ltda 01 858 973 0001 29;;2003;TRUE;2;Vitex agnus | Vitex agnus-castus;vitex agnus-castus l.
3;Agnocasto;REG:145010018;Vitex agnus;vitex agnus-castus l.;180;Vitex_agnus__vitex_agnus-castus_l.xlsx;VITEX BRASMED;;;REGISTRADO;145010018;25351.060897/2003-22;BRASMED BOTÂNICA E FARMACÊUTICA LTDA - 00.660.703/0001-46;Inativo;09/2009;vitex agnus castus;incluido_alias_completo;Inativo;145010018;25351 060897 2003 22;vitex brasmed;brasmed botanica e farmaceutica ltda 00 660 703 0001 46;;2003;TRUE;2;Vitex agnus | Vitex agnus-castus;vitex agnus-castus l.
3;Agnocasto;REG:156510042;Vitex agnus;vitex agnus-castus l.;180;Vitex_agnus__vitex_agnus-castus_l.xlsx;NALLE;;;REGISTRADO;156510042;25351.528203/2011-68;ZYDUS NIKKHO FARMACÊUTICA LTDA - 05.254.971/0001-81;Inativo;10/2013;vitex agnus castus;incluido_alias_completo;Inativo;156510042;25351 528203 2011 68;nalle;zydus nikkho farmaceutica ltda 05 254 971 0001 81;;2011;TRUE;2;Vitex agnus | Vitex agnus-castus;vitex agnus-castus l.
5;Alcachofra;REG:100020031;Cynara scolymus;cynara scolymus l.;55;Cynara_scolymus__cynara_scolymus_l.xlsx;HEPACHOFRIL;;;REGISTRADO;100020031;25992.008053/37;LABORATORIO SEDABEL LTDA - 29.322.013/0001-69;Inativo;01/2003;cynara scolymus;incluido_alias_completo;Inativo;100020031;25992 008053 37;hepachofril;laboratorio sedabel ltda 29 322 013 0001 69;;;TRUE;1;Cynara scolymus;cynara scolymus l.
5;Alcachofra;REG:100320047;alcachofra;alcachofra;189;alcachofra__ALCACHOFRA.xlsx;HECROSINE;;;REGISTRADO;100320047;25991.004295/80;ORTOQUIMICA INDUSTRIA QUÍMICO-FARMACÊUTICA LTDA - 60.879.418/0001-42;Inativo;05/2005;alcachofra;incluido_alias_completo;Inativo;100320047;25991 004295 80;hecrosine;ortoquimica industria quimico farmaceutica ltda 60 879 418 0001 42;;;TRUE;2;alcachofra | cachofra;alcachofra
5;Alcachofra;REG:100610061;Cynara scolymus;cynara scolymus l.;55;Cynara_scolymus__cynara_scolymus_l.xlsx;HEPABILE;;;REGISTRADO;100610061;25351.013773/01-51;WELEDA DO BRASIL LABORATÓRIO E FARMÁCIA LTDA - 56.992.217/0001-80;Inativo;02/2012;cynara scolymus;incluido_alias_completo;Inativo;100610061;25351 013773 01 51;hepabile;weleda do brasil laboratorio e farmacia ltda 56 992 217 0001 80;;;TRUE;1;Cynara scolymus;cynara scolymus l.
5;Alcachofra;REG:100660019;Cynara scolymus;cynara scolymus l.;55;Cynara_scolymus__cynara_scolymus_l.xlsx;FIGATIL;LIQUIDO;cynara scolymus l., peumus boldus molina;REGISTRADO;100660019;25992.007245/53;LABORATORIO CATARINENSE LTDA - 84.684.620/0001-87;Ativo;10/2027;cynara scolymus;incluido_alias_completo;Ativo;100660019;25992 007245 53;figatil;laboratorio catarinense ltda 84 684 620 0001 87;cynara scolymus l peumus boldus molina;;TRUE;1;Cynara scolymus;cynara scolymus l.
5;Alcachofra;REG:100663378;Cynara scolymus;cynara scolymus l.;55;Cynara_scolymus__cynara_scolymus_l.xlsx;ALCACHOFRAX;;cynara scolymus l.;REGISTRADO;100663378;25000.008737/99-79;LABORATORIO CATARINENSE LTDA - 84.684.620/0001-87;Ativo;07/2026;cynara scolymus;incluido_alias_completo;Ativo;100663378;25000 008737 99 79;alcachofrax;laboratorio catarinense ltda 84 684 620 0001 87;cynara scolymus l;;TRUE;1;Cynara scolymus;cynara scolymus l.
5;Alcachofra;REG:101290002;Cynara scolymus;cynara scolymus l.;55;Cynara_scolymus__cynara_scolymus_l.xlsx;Hepacholan;;;REGISTRADO;101290002;25992.000174/35;LABORATÓRIO HEPACHOLAN SA - 60.398.120/0001-10;Inativo;10/2009;cynara scolymus;incluido_alias_completo;Inativo;101290002;25992 000174 35;hepacholan;laboratorio hepacholan sa 60 398 120 0001 10;;;TRUE;1;Cynara scolymus;cynara scolymus l.
5;Alcachofra;REG:102030001;Cynara scolymus;cynara scolymus l.;55;Cynara_scolymus__cynara_scolymus_l.xlsx;ALCACHOFRA COMPOSTA;;;REGISTRADO;102030001;25001.016880/74;INFABRA INDUSTRIA FARMACEUTICA BRASILEIRA LTDA - 42.341.149/0001-84;Inativo;03/2005;cynara scolymus;incluido_alias_completo;Inativo;102030001;25001 016880 74;alcachofra composta;infabra industria farmaceutica brasileira ltda 42 341 149 0001 84;;;TRUE;1;Cynara scolymus;cynara scolymus l.
5;Alcachofra;REG:102330003;Cynara scolymus;cynara scolymus l.;55;Cynara_scolymus__cynara_scolymus_l.xlsx;COLOMETIN;;;REGISTRADO;102330003;25991.010545/80;LABORATÓRIO SANIFER SA - 92.691.179/0001-99;Inativo;03/2007;cynara scolymus;incluido_alias_completo;Inativo;102330003;25991 010545 80;colometin;laboratorio sanifer sa 92 691 179 0001 99;;;TRUE;1;Cynara scolymus;cynara scolymus l.
5;Alcachofra;REG:102350029;Cynara scolymus;cynara scolymus l.;55;Cynara_scolymus__cynara_scolymus_l.xlsx;COLACHOFRA;;;REGISTRADO;102350029;25991.011480/80;EMS S/A - 57.507.378/0003-65;Inativo;03/2007;cynara scolymus;incluido_alias_completo;Inativo;102350029;25991 011480 80;colachofra;ems s a 57 507 378 0003 65;;;TRUE;1;Cynara scolymus;cynara scolymus l.
5;Alcachofra;REG:102350256;alcachofra;alcachofra;189;alcachofra__ALCACHOFRA.xlsx;ALCACHOFRA COMPOSTA;;;REGISTRADO;102350256;25000.006854/82;EMS S/A - 57.507.378/0003-65;Inativo;08/1998;alcachofra;incluido_alias_completo;Inativo;102350256;25000 006854 82;alcachofra composta;ems s a 57 507 378 0003 65;;;TRUE;2;alcachofra | cachofra;alcachofra
5;Alcachofra;REG:102351371;Cynara scolymus;cynara scolymus l.;55;Cynara_scolymus__cynara_scolymus_l.xlsx;SCOLYDRIN;;cynara scolymus l.;REGISTRADO;102351371;25351.289764/2021-18;EMS S/A - 57.507.378/0003-65;Ativo;05/2031;cynara scolymus;incluido_alias_completo;Ativo;102351371;25351 289764 2021 18;scolydrin;ems s a 57 507 378 0003 65;cynara scolymus l;2021;TRUE;1;Cynara scolymus;cynara scolymus l.
5;Alcachofra;REG:102640054;Cynara scolymus;cynara scolymus l.;55;Cynara_scolymus__cynara_scolymus_l.xlsx;Alcachofra composta;;;REGISTRADO;102640054;25001.009074/84;MILLER INDUSTRIAL FTCA LTDA - 33.191.735/0001-07;Inativo;10/2009;cynara scolymus;incluido_alias_completo;Inativo;102640054;25001 009074 84;alcachofra composta;miller industrial ftca ltda 33 191 735 0001 07;;;TRUE;1;Cynara scolymus;cynara scolymus l.
5;Alcachofra;REG:102644163;Cynara scolymus;cynara scolymus l.;55;Cynara_scolymus__cynara_scolymus_l.xlsx;ALCACHOFRA PURA CRONIN;;;REGISTRADO;102644163;25001.010554/80;MILLER INDUSTRIAL FTCA LTDA - 33.191.735/0001-07;Inativo;08/2006;cynara scolymus;incluido_alias_completo;Inativo;102644163;25001 010554 80;alcachofra pura cronin;miller industrial ftca ltda 33 191 735 0001 07;;;TRUE;1;Cynara scolymus;cynara scolymus l.
5;Alcachofra;REG:103410014;Cynara scolymus;cynara scolymus l.;55;Cynara_scolymus__cynara_scolymus_l.xlsx;HEPATO DELFIN;;;REGISTRADO;103410014;25001.006980/37;TRB PHARMA INDÚSTRIA QUÍMICA E FARMACÊUTICA LTDA - 61.455.192/0001-15;Inativo;09/2004;cynara scolymus;incluido_alias_completo;Inativo;103410014;25001 006980 37;hepato delfin;trb pharma industria quimica e farmaceutica ltda 61 455 192 0001 15;;;TRUE;1;Cynara scolymus;cynara scolymus l.
5;Alcachofra;REG:103920231;Cynara scolymus;cynara scolymus l.;55;Cynara_scolymus__cynara_scolymus_l.xlsx;ALCACHOFRA VITAMEDIC;;cynara scolymus l.;REGISTRADO;103920231;25351.449551/2023-13;VITAMEDIC INDUSTRIA FARMACEUTICA LTDA - 30.222.814/0001-31;Ativo;07/2031;cynara scolymus;incluido_alias_completo;Ativo;103920231;25351 449551 2023 13;alcachofra vitamedic;vitamedic industria farmaceutica ltda 30 222 814 0001 31;cynara scolymus l;2023;TRUE;1;Cynara scolymus;cynara scolymus l.
5;Alcachofra;REG:103940475;Cynara scolymus;cynara scolymus l.;55;Cynara_scolymus__cynara_scolymus_l.xlsx;SOLVOBIL;;;REGISTRADO;103940475;25991.001135/79;LABORATÓRIO AMERICANO DE FARMACOTERAPIA S/A - 61.150.819/0001-20;Inativo;10/2004;cynara scolymus;incluido_alias_completo;Inativo;103940475;25991 001135 79;solvobil;laboratorio americano de farmacoterapia s a 61 150 819 0001 20;;;TRUE;1;Cynara scolymus;cynara scolymus l.
5;Alcachofra;REG:103970008;Cynara scolymus;cynara scolymus l.;55;Cynara_scolymus__cynara_scolymus_l.xlsx;CHOPHYTOL;;;REGISTRADO;103970008;25992.003094/38;PRODUTOS FARMACÊUTICOS MILLET ROUX - 33.388.182/0001-79;Inativo;08/2008;cynara scolymus;incluido_alias_completo;Inativo;103970008;25992 003094 38;chophytol;produtos farmaceuticos millet roux 33 388 182 0001 79;;;TRUE;1;Cynara scolymus;cynara scolymus l.
5;Alcachofra;REG:104040131;Cynara scolymus;cynara scolymus l.;55;Cynara_scolymus__cynara_scolymus_l.xlsx;ALCAFLOR;;;REGISTRADO;104040131;25001.004603/83;LUPER INDÚSTRIA FARMACÊUTICA LTDA - 61.299.111/0001-35;Inativo;06/2003;cynara scolymus;incluido_alias_completo;Inativo;104040131;25001 004603 83;alcaflor;luper industria farmaceutica ltda 61 299 111 0001 35;;;TRUE;1;Cynara scolymus;cynara scolymus l.
5;Alcachofra;REG:104041978;Cynara scolymus;cynara scolymus l.;55;Cynara_scolymus__cynara_scolymus_l.xlsx;ALCAFLOR UNO;;;REGISTRADO;104041978;25351.140703/2004-52;LUPER INDÚSTRIA FARMACÊUTICA LTDA - 61.299.111/0001-35;Inativo;04/2012;cynara scolymus;incluido_alias_completo;Inativo;104041978;25351 140703 2004 52;alcaflor uno;luper industria farmaceutica ltda 61 299 111 0001 35;;2004;TRUE;1;Cynara scolymus;cynara scolymus l.
5;Alcachofra;REG:104340006;alcachofra;alcachofra;189;alcachofra__ALCACHOFRA.xlsx;HEPATOGENOL;;;REGISTRADO;104340006;25992.012356/60;PROFARB LTDA - 22.777.676/0001-29;Inativo;08/2003;alcachofra;incluido_alias_completo;Inativo;104340006;25992 012356 60;hepatogenol;profarb ltda 22 777 676 0001 29;;;TRUE;2;alcachofra | cachofra;alcachofra
5;Alcachofra;REG:104400021;Cynara scolymus;cynara scolymus l.;55;Cynara_scolymus__cynara_scolymus_l.xlsx;ACAFRAN;;;REGISTRADO;104400021;25991.009206/78;CELLERA FARMACÊUTICA S.A. - 33.173.097/0002-74;Inativo;03/2004;cynara scolymus;incluido_alias_completo;Inativo;104400021;25991 009206 78;acafran;cellera farmaceutica s a 33 173 097 0002 74;;;TRUE;1;Cynara scolymus;cynara scolymus l.
5;Alcachofra;REG:104670274;Cynara scolymus;cynara scolymus + associações;54;Cynara_scolymus__cynara_scolymus_associações.xlsx;JURUBEBA COMPOSTO;;;REGISTRADO;104670274;25001.003628/71;LABORATORIO FARMAERVAS LTDA - 60.565.520/0001-73;Inativo;05/2007;cynara scolymus;incluido_alias_completo;Inativo;104670274;25001 003628 71;jurubeba composto;laboratorio farmaervas ltda 60 565 520 0001 73;;;TRUE;1;Cynara scolymus;cynara scolymus + associações
5;Alcachofra;REG:104730042;Cynara scolymus;cynara scolymus l.;55;Cynara_scolymus__cynara_scolymus_l.xlsx;ALCACHOFRA VIDORA;embalagem multipla;cynara scolymus l.;REGISTRADO;104730042;25351.149445/2017-04;VIDORA FARMACÊUTICA LTDA - 92.762.277/0001-70;Ativo;07/2029;cynara scolymus;incluido_alias_completo;Ativo;104730042;25351 149445 2017 04;alcachofra vidora;vidora farmaceutica ltda 92 762 277 0001 70;cynara scolymus l;2017;TRUE;1;Cynara scolymus;cynara scolymus l.
5;Alcachofra;REG:104970093;alcachofra;alcachofra;189;alcachofra__ALCACHOFRA.xlsx;CYNAROBIL;;;REGISTRADO;104970093;25992.009266/39;UNIÃO QUÍMICA FARMACÊUTICA NACIONAL S/A - 60.665.981/0001-18;Inativo;07/2005;alcachofra;incluido_alias_completo;Inativo;104970093;25992 009266 39;cynarobil;uniao quimica farmaceutica nacional s a 60 665 981 0001 18;;;TRUE;2;alcachofra | cachofra;alcachofra
5;Alcachofra;REG:105730741;Cynara scolymus;cynara scolymus l.;55;Cynara_scolymus__cynara_scolymus_l.xlsx;ALCAHERB;;;REGISTRADO;105730741;25351.107071/2020-35;ACHÉ LABORATÓRIOS FARMACÊUTICOS S.A - 60.659.463/0029-92;Inativo;03/2028;cynara scolymus;incluido_alias_completo;Inativo;105730741;25351 107071 2020 35;alcaherb;ache laboratorios farmaceuticos s a 60 659 463 0029 92;;2020;TRUE;1;Cynara scolymus;cynara scolymus l.
5;Alcachofra;REG:105760010;Cynara scolymus;cynara scolymus l.;55;Cynara_scolymus__cynara_scolymus_l.xlsx;ALCACHOFRA COMPOSTA;;;REGISTRADO;105760010;25991.015776/78;LABORATORIO SIMOES LTDA. - 33.379.884/0001-96;Inativo;11/2008;cynara scolymus;incluido_alias_completo;Inativo;105760010;25991 015776 78;alcachofra composta;laboratorio simoes ltda 33 379 884 0001 96;;;TRUE;1;Cynara scolymus;cynara scolymus l.
5;Alcachofra;REG:105760124;Cynara scolymus;cynara scolymus l.;55;Cynara_scolymus__cynara_scolymus_l.xlsx;ALCACHOFRA SIMÕES;;;REGISTRADO;105760124;25351.091742/2010-16;LABORATORIO SIMOES LTDA. - 33.379.884/0001-96;Inativo;06/2016;cynara scolymus;incluido_alias_completo;Inativo;105760124;25351 091742 2010 16;alcachofra simoes;laboratorio simoes ltda 33 379 884 0001 96;;2010;TRUE;1;Cynara scolymus;cynara scolymus l.
5;Alcachofra;REG:106240240;Cynara scolymus;cynara scolymus l.;55;Cynara_scolymus__cynara_scolymus_l.xlsx;ALCACHOFRA MILIAN;;;REGISTRADO;106240240;25351.292129/2007-60;INDÚSTRIA FARMACÊUTICA MILIAN LTDA - 29.333.218/0001-40;Inativo;06/2013;cynara scolymus;incluido_alias_completo;Inativo;106240240;25351 292129 2007 60;alcachofra milian;industria farmaceutica milian ltda 29 333 218 0001 40;;2007;TRUE;1;Cynara scolymus;cynara scolymus l.
5;Alcachofra;REG:106570012;Cynara scolymus;cynara scolymus l.;55;Cynara_scolymus__cynara_scolymus_l.xlsx;FIGAREX;;;REGISTRADO;106570012;25351.037363/01-14;KRESS FARMACEUTICA S.A. - 84.712.579/0001-05;Inativo;11/2007;cynara scolymus;incluido_alias_completo;Inativo;106570012;25351 037363 01 14;figarex;kress farmaceutica s a 84 712 579 0001 05;;;TRUE;1;Cynara scolymus;cynara scolymus l.
5;Alcachofra;REG:106570017;Cynara scolymus;cynara scolymus l.;55;Cynara_scolymus__cynara_scolymus_l.xlsx;FIGAREX;;;REGISTRADO;106570017;25351.249372/2008-49;KRESS FARMACEUTICA S.A. - 84.712.579/0001-05;Inativo;11/2013;cynara scolymus;incluido_alias_completo;Inativo;106570017;25351 249372 2008 49;figarex;kress farmaceutica s a 84 712 579 0001 05;;2008;TRUE;1;Cynara scolymus;cynara scolymus l.
5;Alcachofra;REG:106890127;Cynara scolymus;cynara scolymus l.;55;Cynara_scolymus__cynara_scolymus_l.xlsx;SINARINA;;;REGISTRADO;106890127;25000.018197/99-50;KLEY HERTZ FARMACEUTICA S.A - 92.695.691/0001-03;Inativo;03/2007;cynara scolymus;incluido_alias_completo;Inativo;106890127;25000 018197 99 50;sinarina;kley hertz farmaceutica s a 92 695 691 0001 03;;;TRUE;1;Cynara scolymus;cynara scolymus l.
5;Alcachofra;REG:106890144;Cynara scolymus;cynara scolymus l.;55;Cynara_scolymus__cynara_scolymus_l.xlsx;HEPATILON;;;REGISTRADO;106890144;25351.081149/2004-64;KLEY HERTZ FARMACEUTICA S.A - 92.695.691/0001-03;Inativo;01/2006;cynara scolymus;incluido_alias_completo;Inativo;106890144;25351 081149 2004 64;hepatilon;kley hertz farmaceutica s a 92 695 691 0001 03;;2004;TRUE;1;Cynara scolymus;cynara scolymus l.
5;Alcachofra;REG:107740480;Cynara scolymus;cynara scolymus l.;55;Cynara_scolymus__cynara_scolymus_l.xlsx;LIPOTRON;;;REGISTRADO;107740480;25991.005379/80;LABORATÓRIO CANGERI LTDA - 92.751.965/0001-34;Inativo;09/2005;cynara scolymus;incluido_alias_completo;Inativo;107740480;25991 005379 80;lipotron;laboratorio cangeri ltda 92 751 965 0001 34;;;TRUE;1;Cynara scolymus;cynara scolymus l.
5;Alcachofra;REG:109220206;Cynara scolymus;cynara scolymus l.;55;Cynara_scolymus__cynara_scolymus_l.xlsx;ALCACHOFRA HERALD'S;;;REGISTRADO;109220206;25351.273428/2007-03;H B FARMA LABORATÓRIOS LTDA - 28.643.633/0001-37;Inativo;09/2013;cynara scolymus;incluido_alias_completo;Inativo;109220206;25351 273428 2007 03;alcachofra herald s;h b farma laboratorios ltda 28 643 633 0001 37;;2007;TRUE;1;Cynara scolymus;cynara scolymus l.
5;Alcachofra;REG:112700025;Cynara scolymus;cynara scolymus l.;55;Cynara_scolymus__cynara_scolymus_l.xlsx;ALCACHOL;;;REGISTRADO;112700025;25000.005018/93-19;FONTOVIT LABORATORIOS SA - 53.249.736/0001-64;Inativo;04/2011;cynara scolymus;incluido_alias_completo;Inativo;112700025;25000 005018 93 19;alcachol;fontovit laboratorios sa 53 249 736 0001 64;;;TRUE;1;Cynara scolymus;cynara scolymus l.
5;Alcachofra;REG:115600011;alcachofra;alcachofra;189;alcachofra__ALCACHOFRA.xlsx;LISOTOX;;;REGISTRADO;115600011;25000.018283/99-90;CIFARMA CIENTÍFICA FARMACÊUTICA LTDA - 17.562.075/0001-69;Inativo;05/2004;alcachofra;incluido_alias_completo;Inativo;115600011;25000 018283 99 90;lisotox;cifarma cientifica farmaceutica ltda 17 562 075 0001 69;;;TRUE;2;alcachofra | cachofra;alcachofra
5;Alcachofra;REG:115700035;Cynara scolymus;cynara scolymus l.;55;Cynara_scolymus__cynara_scolymus_l.xlsx;FIGALINA;;;REGISTRADO;115700035;25000.016669/88;INDÚSTRIA FARMACÊUTICA SANTA TEREZINHA LTDA - EPP - 79.648.523/0001-07;Inativo;04/2012;cynara scolymus;incluido_alias_completo;Inativo;115700035;25000 016669 88;figalina;industria farmaceutica santa terezinha ltda epp 79 648 523 0001 07;;;TRUE;1;Cynara scolymus;cynara scolymus l.
5;Alcachofra;REG:116780010;Cynara scolymus;cynara scolymus l.;55;Cynara_scolymus__cynara_scolymus_l.xlsx;ALCACHOFRA EC;;;REGISTRADO;116780010;25351.506000/2006-63;AS ERVAS CURAM INDUSTRIA FARMACEUTICA LTDA - 79.634.572/0001-82;Inativo;05/2013;cynara scolymus;incluido_alias_completo;Inativo;116780010;25351 506000 2006 63;alcachofra ec;as ervas curam industria farmaceutica ltda 79 634 572 0001 82;;2006;TRUE;1;Cynara scolymus;cynara scolymus l.
5;Alcachofra;REG:116800034;Cynara scolymus;cynara scolymus + associações;54;Cynara_scolymus__cynara_scolymus_associações.xlsx;HEPATILON;;;REGISTRADO;116800034;25000.011518/89;LABORATÓRIOS GALENOGAL LTDA - 90.455.262/0001-33;Inativo;01/2007;cynara scolymus;incluido_alias_completo;Inativo;116800034;25000 011518 89;hepatilon;laboratorios galenogal ltda 90 455 262 0001 33;;;TRUE;1;Cynara scolymus;cynara scolymus + associações
5;Alcachofra;REG:116950015;Cynara scolymus;cynara scolymus l.;55;Cynara_scolymus__cynara_scolymus_l.xlsx;ALCACHOFRA COMPOSTA;;;REGISTRADO;116950015;25001.015222/83;LABORATÓRIO FARMACÊUTICO VITAMED LTDA - 29.346.301/0001-53;Inativo;06/2004;cynara scolymus;incluido_alias_completo;Inativo;116950015;25001 015222 83;alcachofra composta;laboratorio farmaceutico vitamed ltda 29 346 301 0001 53;;;TRUE;1;Cynara scolymus;cynara scolymus l.
5;Alcachofra;REG:116950035;Cynara scolymus;cynara scolymus l.;55;Cynara_scolymus__cynara_scolymus_l.xlsx;ALCACHOFRA VITAMED;;;REGISTRADO;116950035;25351.026018/2006-86;LABORATÓRIO FARMACÊUTICO VITAMED LTDA - 29.346.301/0001-53;Inativo;05/2011;cynara scolymus;incluido_alias_completo;Inativo;116950035;25351 026018 2006 86;alcachofra vitamed;laboratorio farmaceutico vitamed ltda 29 346 301 0001 53;;2006;TRUE;1;Cynara scolymus;cynara scolymus l.
5;Alcachofra;REG:116950040;Cynara scolymus;cynara scolymus l.;55;Cynara_scolymus__cynara_scolymus_l.xlsx;ALCACHOFRA VITAMED;;;REGISTRADO;116950040;25351.856729/2018-11;LABORATÓRIO FARMACÊUTICO VITAMED LTDA - 29.346.301/0001-53;Inativo;07/2031;cynara scolymus;incluido_alias_completo;Inativo;116950040;25351 856729 2018 11;alcachofra vitamed;laboratorio farmaceutico vitamed ltda 29 346 301 0001 53;;2018;TRUE;1;Cynara scolymus;cynara scolymus l.
5;Alcachofra;REG:117170058;Cynara scolymus;cynara scolymus l.;55;Cynara_scolymus__cynara_scolymus_l.xlsx;ALCANATAN;;;REGISTRADO;117170058;25351.138483/2005-88;PHARMASCIENCE INDUSTRIA FARMACEUTICA S.A - 25.773.037/0001-83;Inativo;08/2025;cynara scolymus;incluido_alias_completo;Inativo;117170058;25351 138483 2005 88;alcanatan;pharmascience industria farmaceutica s a 25 773 037 0001 83;;2005;TRUE;1;Cynara scolymus;cynara scolymus l.
5;Alcachofra;REG:118190119;Cynara scolymus;cynara scolymus l.;55;Cynara_scolymus__cynara_scolymus_l.xlsx;ALCACHOFRA MULTILAB;;cynara scolymus l.;REGISTRADO;118190119;25351.363220/2011-12;MULTILAB INDUSTRIA E COMERCIO DE PRODUTOS FARMACEUTICOS LTDA - 92.265.552/0009-05;Ativo;06/2028;cynara scolymus;incluido_alias_completo;Ativo;118190119;25351 363220 2011 12;alcachofra multilab;multilab industria e comercio de produtos farmaceuticos ltda 92 265 552 0009 05;cynara scolymus l;2011;TRUE;1;Cynara scolymus;cynara scolymus l.
5;Alcachofra;REG:118600042;Cynara scolymus;cynara scolymus l.;55;Cynara_scolymus__cynara_scolymus_l.xlsx;ALCACHOFRA  HERBARIUM;ALCACHOFRA HERBARIUM;cynara scolymus l.;REGISTRADO;118600042;25351.011446/2003-61;HERBARIUM LABORATORIO BOTANICO LTDA - 78.950.011/0001-20;Ativo;05/2028;cynara scolymus;incluido_alias_completo;Ativo;118600042;25351 011446 2003 61;alcachofra herbarium;herbarium laboratorio botanico ltda 78 950 011 0001 20;cynara scolymus l;2003;TRUE;1;Cynara scolymus;cynara scolymus l.
5;Alcachofra;REG:120090006;Cynara scolymus;cynara scolymus l.;55;Cynara_scolymus__cynara_scolymus_l.xlsx;ALCACHOFRA  BIONATUS;;;REGISTRADO;120090006;25000.017254/92-80;BIONATUS LABORATÓRIO BOTÂNICO LTDA - 68.032.192/0001-51;Inativo;06/2016;cynara scolymus;incluido_alias_completo;Inativo;120090006;25000 017254 92 80;alcachofra bionatus;bionatus laboratorio botanico ltda 68 032 192 0001 51;;;TRUE;1;Cynara scolymus;cynara scolymus l.
5;Alcachofra;REG:121390017;Cynara scolymus;cynara scolymus + associações;54;Cynara_scolymus__cynara_scolymus_associações.xlsx;ALCACHOFRA YANTEN;;;REGISTRADO;121390017;25351.188495/2002-19;LABORATORIO YANTEN LTDA - 84.830.074/0001-45;Inativo;01/2008;cynara scolymus;incluido_alias_completo;Inativo;121390017;25351 188495 2002 19;alcachofra yanten;laboratorio yanten ltda 84 830 074 0001 45;;2002;TRUE;1;Cynara scolymus;cynara scolymus + associações
5;Alcachofra;REG:121390019;Cynara scolymus;cynara scolymus + associações;54;Cynara_scolymus__cynara_scolymus_associações.xlsx;ALCACHOYAN;;;REGISTRADO;121390019;25351.188500/2002-85;LABORATORIO YANTEN LTDA - 84.830.074/0001-45;Inativo;03/2008;cynara scolymus;incluido_alias_completo;Inativo;121390019;25351 188500 2002 85;alcachoyan;laboratorio yanten ltda 84 830 074 0001 45;;2002;TRUE;1;Cynara scolymus;cynara scolymus + associações
5;Alcachofra;REG:123970022;Cynara scolymus;cynara scolymus l.;55;Cynara_scolymus__cynara_scolymus_l.xlsx;ALCACHOFRA ORIENT;;;REGISTRADO;123970022;25351.033386/01-78;ORIENT MIX FITOTERÁPICOS DO BRASIL LTDA. - 73.657.876/0001-89;Inativo;06/2009;cynara scolymus;incluido_alias_completo;Inativo;123970022;25351 033386 01 78;alcachofra orient;orient mix fitoterapicos do brasil ltda 73 657 876 0001 89;;;TRUE;1;Cynara scolymus;cynara scolymus l.
5;Alcachofra;REG:126090144;Cynara scolymus;cynara scolymus l.;55;Cynara_scolymus__cynara_scolymus_l.xlsx;ALCACHOFRA AMAZON ERVAS;;;REGISTRADO;126090144;25351.067917/2003-96;AMAZON ERVAS LABORATÓRIO BOTÂNICO LTDA - 05.501.937/0001-64;Inativo;06/2009;cynara scolymus;incluido_alias_completo;Inativo;126090144;25351 067917 2003 96;alcachofra amazon ervas;amazon ervas laboratorio botanico ltda 05 501 937 0001 64;;2003;TRUE;1;Cynara scolymus;cynara scolymus l.
5;Alcachofra;REG:128420026;Cynara scolymus;cynara scolymus l.;55;Cynara_scolymus__cynara_scolymus_l.xlsx;HEPAR COMPOSITUM AMPOLAS INJETÁVEIS;HEPAR COMPOSITUM;;REGISTRADO;128420026;25000.005320/98-09;PROBIOS COMÉRCIO IMPORTAÇÃO E EXPORTAÇÃO LTDA - 74.455.197/0001-90;Inativo;08/2007;cynara scolymus;incluido_alias_completo;Inativo;128420026;25000 005320 98 09;hepar compositum ampolas injetaveis;probios comercio importacao e exportacao ltda 74 455 197 0001 90;;;TRUE;1;Cynara scolymus;cynara scolymus l.
5;Alcachofra;REG:137070003;Cynara scolymus;cynara scolymus l.;55;Cynara_scolymus__cynara_scolymus_l.xlsx;ALCACHOFRA FLORA MEDICINAL;;;REGISTRADO;137070003;25351.024050/00-15;FLORA MEDICINAL J. MONTEIRO DA SILVA LTDA - 02.007.074/0001-85;Inativo;02/2006;cynara scolymus;incluido_alias_completo;Inativo;137070003;25351 024050 00 15;alcachofra flora medicinal;flora medicinal j monteiro da silva ltda 02 007 074 0001 85;;;TRUE;1;Cynara scolymus;cynara scolymus l.
5;Alcachofra;REG:137640093;Cynara scolymus;cynara scolymus l.;55;Cynara_scolymus__cynara_scolymus_l.xlsx;ALCACHOFRA COMPOSTA;;;REGISTRADO;137640093;25351.056726/2003-07;ASPEN PHARMA INDÚSTRIA FARMACÊUTICA LTDA - 02.433.631/0001-20;Inativo;03/2005;cynara scolymus;incluido_alias_completo;Inativo;137640093;25351 056726 2003 07;alcachofra composta;aspen pharma industria farmaceutica ltda 02 433 631 0001 20;;2003;TRUE;1;Cynara scolymus;cynara scolymus l.
5;Alcachofra;REG:137640116;Cynara scolymus;cynara scolymus l.;55;Cynara_scolymus__cynara_scolymus_l.xlsx;ALCACHOFRA ASPEN PHARMA;;cynara scolymus l.;REGISTRADO;137640116;25351.382148/2009-08;ASPEN PHARMA INDÚSTRIA FARMACÊUTICA LTDA - 02.433.631/0001-20;Ativo;12/2029;cynara scolymus;incluido_alias_completo;Ativo;137640116;25351 382148 2009 08;alcachofra aspen pharma;aspen pharma industria farmaceutica ltda 02 433 631 0001 20;cynara scolymus l;2009;TRUE;1;Cynara scolymus;cynara scolymus l.
5;Alcachofra;REG:138100012;Cynara scolymus;cynara scolymus l.;55;Cynara_scolymus__cynara_scolymus_l.xlsx;ALCAHERB;;;REGISTRADO;138100012;25351.001590/02-65;LABORATORIO QUIMICO FARMACEUTICO TIARAJU LTDA. - 94.022.654/0001-60;Inativo;03/2028;cynara scolymus;incluido_alias_completo;Inativo;138100012;25351 001590 02 65;alcaherb;laboratorio quimico farmaceutico tiaraju ltda 94 022 654 0001 60;;;TRUE;1;Cynara scolymus;cynara scolymus l.
5;Alcachofra;REG:138410056;Cynara scolymus;cynara scolymus l.;55;Cynara_scolymus__cynara_scolymus_l.xlsx;ALCACHOFRA NATULAB;;cynara scolymus l.;REGISTRADO;138410056;25351.199493/2012-18;NATULAB LABORATORIO S.A - 02.456.955/0001-83;Ativo;07/2028;cynara scolymus;incluido_alias_completo;Ativo;138410056;25351 199493 2012 18;alcachofra natulab;natulab laboratorio s a 02 456 955 0001 83;cynara scolymus l;2012;TRUE;1;Cynara scolymus;cynara scolymus l.
5;Alcachofra;REG:142570051;Cynara scolymus;cynara scolymus l.;55;Cynara_scolymus__cynara_scolymus_l.xlsx;ALCACHOFRA;;;REGISTRADO;142570051;25351.040027/01-95;LUCIOMED FARMACÊUTICA DO BRASIL LTDA - 01.845.448/0001-79;Inativo;09/2007;cynara scolymus;incluido_alias_completo;Inativo;142570051;25351 040027 01 95;alcachofra;luciomed farmaceutica do brasil ltda 01 845 448 0001 79;;;TRUE;1;Cynara scolymus;cynara scolymus l.
5;Alcachofra;REG:144930033;Cynara scolymus;cynara scolymus l.;55;Cynara_scolymus__cynara_scolymus_l.xlsx;ALCAGEST;;cynara scolymus l.;REGISTRADO;144930033;25351.025791/2003-82;AIRELA INDÚSTRIA FARMACÊUTICA LTDA. - 01.858.973/0001-29;Ativo;11/2028;cynara scolymus;incluido_alias_completo;Ativo;144930033;25351 025791 2003 82;alcagest;airela industria farmaceutica ltda 01 858 973 0001 29;cynara scolymus l;2003;TRUE;1;Cynara scolymus;cynara scolymus l.
5;Alcachofra;REG:144930075;Cynara scolymus;cynara scolymus l.;55;Cynara_scolymus__cynara_scolymus_l.xlsx;ALCACHOFRA AIRELA;;cynara scolymus l.;REGISTRADO;144930075;25351.762699/2023-41;AIRELA INDÚSTRIA FARMACÊUTICA LTDA. - 01.858.973/0001-29;Ativo;01/2034;cynara scolymus;incluido_alias_completo;Ativo;144930075;25351 762699 2023 41;alcachofra airela;airela industria farmaceutica ltda 01 858 973 0001 29;cynara scolymus l;2023;TRUE;1;Cynara scolymus;cynara scolymus l.
5;Alcachofra;REG:145010010;Cynara scolymus;cynara scolymus l.;55;Cynara_scolymus__cynara_scolymus_l.xlsx;ALCACHOFRA BRASMED;;;REGISTRADO;145010010;25351.060898/2003-77;BRASMED BOTÂNICA E FARMACÊUTICA LTDA - 00.660.703/0001-46;Inativo;09/2009;cynara scolymus;incluido_alias_completo;Inativo;145010010;25351 060898 2003 77;alcachofra brasmed;brasmed botanica e farmaceutica ltda 00 660 703 0001 46;;2003;TRUE;1;Cynara scolymus;cynara scolymus l.
5;Alcachofra;REG:146820018;Cynara scolymus;cynara scolymus l.;55;Cynara_scolymus__cynara_scolymus_l.xlsx;ALCACHOFRA TKS;;;REGISTRADO;146820018;25351.203579/2008-77;SUN FARMACÊUTICA DO BRASIL LTDA - 05.035.244/0001-23;Inativo;03/2015;cynara scolymus;incluido_alias_completo;Inativo;146820018;25351 203579 2008 77;alcachofra tks;sun farmaceutica do brasil ltda 05 035 244 0001 23;;2008;TRUE;1;Cynara scolymus;cynara scolymus l.
5;Alcachofra;REG:148730002;Cynara scolymus;cynara scolymus l.;55;Cynara_scolymus__cynara_scolymus_l.xlsx;TAFNA;;;REGISTRADO;148730002;25351.207819/2002-17;FITOMINAS FITOTERÁPICA LTDA - 03.605.741/0001-94;Inativo;12/2007;cynara scolymus;incluido_alias_completo;Inativo;148730002;25351 207819 2002 17;tafna;fitominas fitoterapica ltda 03 605 741 0001 94;;2002;TRUE;1;Cynara scolymus;cynara scolymus l.
5;Alcachofra;REG:152750001;Cynara scolymus;cynara scolymus l.;55;Cynara_scolymus__cynara_scolymus_l.xlsx;HEPATOZAN;;;REGISTRADO;152750001;25351.013122/2003-68;TAUENS FARMACÊUTICA LTDA - 04.246.660/0001-08;Inativo;07/2013;cynara scolymus;incluido_alias_completo;Inativo;152750001;25351 013122 2003 68;hepatozan;tauens farmaceutica ltda 04 246 660 0001 08;;2003;TRUE;1;Cynara scolymus;cynara scolymus l.
5;Alcachofra;REG:154000040;Cynara scolymus;cynara scolymus l.;55;Cynara_scolymus__cynara_scolymus_l.xlsx;LINEVIT;;cynara scolymus l.;REGISTRADO;154000040;25351.000558/2003-97;LABORATÓRIO VITALAB LTDA - 56.646.953/0001-86;Ativo;06/2028;cynara scolymus;incluido_alias_completo;Ativo;154000040;25351 000558 2003 97;linevit;laboratorio vitalab ltda 56 646 953 0001 86;cynara scolymus l;2003;TRUE;1;Cynara scolymus;cynara scolymus l.
5;Alcachofra;REG:154000048;Cynara scolymus;cynara scolymus l.;55;Cynara_scolymus__cynara_scolymus_l.xlsx;ALCACHOFRA COMPOSTA;;;REGISTRADO;154000048;25351.423249/2005-53;LABORATÓRIO VITALAB LTDA - 56.646.953/0001-86;Inativo;07/2007;cynara scolymus;incluido_alias_completo;Inativo;154000048;25351 423249 2005 53;alcachofra composta;laboratorio vitalab ltda 56 646 953 0001 86;;2005;TRUE;1;Cynara scolymus;cynara scolymus l.
5;Alcachofra;REG:155590009;Cynara scolymus;cynara scolymus l.;55;Cynara_scolymus__cynara_scolymus_l.xlsx;ALCACHOFRA FLORA MEDICINAL;;;REGISTRADO;155590009;25351.011180/2004-38;INDUSTRIA E COMERCIO DE COSMETICOS NATURA LTDA - 00.190.373/0001-72;Inativo;02/2011;cynara scolymus;incluido_alias_completo;Inativo;155590009;25351 011180 2004 38;alcachofra flora medicinal;industria e comercio de cosmeticos natura ltda 00 190 373 0001 72;;2004;TRUE;1;Cynara scolymus;cynara scolymus l.
5;Alcachofra;REG:155840403;Cynara scolymus;cynara scolymus l.;55;Cynara_scolymus__cynara_scolymus_l.xlsx;ALCAFLOR UNO;;;REGISTRADO;155840403;25351.531940/2012-77;BRAINFARMA INDÚSTRIA QUÍMICA E FARMACÊUTICA S.A - 05.161.069/0001-10;Inativo;09/2020;cynara scolymus;incluido_alias_completo;Inativo;155840403;25351 531940 2012 77;alcaflor uno;brainfarma industria quimica e farmaceutica s a 05 161 069 0001 10;;2012;TRUE;1;Cynara scolymus;cynara scolymus l.
5;Alcachofra;REG:155900006;Cynara scolymus;cynara scolymus l.;55;Cynara_scolymus__cynara_scolymus_l.xlsx;CHOPHYTOL;;cynara scolymus l.;REGISTRADO;155900006;25351.671440/2019-13;MR PHARMA LTDA - 23.668.196/0001-92;Ativo;08/2030;cynara scolymus;incluido_alias_completo;Ativo;155900006;25351 671440 2019 13;chophytol;mr pharma ltda 23 668 196 0001 92;cynara scolymus l;2019;TRUE;1;Cynara scolymus;cynara scolymus l.
5;Alcachofra;REG:172870467;Cynara scolymus;cynara scolymus l.;55;Cynara_scolymus__cynara_scolymus_l.xlsx;ALCAFLOR UNO;;;REGISTRADO;172870467;25351.516778/2011-84;Hypera S.A. - 02.932.074/0001-91;Inativo;05/2013;cynara scolymus;incluido_alias_completo;Inativo;172870467;25351 516778 2011 84;alcaflor uno;hypera s a 02 932 074 0001 91;;2011;TRUE;1;Cynara scolymus;cynara scolymus l.
6;Alcaçuz;REG:100470217;glycyrrhiza glabra;glycyrrhiza glabra;291;glycyrrhiza_glabra__GLYCYRRHIZA_GLABRA.xlsx;FRUTALAX;;;REGISTRADO;100470217;25001.005043/82;SANDOZ DO BRASIL INDÚSTRIA FARMACÊUTICA LTDA - 61.286.647/0001-16;Inativo;04/2008;glycyrrhiza glabra;incluido_alias_completo;Inativo;100470217;25001 005043 82;frutalax;sandoz do brasil industria farmaceutica ltda 61 286 647 0001 16;;;TRUE;1;glycyrrhiza glabra;glycyrrhiza glabra
6;Alcaçuz;REG:100890187;glycyrrhiza glabra;glycyrrhiza glabra;291;glycyrrhiza_glabra__GLYCYRRHIZA_GLABRA.xlsx;LAXTAM;;;REGISTRADO;100890187;25001.015641/85;MERCK S/A - 33.069.212/0001-84;Inativo;03/2008;glycyrrhiza glabra;incluido_alias_completo;Inativo;100890187;25001 015641 85;laxtam;merck s a 33 069 212 0001 84;;;TRUE;1;glycyrrhiza glabra;glycyrrhiza glabra
6;Alcaçuz;REG:101550085;Periandra mediterranea;periandra mediterranea (vell.) taub.;122;Periandra_mediterranea__periandra_mediterranea_vell._taub.xlsx;TAMARIL;;;REGISTRADO;101550085;25001.007502/87;MARJAN INDÚSTRIA E COMÉRCIO LTDA - 60.726.692/0001-81;Inativo;05/2010;periandra mediterranea;incluido_alias_completo;Inativo;101550085;25001 007502 87;tamaril;marjan industria e comercio ltda 60 726 692 0001 81;;;TRUE;1;Periandra mediterranea;periandra mediterranea (vell.) taub.
6;Alcaçuz;REG:101910061;glycyrrhiza glabra;glycyrrhiza glabra l.;293;glycyrrhiza_glabra__glycyrrhiza_glabra_l.xlsx;CAMOMILINA C;;matricaria chamomilla l., glycyrrhiza glabra l., ácido ascórbico, colecalciferol;REGISTRADO;101910061;25992.000773/18;THERASKIN FARMACEUTICA LTDA. - 61.517.397/0001-88;Ativo;07/2026;glycyrrhiza glabra;incluido_alias_completo;Ativo;101910061;25992 000773 18;camomilina c;theraskin farmaceutica ltda 61 517 397 0001 88;matricaria chamomilla l glycyrrhiza glabra l acido ascorbico colecalciferol;;TRUE;1;glycyrrhiza glabra;glycyrrhiza glabra l.
6;Alcaçuz;REG:103940550;glycyrrhiza glabra;glycyrrhiza glabra;291;glycyrrhiza_glabra__GLYCYRRHIZA_GLABRA.xlsx;TAMARINE;;;REGISTRADO;103940550;25351.077850/2009-21;LABORATÓRIO AMERICANO DE FARMACOTERAPIA S/A - 61.150.819/0001-20;Inativo;04/2010;glycyrrhiza glabra;incluido_alias_completo;Inativo;103940550;25351 077850 2009 21;tamarine;laboratorio americano de farmacoterapia s a 61 150 819 0001 20;;2009;TRUE;1;glycyrrhiza glabra;glycyrrhiza glabra
6;Alcaçuz;REG:104640009;glycyrrhiza glabra;glycyrrhiza glabra l.;293;glycyrrhiza_glabra__glycyrrhiza_glabra_l.xlsx;TAMARINE;;;REGISTRADO;104640009;25001.014352/84;BARRENNE INDÚSTRIA FARMACÊUTICA LTDA - 33.043.308/0001-73;Inativo;08/2009;glycyrrhiza glabra;incluido_alias_completo;Inativo;104640009;25001 014352 84;tamarine;barrenne industria farmaceutica ltda 33 043 308 0001 73;;;TRUE;1;glycyrrhiza glabra;glycyrrhiza glabra l.
6;Alcaçuz;REG:104670278;glycyrrhiza glabra;glycyrrhiza glabra;291;glycyrrhiza_glabra__GLYCYRRHIZA_GLABRA.xlsx;CHÁ DE ESPECIES LAXATIVAS FARMAERVAS;;;REGISTRADO;104670278;25001.015872/72;LABORATORIO FARMAERVAS LTDA - 60.565.520/0001-73;Inativo;05/2003;glycyrrhiza glabra;incluido_alias_completo;Inativo;104670278;25001 015872 72;cha de especies laxativas farmaervas;laboratorio farmaervas ltda 60 565 520 0001 73;;;TRUE;1;glycyrrhiza glabra;glycyrrhiza glabra
6;Alcaçuz;REG:107150082;Periandra mediterranea;periandra mediterranea (vell.) taub.;122;Periandra_mediterranea__periandra_mediterranea_vell._taub.xlsx;FLORLAX;;;REGISTRADO;107150082;25000.002825/89;CAZI QUIMICA FARMACEUTICA INDUSTRIA E COMERCIO LTDA - 44.010.437/0001-81;Inativo;03/2005;periandra mediterranea;incluido_alias_completo;Inativo;107150082;25000 002825 89;florlax;cazi quimica farmaceutica industria e comercio ltda 44 010 437 0001 81;;;TRUE;1;Periandra mediterranea;periandra mediterranea (vell.) taub.
6;Alcaçuz;REG:112700020;glycyrrhiza glabra;glycyrrhiza glabra l.;293;glycyrrhiza_glabra__glycyrrhiza_glabra_l.xlsx;SENE + ASSOCIACOES;FONTOLAX;;REGISTRADO;112700020;25000.008797/92-24;FONTOVIT LABORATORIOS SA - 53.249.736/0001-64;Inativo;08/2009;glycyrrhiza glabra;incluido_alias_completo;Inativo;112700020;25000 008797 92 24;sene associacoes;fontovit laboratorios sa 53 249 736 0001 64;;;TRUE;1;glycyrrhiza glabra;glycyrrhiza glabra l.
6;Alcaçuz;REG:115570039;glycyrrhiza glabra;glycyrrhiza glabra l.;293;glycyrrhiza_glabra__glycyrrhiza_glabra_l.xlsx;BREFUS;;;REGISTRADO;115570039;25351.011477/00-17;INFAN INDUSTRIA QUIMICA FARMACEUTICA NACIONAL S/A - 08.939.548/0001-03;Inativo;01/2011;glycyrrhiza glabra;incluido_alias_completo;Inativo;115570039;25351 011477 00 17;brefus;infan industria quimica farmaceutica nacional s a 08 939 548 0001 03;;;TRUE;1;glycyrrhiza glabra;glycyrrhiza glabra l.
6;Alcaçuz;REG:115700026;glycyrrhiza glabra;glycyrrhiza glabra l.;293;glycyrrhiza_glabra__glycyrrhiza_glabra_l.xlsx;EXPECTOREX;;;REGISTRADO;115700026;25351.032973/01-68;INDÚSTRIA FARMACÊUTICA SANTA TEREZINHA LTDA - EPP - 79.648.523/0001-07;Inativo;02/2017;glycyrrhiza glabra;incluido_alias_completo;Inativo;115700026;25351 032973 01 68;expectorex;industria farmaceutica santa terezinha ltda epp 79 648 523 0001 07;;;TRUE;1;glycyrrhiza glabra;glycyrrhiza glabra l.
6;Alcaçuz;REG:118600049;glycyrrhiza glabra;glycyrrhiza glabra;291;glycyrrhiza_glabra__GLYCYRRHIZA_GLABRA.xlsx;ALCALERGIN;;;REGISTRADO;118600049;25351.049950/2003-34;HERBARIUM LABORATORIO BOTANICO LTDA - 78.950.011/0001-20;Inativo;01/2009;glycyrrhiza glabra;incluido_alias_completo;Inativo;118600049;25351 049950 2003 34;alcalergin;herbarium laboratorio botanico ltda 78 950 011 0001 20;;2003;TRUE;1;glycyrrhiza glabra;glycyrrhiza glabra
6;Alcaçuz;REG:118600091;glycyrrhiza glabra;glycyrrhiza glabra;291;glycyrrhiza_glabra__GLYCYRRHIZA_GLABRA.xlsx;ALCATOSS  XAROPE;;;REGISTRADO;118600091;25351.611046/2008-65;HERBARIUM LABORATORIO BOTANICO LTDA - 78.950.011/0001-20;Inativo;06/2019;glycyrrhiza glabra;incluido_alias_completo;Inativo;118600091;25351 611046 2008 65;alcatoss xarope;herbarium laboratorio botanico ltda 78 950 011 0001 20;;2008;TRUE;1;glycyrrhiza glabra;glycyrrhiza glabra
6;Alcaçuz;REG:122830087;glycyrrhiza glabra;glycyrrhiza glabra;291;glycyrrhiza_glabra__GLYCYRRHIZA_GLABRA.xlsx;NOVOLAX;;;REGISTRADO;122830087;25000.008809/88;DM INDÚSTRIA FARMACÊUTICA LTDA - 67.866.665/0002-34;Inativo;07/2004;glycyrrhiza glabra;incluido_alias_completo;Inativo;122830087;25000 008809 88;novolax;dm industria farmaceutica ltda 67 866 665 0002 34;;;TRUE;1;glycyrrhiza glabra;glycyrrhiza glabra
6;Alcaçuz;REG:135310031;glycyrrhiza glabra;glycyrrhiza glabra l.;293;glycyrrhiza_glabra__glycyrrhiza_glabra_l.xlsx;MEGTOSS;;;REGISTRADO;135310031;25351.516353/2010-15;IFAL INDUSTRIA E COMERCIO DE PRODUTOS FARMAC LTDA - 00.376.959/0001-26;Inativo;07/2037;glycyrrhiza glabra;incluido_alias_completo;Inativo;135310031;25351 516353 2010 15;megtoss;ifal industria e comercio de produtos farmac ltda 00 376 959 0001 26;;2010;TRUE;1;glycyrrhiza glabra;glycyrrhiza glabra l.
6;Alcaçuz;REG:137070002;glycyrrhiza glabra;glycyrrhiza glabra l.;293;glycyrrhiza_glabra__glycyrrhiza_glabra_l.xlsx;ALCAÇUZ FLORA MEDICINAL;ALCACHOFRA FLORA MEDICINAL;;REGISTRADO;137070002;25351.023135/00-31;FLORA MEDICINAL J. MONTEIRO DA SILVA LTDA - 02.007.074/0001-85;Inativo;02/2006;glycyrrhiza glabra;incluido_alias_completo;Inativo;137070002;25351 023135 00 31;alcacuz flora medicinal;flora medicinal j monteiro da silva ltda 02 007 074 0001 85;;;TRUE;1;glycyrrhiza glabra;glycyrrhiza glabra l.
6;Alcaçuz;REG:155590923;glycyrrhiza glabra;glycyrrhiza glabra l.;293;glycyrrhiza_glabra__glycyrrhiza_glabra_l.xlsx;ALCAÇUZ FLORA MEDICINAL;;;REGISTRADO;155590923;25351.044012/2004-29;INDUSTRIA E COMERCIO DE COSMETICOS NATURA LTDA - 00.190.373/0001-72;Inativo;02/2006;glycyrrhiza glabra;incluido_alias_completo;Inativo;155590923;25351 044012 2004 29;alcacuz flora medicinal;industria e comercio de cosmeticos natura ltda 00 190 373 0001 72;;2004;TRUE;1;glycyrrhiza glabra;glycyrrhiza glabra l.
6;Alcaçuz;REG:172870053;glycyrrhiza glabra;glycyrrhiza glabra;291;glycyrrhiza_glabra__GLYCYRRHIZA_GLABRA.xlsx;TAMARINE;;;REGISTRADO;172870053;25351.333230/2009-19;Hypera S.A. - 02.932.074/0001-91;Inativo;04/2010;glycyrrhiza glabra;incluido_alias_completo;Inativo;172870053;25351 333230 2009 19;tamarine;hypera s a 02 932 074 0001 91;;2009;TRUE;1;glycyrrhiza glabra;glycyrrhiza glabra
7;Alecrim;REG:102970009;Rosmarinus officinalis;rosmarinus officinalis l.;142;Rosmarinus_officinalis__rosmarinus_officinalis_l.xlsx;JAMAIQUINHA CHA;;;REGISTRADO;102970009;25992.002362/73;LABORATÓRIO FARMACÊUTICO PAGE LTDA - 92.765.973/0001-30;Inativo;10/2013;rosmarinus officinalis;incluido_alias_completo;Inativo;102970009;25992 002362 73;jamaiquinha cha;laboratorio farmaceutico page ltda 92 765 973 0001 30;;;TRUE;1;Rosmarinus officinalis;rosmarinus officinalis l.
7;Alecrim;REG:104450060;Rosmarinus officinalis;rosmarinus officinalis l.;142;Rosmarinus_officinalis__rosmarinus_officinalis_l.xlsx;TEREBENTINA + ASSOCIAÇÕES;GELOBOLL;;REGISTRADO;104450060;25001.025571/84;LABORATORIO SINTERAPICO INDUSTRIAL FTCO LTDA - 46.741.922/0001-50;Inativo;05/2005;rosmarinus officinalis;incluido_alias_completo;Inativo;104450060;25001 025571 84;terebentina associacoes;laboratorio sinterapico industrial ftco ltda 46 741 922 0001 50;;;TRUE;1;Rosmarinus officinalis;rosmarinus officinalis l.
7;Alecrim;REG:110330001;alecrim;essência de alecrim;190;alecrim__ESSÊNCIA_DE_ALECRIM.xlsx;GELOGOOL;GELOGOLL;;REGISTRADO;110330001;25000.011666/92-24;SOCIEDADE FARMACÊUTICA HENFER LTDA - 42.493.502/0001-41;Inativo;03/2008;alecrim;incluido_alias_completo;Inativo;110330001;25000 011666 92 24;gelogool;sociedade farmaceutica henfer ltda 42 493 502 0001 41;;;TRUE;1;alecrim;essência de alecrim
7;Alecrim;REG:118610115;Rosmarinus officinalis;rosmarinus officinalis l.;142;Rosmarinus_officinalis__rosmarinus_officinalis_l.xlsx;ALRINTE;;;REGISTRADO;118610115;25351.034288/01-94;ATIVUS FARMACÊUTICA LTDA - 64.088.172/0001-41;Inativo;09/2012;rosmarinus officinalis;incluido_alias_completo;Inativo;118610115;25351 034288 01 94;alrinte;ativus farmaceutica ltda 64 088 172 0001 41;;;TRUE;1;Rosmarinus officinalis;rosmarinus officinalis l.
7;Alecrim;REG:120290001;Rosmarinus officinalis;óleo da folha de rosmarinus officinalis (alecrim);143;Rosmarinus_officinalis__óleo_da_folha_de_rosmarinus_officinalis_alecrim.xlsx;RAPID GEL;;;REGISTRADO;120290001;25000.011352/95-29;INDUSTRIA FARMACEUTICA E PERFUMARIA BIOKOSMA LTDA - 64.668.981/0001-22;Inativo;03/2004;rosmarinus officinalis;incluido_alias_completo;Inativo;120290001;25000 011352 95 29;rapid gel;industria farmaceutica e perfumaria biokosma ltda 64 668 981 0001 22;;;TRUE;2;alecrim | Rosmarinus officinalis;óleo da folha de rosmarinus officinalis (alecrim)
7;Alecrim;REG:120600008;alecrim;essência de alecrim;190;alecrim__ESSÊNCIA_DE_ALECRIM.xlsx;GELAPON;;;REGISTRADO;120600008;25000.003529/97-11;LAPON INDUSTRIA FARMACEUTICA LTDA - EPP - 35.356.799/0001-38;Inativo;07/2005;alecrim;incluido_alias_completo;Inativo;120600008;25000 003529 97 11;gelapon;lapon industria farmaceutica ltda epp 35 356 799 0001 38;;;TRUE;1;alecrim;essência de alecrim
7;Alecrim;REG:123420001;Rosmarinus officinalis;rosmarinus officinalis l.;142;Rosmarinus_officinalis__rosmarinus_officinalis_l.xlsx;CANEPHRON;;centaurium erythraea rafn, levisticum officinale w.d.j.koch, rosmarinus officinalis l.;REGISTRADO;123420001;25351.703678/2021-21;BIONORICA DO BRASIL DISTRIBUICAO E IMPORTACAO LTDA - 19.585.186/0001-16;Ativo;08/2033;rosmarinus officinalis;incluido_alias_completo;Ativo;123420001;25351 703678 2021 21;canephron;bionorica do brasil distribuicao e importacao ltda 19 585 186 0001 16;centaurium erythraea rafn levisticum officinale w d j koch rosmarinus officinalis l;2021;TRUE;1;Rosmarinus officinalis;rosmarinus officinalis l.
10;Alho;REG:100470362;Allium sativum;allium sativum l.;8;Allium_sativum__allium_sativum_l.xlsx;ALLIUMHEXAL;;;REGISTRADO;100470362;25351.015505/01-83;SANDOZ DO BRASIL INDÚSTRIA FARMACÊUTICA LTDA - 61.286.647/0001-16;Inativo;03/2007;allium sativum;incluido_alias_completo;Inativo;100470362;25351 015505 01 83;alliumhexal;sandoz do brasil industria farmaceutica ltda 61 286 647 0001 16;;;TRUE;1;Allium sativum;allium sativum l.
10;Alho;REG:102660065;Allium sativum;allium sativum l.;8;Allium_sativum__allium_sativum_l.xlsx;COMPLEXO HOMEOPÁTICO GELSEMIUM ALMEIDA PRADO 5;COMPLEXO HOMEOPATICO GELSEMIUM ALMEIDA PRADO 5;;REGISTRADO;102660065;25992.017368/70;FARMÁCIA E LABORATÓRIO HOMEOPÁTICO ALMEIDA PRADO LTDA - 60.862.208/0001-41;Inativo;03/2026;allium sativum;incluido_alias_completo;Inativo;102660065;25992 017368 70;complexo homeopatico gelsemium almeida prado 5;farmacia e laboratorio homeopatico almeida prado ltda 60 862 208 0001 41;;;TRUE;1;Allium sativum;allium sativum l.
10;Alho;REG:102660117;Allium sativum;allium sativum l.;8;Allium_sativum__allium_sativum_l.xlsx;GRIPEMED;;;REGISTRADO;102660117;25992.015123/74;FARMÁCIA E LABORATÓRIO HOMEOPÁTICO ALMEIDA PRADO LTDA - 60.862.208/0001-41;Inativo;01/2005;allium sativum;incluido_alias_completo;Inativo;102660117;25992 015123 74;gripemed;farmacia e laboratorio homeopatico almeida prado ltda 60 862 208 0001 41;;;TRUE;1;Allium sativum;allium sativum l.
10;Alho;REG:102660159;Allium sativum;allium sativum l.;8;Allium_sativum__allium_sativum_l.xlsx;GRIPEMED;;;REGISTRADO;102660159;25351.326784/2006-48;FARMÁCIA E LABORATÓRIO HOMEOPÁTICO ALMEIDA PRADO LTDA - 60.862.208/0001-41;Inativo;08/2027;allium sativum;incluido_alias_completo;Inativo;102660159;25351 326784 2006 48;gripemed;farmacia e laboratorio homeopatico almeida prado ltda 60 862 208 0001 41;;2006;TRUE;1;Allium sativum;allium sativum l.
10;Alho;REG:104041974;Allium sativum;allium sativum l.;8;Allium_sativum__allium_sativum_l.xlsx;ALHO LUPER;;;REGISTRADO;104041974;25351.135747/2005-41;LUPER INDÚSTRIA FARMACÊUTICA LTDA - 61.299.111/0001-35;Inativo;08/2010;allium sativum;incluido_alias_completo;Inativo;104041974;25351 135747 2005 41;alho luper;luper industria farmaceutica ltda 61 299 111 0001 35;;2005;TRUE;1;Allium sativum;allium sativum l.
10;Alho;REG:105760073;Allium sativum;allium sativum l.;8;Allium_sativum__allium_sativum_l.xlsx;ÓLEO DE ALHO SIMÕES;;;REGISTRADO;105760073;25001.012875/83;LABORATORIO SIMOES LTDA. - 33.379.884/0001-96;Inativo;06/2005;allium sativum;incluido_alias_completo;Inativo;105760073;25001 012875 83;oleo de alho simoes;laboratorio simoes ltda 33 379 884 0001 96;;;TRUE;1;Allium sativum;allium sativum l.
10;Alho;REG:105760114;Allium sativum;allium sativum l.;8;Allium_sativum__allium_sativum_l.xlsx;GRIPALLIUM;;;REGISTRADO;105760114;25991.000526/79;LABORATORIO SIMOES LTDA. - 33.379.884/0001-96;Inativo;10/1994;allium sativum;incluido_alias_completo;Inativo;105760114;25991 000526 79;gripallium;laboratorio simoes ltda 33 379 884 0001 96;;;TRUE;1;Allium sativum;allium sativum l.
10;Alho;REG:112700006;Allium sativum;allium sativum l.;8;Allium_sativum__allium_sativum_l.xlsx;OLEO DE ALHO FONTOVIT;;;REGISTRADO;112700006;25000.010812/84;FONTOVIT LABORATORIOS SA - 53.249.736/0001-64;Inativo;03/2010;allium sativum;incluido_alias_completo;Inativo;112700006;25000 010812 84;oleo de alho fontovit;fontovit laboratorios sa 53 249 736 0001 64;;;TRUE;1;Allium sativum;allium sativum l.
10;Alho;REG:112920003;alho;óleo de alho;196;alho__ÓLEO_DE_ALHO.xlsx;OLEO DE ALHO CRU VITERNAT;;;REGISTRADO;112920003;25001.022441/84;VITERNAT LABORATORIOS LTDA - 49.794.928/0001-84;Inativo;03/2000;alho;incluido_alias_completo;Inativo;112920003;25001 022441 84;oleo de alho cru viternat;viternat laboratorios ltda 49 794 928 0001 84;;;TRUE;1;alho;óleo de alho
10;Alho;REG:118600002;Allium sativum;allium sativum l.;8;Allium_sativum__allium_sativum_l.xlsx;ÓLEO DE ALHO;;;REGISTRADO;118600002;25023.220373/96;HERBARIUM LABORATORIO BOTANICO LTDA - 78.950.011/0001-20;Inativo;11/2005;allium sativum;incluido_alias_completo;Inativo;118600002;25023 220373 96;oleo de alho;herbarium laboratorio botanico ltda 78 950 011 0001 20;;;TRUE;1;Allium sativum;allium sativum l.
14;Anis / Erva-doce / Anis-doce;REG:100490101;Pimpinella anisum;pimpinella anisum l.;127;Pimpinella_anisum__pimpinella_anisum_l.xlsx;PERTOSS;;;REGISTRADO;100490101;25001.002246/60;LABORATÓRIO SAÚDE LTDA - 91.671.792/0001-81;Inativo;06/2009;pimpinella anisum;incluido_alias_completo;Inativo;100490101;25001 002246 60;pertoss;laboratorio saude ltda 91 671 792 0001 81;;;TRUE;1;Pimpinella anisum;pimpinella anisum l.
14;Anis / Erva-doce / Anis-doce;REG:102860017;Pimpinella anisum;pimpinella anisum l.;127;Pimpinella_anisum__pimpinella_anisum_l.xlsx;ESPÉCIES PURGATIVAS LAXO FLORAL;;;REGISTRADO;102860017;25992.033646/76;LABORATORIO SAUDE LTDA - 92.786.219/0001-86;Inativo;07/2004;pimpinella anisum;incluido_alias_completo;Inativo;102860017;25992 033646 76;especies purgativas laxo floral;laboratorio saude ltda 92 786 219 0001 86;;;TRUE;1;Pimpinella anisum;pimpinella anisum l.
14;Anis / Erva-doce / Anis-doce;REG:104730026;Pimpinella anisum;pimpinella anisum l.;127;Pimpinella_anisum__pimpinella_anisum_l.xlsx;Chá de Espécies Laxativas Klein;;;REGISTRADO;104730026;25001.006468/72;VIDORA FARMACÊUTICA LTDA - 92.762.277/0001-70;Inativo;10/2005;pimpinella anisum;incluido_alias_completo;Inativo;104730026;25001 006468 72;cha de especies laxativas klein;vidora farmaceutica ltda 92 762 277 0001 70;;;TRUE;1;Pimpinella anisum;pimpinella anisum l.
14;Anis / Erva-doce / Anis-doce;REG:105730320;anis;essência de anis;208;anis__essência_de_anis.xlsx;KAMILLOL;;;REGISTRADO;105730320;25351.072769/2004-11;ACHÉ LABORATÓRIOS FARMACÊUTICOS S.A - 60.659.463/0029-92;Inativo;01/2005;anis;incluido_alias_completo;Inativo;105730320;25351 072769 2004 11;kamillol;ache laboratorios farmaceuticos s a 60 659 463 0029 92;;2004;TRUE;1;anis;essência de anis
14;Anis / Erva-doce / Anis-doce;REG:121170061;anis;essência de anis;208;anis__essência_de_anis.xlsx;KAMILLOL;;;REGISTRADO;121170061;25991.013471/80;ASTA MÉDICA LTDA - 71.524.631/0001-58;Inativo;01/2005;anis;incluido_alias_completo;Inativo;121170061;25991 013471 80;kamillol;asta medica ltda 71 524 631 0001 58;;;TRUE;1;anis;essência de anis
15;Anis-estrelado;REG:102940130;Illicium verum;tintura de illicium verum;84;Illicium_verum__TINTURA_DE_ILLICIUM_VERUM.xlsx;DUCTOVERAN;;;REGISTRADO;102940130;25000.007365/90-52;NEOLATINA COMÉRCIO E INDÚSTRIA FARMACEUTICA S.A - 61.541.132/0001-15;Inativo;12/2007;illicium verum;incluido_alias_completo;Inativo;102940130;25000 007365 90 52;ductoveran;neolatina comercio e industria farmaceutica s a 61 541 132 0001 15;;;TRUE;1;Illicium verum;tintura de illicium verum
15;Anis-estrelado;REG:104040159;Illicium verum;illicium verum hook. f.;85;Illicium_verum__illicium_verum_hook._f.xlsx;ATROCALMAN;;;REGISTRADO;104040159;25001.007924/54;LUPER INDÚSTRIA FARMACÊUTICA LTDA - 61.299.111/0001-35;Inativo;12/2004;illicium verum;incluido_alias_completo;Inativo;104040159;25001 007924 54;atrocalman;luper industria farmaceutica ltda 61 299 111 0001 35;;;TRUE;1;Illicium verum;illicium verum hook. f.
15;Anis-estrelado;REG:104440092;Illicium verum;illicium verum hook. f.;85;Illicium_verum__illicium_verum_hook._f.xlsx;ATRONAX;;;REGISTRADO;104440092;25001.014395/85;LABORATÓRIO GROSS S. A. - 33.145.194/0001-72;Inativo;05/2006;illicium verum;incluido_alias_completo;Inativo;104440092;25001 014395 85;atronax;laboratorio gross s a 33 145 194 0001 72;;;TRUE;1;Illicium verum;illicium verum hook. f.
15;Anis-estrelado;REG:122830098;Illicium verum;illicium verum hook. f.;85;Illicium_verum__illicium_verum_hook._f.xlsx;ATROVERAN COMPOSTO;ATROVERAM COMPOSTO;;REGISTRADO;122830098;25001.001158/31;DM INDÚSTRIA FARMACÊUTICA LTDA - 67.866.665/0002-34;Inativo;04/2013;illicium verum;incluido_alias_completo;Inativo;122830098;25001 001158 31;atroveran composto;dm industria farmaceutica ltda 67 866 665 0002 34;;;TRUE;1;Illicium verum;illicium verum hook. f.
15;Anis-estrelado;REG:125;Illicium verum;illicium verum hook. f.;85;Illicium_verum__illicium_verum_hook._f.xlsx;PERFEITO DIGESTIVO;;;REGISTRADO;125;25001.012924/84;LAB REGIUS LTDA - 92.691.187/0001-35;Inativo;07/2004;illicium verum;incluido_alias_completo;Inativo;125;25001 012924 84;perfeito digestivo;lab regius ltda 92 691 187 0001 35;;;TRUE;1;Illicium verum;illicium verum hook. f.
15;Anis-estrelado;REG:172870035;Illicium verum;illicium verum hook. f.;85;Illicium_verum__illicium_verum_hook._f.xlsx;ATROVERAN COMPOSTO;;;REGISTRADO;172870035;25351.141556/2008-61;Hypera S.A. - 02.932.074/0001-91;Inativo;04/2013;illicium verum;incluido_alias_completo;Inativo;172870035;25351 141556 2008 61;atroveran composto;hypera s a 02 932 074 0001 91;;2008;TRUE;1;Illicium verum;illicium verum hook. f.
15;Anis-estrelado;REG:178170042;Illicium verum;illicium verum hook. f.;85;Illicium_verum__illicium_verum_hook._f.xlsx;ATROVERAN COMPOSTO;;;REGISTRADO;178170042;25351.645951/2009-86;COSMED INDUSTRIA DE COSMETICOS E MEDICAMENTOS S.A. - 61.082.426/0002-07;Inativo;09/2028;illicium verum;incluido_alias_completo;Inativo;178170042;25351 645951 2009 86;atroveran composto;cosmed industria de cosmeticos e medicamentos s a 61 082 426 0002 07;;2009;TRUE;1;Illicium verum;illicium verum hook. f.
16;Arnica;REG:100610004;arnica;arnica montana l.;215;arnica__arnica_montana_l.xlsx;ARNICA WELEDA;;arnica montana l.;REGISTRADO;100610004;25992.022954/75;WELEDA DO BRASIL LABORATÓRIO E FARMÁCIA LTDA - 56.992.217/0001-80;Ativo;03/2036;arnica montana;incluido_alias_completo;Ativo;100610004;25992 022954 75;arnica weleda;weleda do brasil laboratorio e farmacia ltda 56 992 217 0001 80;arnica montana l;;TRUE;2;arnica | arnica montana;arnica montana l.
16;Arnica;REG:100610011;arnica;arnica montana;213;arnica__arnica_montana.xlsx;CO-RHEUMODORON;;;REGISTRADO;100610011;25992.011525/75;WELEDA DO BRASIL LABORATÓRIO E FARMÁCIA LTDA - 56.992.217/0001-80;Inativo;08/2010;arnica montana;incluido_alias_completo;Inativo;100610011;25992 011525 75;co rheumodoron;weleda do brasil laboratorio e farmacia ltda 56 992 217 0001 80;;;TRUE;4;arnica | arnica montana;arnica montana | arnica montana l.
16;Arnica;REG:100610013;arnica;arnica montana l.;215;arnica__arnica_montana_l.xlsx;COMBUDORON;COMBUDORON POMADA, COMBUDORON SOLUÇÃO, COMBUDORON SPRAY, COMBUDORON GEL;;REGISTRADO;100610013;25992.010712/75;WELEDA DO BRASIL LABORATÓRIO E FARMÁCIA LTDA - 56.992.217/0001-80;Inativo;08/2005;arnica montana;incluido_alias_completo;Inativo;100610013;25992 010712 75;combudoron;weleda do brasil laboratorio e farmacia ltda 56 992 217 0001 80;;;TRUE;2;arnica | arnica montana;arnica montana l.
16;Arnica;REG:100610039;arnica;arnica montana l.;215;arnica__arnica_montana_l.xlsx;RHEUMODORON-1;RHEUMODORON 1 WELEDA;;REGISTRADO;100610039;25992.011527/75;WELEDA DO BRASIL LABORATÓRIO E FARMÁCIA LTDA - 56.992.217/0001-80;Inativo;08/2010;arnica montana;incluido_alias_completo;Inativo;100610039;25992 011527 75;rheumodoron 1;weleda do brasil laboratorio e farmacia ltda 56 992 217 0001 80;;;TRUE;2;arnica | arnica montana;arnica montana l.
16;Arnica;REG:100610041;arnica;arnica montana l.;215;arnica__arnica_montana_l.xlsx;WECESIN;WECESIN PÓ WELEDA, WECESIN SPRAY;;REGISTRADO;100610041;25992.019318/75;WELEDA DO BRASIL LABORATÓRIO E FARMÁCIA LTDA - 56.992.217/0001-80;Inativo;08/2010;arnica montana;incluido_alias_completo;Inativo;100610041;25992 019318 75;wecesin;weleda do brasil laboratorio e farmacia ltda 56 992 217 0001 80;;;TRUE;2;arnica | arnica montana;arnica montana l.
16;Arnica;REG:100610078;arnica;arnica montana l.;215;arnica__arnica_montana_l.xlsx;RHEUMA W;;;REGISTRADO;100610078;25992.007084/76;WELEDA DO BRASIL LABORATÓRIO E FARMÁCIA LTDA - 56.992.217/0001-80;Inativo;01/2007;arnica montana;incluido_alias_completo;Inativo;100610078;25992 007084 76;rheuma w;weleda do brasil laboratorio e farmacia ltda 56 992 217 0001 80;;;TRUE;2;arnica | arnica montana;arnica montana l.
16;Arnica;REG:101590039;arnica;arnica montana l.;215;arnica__arnica_montana_l.xlsx;TINTURA DE ARNICA;;;REGISTRADO;101590039;25351.170936/2002-18;SIDEPAL INDUSTRIAL COMERCIAL LTDA - 61.374.823/0001-71;Inativo;04/2008;arnica montana;incluido_alias_completo;Inativo;101590039;25351 170936 2002 18;tintura de arnica;sidepal industrial comercial ltda 61 374 823 0001 71;;2002;TRUE;2;arnica | arnica montana;arnica montana l.
16;Arnica;REG:102100050;arnica;arnica montana l.;215;arnica__arnica_montana_l.xlsx;ARNICA MONTANA ADV;;;REGISTRADO;102100050;25351.054614/2007-37;LABORATORIO TAYUYNA LTDA - 60.879.848/0001-64;Inativo;09/2027;arnica montana;incluido_alias_completo;Inativo;102100050;25351 054614 2007 37;arnica montana adv;laboratorio tayuyna ltda 60 879 848 0001 64;;2007;TRUE;2;arnica | arnica montana;arnica montana l.
16;Arnica;REG:102660087;arnica;arnica montana l.;215;arnica__arnica_montana_l.xlsx;COMPLEXO HOMEOPÁTICO ARNICA MONTANA ALMEIDA PRADO Nº45;;;REGISTRADO;102660087;25992.017403/70;FARMÁCIA E LABORATÓRIO HOMEOPÁTICO ALMEIDA PRADO LTDA - 60.862.208/0001-41;Inativo;03/2011;arnica montana;incluido_alias_completo;Inativo;102660087;25992 017403 70;complexo homeopatico arnica montana almeida prado n 45;farmacia e laboratorio homeopatico almeida prado ltda 60 862 208 0001 41;;;TRUE;2;arnica | arnica montana;arnica montana l.
16;Arnica;REG:102660167;arnica;arnica montana;213;arnica__arnica_montana.xlsx;HOMEOFLAN;;;REGISTRADO;102660167;25351.540873/2008-67;FARMÁCIA E LABORATÓRIO HOMEOPÁTICO ALMEIDA PRADO LTDA - 60.862.208/0001-41;Inativo;12/2028;arnica montana;incluido_alias_completo;Inativo;102660167;25351 540873 2008 67;homeoflan;farmacia e laboratorio homeopatico almeida prado ltda 60 862 208 0001 41;;2008;TRUE;2;arnica | arnica montana;arnica montana
16;Arnica;REG:102660169;arnica;arnica montana;213;arnica__arnica_montana.xlsx;ARNICA PRÉPÓS;;;REGISTRADO;102660169;25351.540800/2008-75;FARMÁCIA E LABORATÓRIO HOMEOPÁTICO ALMEIDA PRADO LTDA - 60.862.208/0001-41;Inativo;02/2029;arnica montana;incluido_alias_completo;Inativo;102660169;25351 540800 2008 75;arnica prepos;farmacia e laboratorio homeopatico almeida prado ltda 60 862 208 0001 41;;2008;TRUE;2;arnica | arnica montana;arnica montana
16;Arnica;REG:103700401;arnica;tintura de arnica;211;arnica__TINTURA_DE_ARNICA.xlsx;TEUTÔNICO;;;REGISTRADO;103700401;25351.217268/2002-08;LABORATÓRIO TEUTO BRASILEIRO S/A - 17.159.229/0001-76;Inativo;05/2008;arnica;incluido_alias_completo;Inativo;103700401;25351 217268 2002 08;teutonico;laboratorio teuto brasileiro s a 17 159 229 0001 76;;2002;TRUE;1;arnica;tintura de arnica
16;Arnica;REG:103900191;arnica;arnica montana l.;215;arnica__arnica_montana_l.xlsx;MOTIX;;;REGISTRADO;103900191;25351.422047/2015-66;FARMOQUÍMICA S/A - 33.349.473/0001-58;Inativo;12/2026;arnica montana;incluido_alias_completo;Inativo;103900191;25351 422047 2015 66;motix;farmoquimica s a 33 349 473 0001 58;;2015;TRUE;2;arnica | arnica montana;arnica montana l.
16;Arnica;REG:103900228;arnica;arnica montana;213;arnica__arnica_montana.xlsx;MOTIX;;ARNICA MONTANA L., arnica montana, CALENDULA OFFICINALIS L., HAMAMELIS VIRGINIANA L., ECHINACEA ANGUSTIFOLIA, ECHINACEA ANGUSTIFOLIA DC., ECHINACEA PURPUREA (L.) MOENCH, MATRICARIA CHAMOMILLA , MATRICARIA CHAMOMILLA L., BELLIS PERENNIS, SYMPHYTUM OFFICINALE, HYPERICUM PERFORATUM, ACHILLEA MILLEFOLIUM L., ACONITUM NAPELLUS, ATROPA BELLADONNA, Mercurius solubilis, HEPAR SULPHUR, hepar sulfuris;REGISTRADO;103900228;25351.203839/2024-24;FARMOQUÍMICA S/A - 33.349.473/0001-58;Ativo;06/2034;arnica montana;incluido_alias_completo;Ativo;103900228;25351 203839 2024 24;motix;farmoquimica s a 33 349 473 0001 58;arnica montana l arnica montana calendula officinalis l hamamelis virginiana l echinacea angustifolia echinacea angustifolia dc echinacea purpurea l moench matricaria chamomilla matricaria chamomilla l bellis perennis symphytum officinale hypericum perforatum achillea millefolium l aconitum napellus atropa belladonna mercurius solubilis hepar sulphur hepar sulfuris;2024;TRUE;4;arnica | arnica montana;arnica montana | arnica montana l.
16;Arnica;REG:105760013;arnica;tintura de arnica;211;arnica__TINTURA_DE_ARNICA.xlsx;DERMOL;;;REGISTRADO;105760013;25991.013660/78;LABORATORIO SIMOES LTDA. - 33.379.884/0001-96;Inativo;02/2005;arnica;incluido_alias_completo;Inativo;105760013;25991 013660 78;dermol;laboratorio simoes ltda 33 379 884 0001 96;;;TRUE;1;arnica;tintura de arnica
16;Arnica;REG:105760095;arnica;arnica montana l.;215;arnica__arnica_montana_l.xlsx;ARNICA;;;REGISTRADO;105760095;25000.008590/93-77;LABORATORIO SIMOES LTDA. - 33.379.884/0001-96;Inativo;05/2012;arnica montana;incluido_alias_completo;Inativo;105760095;25000 008590 93 77;arnica;laboratorio simoes ltda 33 379 884 0001 96;;;TRUE;2;arnica | arnica montana;arnica montana l.
16;Arnica;REG:118600065;arnica;arnica montana l.;215;arnica__arnica_montana_l.xlsx;ARNICA GEL;;;REGISTRADO;118600065;25351.111161/2004-19;HERBARIUM LABORATORIO BOTANICO LTDA - 78.950.011/0001-20;Inativo;03/2010;arnica montana;incluido_alias_completo;Inativo;118600065;25351 111161 2004 19;arnica gel;herbarium laboratorio botanico ltda 78 950 011 0001 20;;2004;TRUE;2;arnica | arnica montana;arnica montana l.
16;Arnica;REG:118600093;arnica;arnica montana l.;215;arnica__arnica_montana_l.xlsx;ARNICA GEL;;;REGISTRADO;118600093;25351.561385/2009-99;HERBARIUM LABORATORIO BOTANICO LTDA - 78.950.011/0001-20;Inativo;07/2030;arnica montana;incluido_alias_completo;Inativo;118600093;25351 561385 2009 99;arnica gel;herbarium laboratorio botanico ltda 78 950 011 0001 20;;2009;TRUE;2;arnica | arnica montana;arnica montana l.
16;Arnica;REG:120290001;arnica;tintura de arnica;211;arnica__TINTURA_DE_ARNICA.xlsx;RAPID GEL;;;REGISTRADO;120290001;25000.011352/95-29;INDUSTRIA FARMACEUTICA E PERFUMARIA BIOKOSMA LTDA - 64.668.981/0001-22;Inativo;03/2004;arnica;incluido_alias_completo;Inativo;120290001;25000 011352 95 29;rapid gel;industria farmaceutica e perfumaria biokosma ltda 64 668 981 0001 22;;;TRUE;1;arnica;tintura de arnica
16;Arnica;REG:128420003;arnica;arnica montana l.;215;arnica__arnica_montana_l.xlsx;RHEUMA - HEEL;RHEUMA-HEEL;;REGISTRADO;128420003;25000.005313/98-35;PROBIOS COMÉRCIO IMPORTAÇÃO E EXPORTAÇÃO LTDA - 74.455.197/0001-90;Inativo;09/2006;arnica montana;incluido_alias_completo;Inativo;128420003;25000 005313 98 35;rheuma heel;probios comercio importacao e exportacao ltda 74 455 197 0001 90;;;TRUE;2;arnica | arnica montana;arnica montana l.
16;Arnica;REG:128420008;arnica;arnica montana l.;215;arnica__arnica_montana_l.xlsx;TRAUMEEL S;;;REGISTRADO;128420008;25000.007786/96-04;PROBIOS COMÉRCIO IMPORTAÇÃO E EXPORTAÇÃO LTDA - 74.455.197/0001-90;Inativo;12/2006;arnica montana;incluido_alias_completo;Inativo;128420008;25000 007786 96 04;traumeel s;probios comercio importacao e exportacao ltda 74 455 197 0001 90;;;TRUE;2;arnica | arnica montana;arnica montana l.
16;Arnica;REG:128420009;arnica;arnica montana l.;215;arnica__arnica_montana_l.xlsx;CEREBRUM COMPOSITUM;;;REGISTRADO;128420009;25000.012267/96-78;PROBIOS COMÉRCIO IMPORTAÇÃO E EXPORTAÇÃO LTDA - 74.455.197/0001-90;Inativo;12/2006;arnica montana;incluido_alias_completo;Inativo;128420009;25000 012267 96 78;cerebrum compositum;probios comercio importacao e exportacao ltda 74 455 197 0001 90;;;TRUE;2;arnica | arnica montana;arnica montana l.
16;Arnica;REG:128420029;arnica;arnica montana l.;215;arnica__arnica_montana_l.xlsx;BHI ALLERGY;;;REGISTRADO;128420029;25000.005830/98-87;PROBIOS COMÉRCIO IMPORTAÇÃO E EXPORTAÇÃO LTDA - 74.455.197/0001-90;Inativo;09/2007;arnica montana;incluido_alias_completo;Inativo;128420029;25000 005830 98 87;bhi allergy;probios comercio importacao e exportacao ltda 74 455 197 0001 90;;;TRUE;2;arnica | arnica montana;arnica montana l.
16;Arnica;REG:128420036;arnica;arnica montana l.;215;arnica__arnica_montana_l.xlsx;ECHINACEA COMPOSITUM S N;;;REGISTRADO;128420036;25351.201971/2002-96;PROBIOS COMÉRCIO IMPORTAÇÃO E EXPORTAÇÃO LTDA - 74.455.197/0001-90;Inativo;11/2007;arnica montana;incluido_alias_completo;Inativo;128420036;25351 201971 2002 96;echinacea compositum s n;probios comercio importacao e exportacao ltda 74 455 197 0001 90;;2002;TRUE;2;arnica | arnica montana;arnica montana l.
16;Arnica;REG:145010019;arnica;arnica montana l.;215;arnica__arnica_montana_l.xlsx;POMADA DE ARNICA BRASMED;;;REGISTRADO;145010019;25351.060908/2003-74;BRASMED BOTÂNICA E FARMACÊUTICA LTDA - 00.660.703/0001-46;Inativo;09/2009;arnica montana;incluido_alias_completo;Inativo;145010019;25351 060908 2003 74;pomada de arnica brasmed;brasmed botanica e farmaceutica ltda 00 660 703 0001 46;;2003;TRUE;2;arnica | arnica montana;arnica montana l.
16;Arnica;REG:161980007;arnica;arnica montana;213;arnica__arnica_montana.xlsx;TRAUMEEL S;;ARNICA MONTANA L., arnica montana, CALENDULA OFFICINALIS L., HAMAMELIS VIRGINIANA L., ECHINACEA ANGUSTIFOLIA DC., ECHINACEA PURPUREA, ECHINACEA PURPUREA (L.) MOENCH, MATRICARIA CHAMOMILLA , MATRICARIA CHAMOMILLA L., BELLIS PERENNIS, SYMPHYTUM OFFICINALE, HYPERICUM PERFORATUM, ACHILLEA MILLEFOLIUM L., ACONITUM NAPELLUS, ATROPA BELLADONNA, Mercurius solubilis, HEPAR SULPHUR, hepar sulfuris;REGISTRADO;161980007;25351.280113/2005-42;HEEL DO BRASIL BIOMÉDICA LTDA - 05.994.539/0001-27;Ativo;09/2028;arnica montana;incluido_alias_completo;Ativo;161980007;25351 280113 2005 42;traumeel s;heel do brasil biomedica ltda 05 994 539 0001 27;arnica montana l arnica montana calendula officinalis l hamamelis virginiana l echinacea angustifolia dc echinacea purpurea echinacea purpurea l moench matricaria chamomilla matricaria chamomilla l bellis perennis symphytum officinale hypericum perforatum achillea millefolium l aconitum napellus atropa belladonna mercurius solubilis hepar sulphur hepar sulfuris;2005;TRUE;4;arnica | arnica montana;arnica montana | arnica montana l.
16;Arnica;REG:161980011;arnica;arnica montana;213;arnica__arnica_montana.xlsx;ZEEL COMP N;;RHUS TOXICODENDRON, SOLANUM DULCAMARA L., SULFUR, arnica montana, SANGUINARIA CANADENSIS;REGISTRADO;161980011;25351.585785/2008-94;HEEL DO BRASIL BIOMÉDICA LTDA - 05.994.539/0001-27;Ativo;04/2029;arnica montana;incluido_alias_completo;Ativo;161980011;25351 585785 2008 94;zeel comp n;heel do brasil biomedica ltda 05 994 539 0001 27;rhus toxicodendron solanum dulcamara l sulfur arnica montana sanguinaria canadensis;2008;TRUE;2;arnica | arnica montana;arnica montana
16;Arnica;REG:161980016;arnica;arnica montana;213;arnica__arnica_montana.xlsx;ANGIN HEEL SD;;;REGISTRADO;161980016;25351.373806/2010-22;HEEL DO BRASIL BIOMÉDICA LTDA - 05.994.539/0001-27;Inativo;02/2032;arnica montana;incluido_alias_completo;Inativo;161980016;25351 373806 2010 22;angin heel sd;heel do brasil biomedica ltda 05 994 539 0001 27;;2010;TRUE;2;arnica | arnica montana;arnica montana
16;Arnica;REG:161980017;arnica;arnica montana;213;arnica__arnica_montana.xlsx;ZEEL-ARTRO;;CARTILAGO SUIS, FUNICULUS UMBILICALIS SUIS, EMBRYO SUIS , PLACENTA SUIS, DULCAMARA, SYMPHYTUM OFFICINALE, NADIDUM, COENZYME A, SANGUINARIA CANADENSIS, DIETILOXALACETATO DE SÓDIO, ACIDUM ALPHA-LIPOICUM, RHUS TOXICODENDRON, arnica montana, SULPHUR;REGISTRADO;161980017;25351.463735/2021-24;HEEL DO BRASIL BIOMÉDICA LTDA - 05.994.539/0001-27;Ativo;12/2032;arnica montana;incluido_alias_completo;Ativo;161980017;25351 463735 2021 24;zeel artro;heel do brasil biomedica ltda 05 994 539 0001 27;cartilago suis funiculus umbilicalis suis embryo suis placenta suis dulcamara symphytum officinale nadidum coenzyme a sanguinaria canadensis dietiloxalacetato de sodio acidum alpha lipoicum rhus toxicodendron arnica montana sulphur;2021;TRUE;2;arnica | arnica montana;arnica montana
16;Arnica;REG:169160003;arnica;arnica montana;213;arnica__arnica_montana.xlsx;STODAL;;DROSERA ROTUNDIFOLIA, arnica montana, ATROPA BELLADONNA, Cina, Corallium rubrum, Cuprum metallicum, FERRUM PHOSPHORICUM, IPECACUANHA, SOLIDAGO VIRGAUREA, COCCUS CACTI;REGISTRADO;169160003;25351.500010/2009-50;BOIRON MEDICAMENTOS HOMEOPÁTICOS LTDA - 07.498.711/0001-87;Ativo;08/2035;arnica montana;incluido_alias_completo;Ativo;169160003;25351 500010 2009 50;stodal;boiron medicamentos homeopaticos ltda 07 498 711 0001 87;drosera rotundifolia arnica montana atropa belladonna cina corallium rubrum cuprum metallicum ferrum phosphoricum ipecacuanha solidago virgaurea coccus cacti;2009;TRUE;2;arnica | arnica montana;arnica montana
17;Arnica-brasileira / Arnica-do-campo / Solidago;REG:100610004;arnica;arnica montana l.;215;arnica__arnica_montana_l.xlsx;ARNICA WELEDA;;arnica montana l.;REGISTRADO;100610004;25992.022954/75;WELEDA DO BRASIL LABORATÓRIO E FARMÁCIA LTDA - 56.992.217/0001-80;Ativo;03/2036;arnica;incluido_alias_completo;Ativo;100610004;25992 022954 75;arnica weleda;weleda do brasil laboratorio e farmacia ltda 56 992 217 0001 80;arnica montana l;;TRUE;1;arnica;arnica montana l.
17;Arnica-brasileira / Arnica-do-campo / Solidago;REG:100610011;arnica;arnica montana;213;arnica__arnica_montana.xlsx;CO-RHEUMODORON;;;REGISTRADO;100610011;25992.011525/75;WELEDA DO BRASIL LABORATÓRIO E FARMÁCIA LTDA - 56.992.217/0001-80;Inativo;08/2010;arnica;incluido_alias_completo;Inativo;100610011;25992 011525 75;co rheumodoron;weleda do brasil laboratorio e farmacia ltda 56 992 217 0001 80;;;TRUE;2;arnica;arnica montana | arnica montana l.
17;Arnica-brasileira / Arnica-do-campo / Solidago;REG:100610013;arnica;arnica montana l.;215;arnica__arnica_montana_l.xlsx;COMBUDORON;COMBUDORON POMADA, COMBUDORON SOLUÇÃO, COMBUDORON SPRAY, COMBUDORON GEL;;REGISTRADO;100610013;25992.010712/75;WELEDA DO BRASIL LABORATÓRIO E FARMÁCIA LTDA - 56.992.217/0001-80;Inativo;08/2005;arnica;incluido_alias_completo;Inativo;100610013;25992 010712 75;combudoron;weleda do brasil laboratorio e farmacia ltda 56 992 217 0001 80;;;TRUE;1;arnica;arnica montana l.
17;Arnica-brasileira / Arnica-do-campo / Solidago;REG:100610039;arnica;arnica montana l.;215;arnica__arnica_montana_l.xlsx;RHEUMODORON-1;RHEUMODORON 1 WELEDA;;REGISTRADO;100610039;25992.011527/75;WELEDA DO BRASIL LABORATÓRIO E FARMÁCIA LTDA - 56.992.217/0001-80;Inativo;08/2010;arnica;incluido_alias_completo;Inativo;100610039;25992 011527 75;rheumodoron 1;weleda do brasil laboratorio e farmacia ltda 56 992 217 0001 80;;;TRUE;1;arnica;arnica montana l.
17;Arnica-brasileira / Arnica-do-campo / Solidago;REG:100610041;arnica;arnica montana l.;215;arnica__arnica_montana_l.xlsx;WECESIN;WECESIN PÓ WELEDA, WECESIN SPRAY;;REGISTRADO;100610041;25992.019318/75;WELEDA DO BRASIL LABORATÓRIO E FARMÁCIA LTDA - 56.992.217/0001-80;Inativo;08/2010;arnica;incluido_alias_completo;Inativo;100610041;25992 019318 75;wecesin;weleda do brasil laboratorio e farmacia ltda 56 992 217 0001 80;;;TRUE;1;arnica;arnica montana l.
17;Arnica-brasileira / Arnica-do-campo / Solidago;REG:100610066;solidago;solidago virgaurea;423;solidago__solidago_virgaurea.xlsx;PROSTADORON;;;REGISTRADO;100610066;25351.008579/01-08;WELEDA DO BRASIL LABORATÓRIO E FARMÁCIA LTDA - 56.992.217/0001-80;Inativo;03/2012;solidago;incluido_alias_completo;Inativo;100610066;25351 008579 01 08;prostadoron;weleda do brasil laboratorio e farmacia ltda 56 992 217 0001 80;;;TRUE;1;solidago;solidago virgaurea
17;Arnica-brasileira / Arnica-do-campo / Solidago;REG:100610078;arnica;arnica montana l.;215;arnica__arnica_montana_l.xlsx;RHEUMA W;;;REGISTRADO;100610078;25992.007084/76;WELEDA DO BRASIL LABORATÓRIO E FARMÁCIA LTDA - 56.992.217/0001-80;Inativo;01/2007;arnica;incluido_alias_completo;Inativo;100610078;25992 007084 76;rheuma w;weleda do brasil laboratorio e farmacia ltda 56 992 217 0001 80;;;TRUE;1;arnica;arnica montana l.
17;Arnica-brasileira / Arnica-do-campo / Solidago;REG:101590039;arnica;arnica montana l.;215;arnica__arnica_montana_l.xlsx;TINTURA DE ARNICA;;;REGISTRADO;101590039;25351.170936/2002-18;SIDEPAL INDUSTRIAL COMERCIAL LTDA - 61.374.823/0001-71;Inativo;04/2008;arnica;incluido_alias_completo;Inativo;101590039;25351 170936 2002 18;tintura de arnica;sidepal industrial comercial ltda 61 374 823 0001 71;;2002;TRUE;1;arnica;arnica montana l.
17;Arnica-brasileira / Arnica-do-campo / Solidago;REG:102100050;arnica;arnica montana l.;215;arnica__arnica_montana_l.xlsx;ARNICA MONTANA ADV;;;REGISTRADO;102100050;25351.054614/2007-37;LABORATORIO TAYUYNA LTDA - 60.879.848/0001-64;Inativo;09/2027;arnica;incluido_alias_completo;Inativo;102100050;25351 054614 2007 37;arnica montana adv;laboratorio tayuyna ltda 60 879 848 0001 64;;2007;TRUE;1;arnica;arnica montana l.
17;Arnica-brasileira / Arnica-do-campo / Solidago;REG:102660026;solidago;solidago virgaurea;423;solidago__solidago_virgaurea.xlsx;URIMED;;;REGISTRADO;102660026;25992.011202/75;FARMÁCIA E LABORATÓRIO HOMEOPÁTICO ALMEIDA PRADO LTDA - 60.862.208/0001-41;Inativo;04/2011;solidago;incluido_alias_completo;Inativo;102660026;25992 011202 75;urimed;farmacia e laboratorio homeopatico almeida prado ltda 60 862 208 0001 41;;;TRUE;1;solidago;solidago virgaurea
17;Arnica-brasileira / Arnica-do-campo / Solidago;REG:102660075;solidago;solidago virgaurea;423;solidago__solidago_virgaurea.xlsx;COMPLEXO HOMEOPÁTICO APIS ALMEIDA PRADO Nº15;;;REGISTRADO;102660075;25992.017378/70;FARMÁCIA E LABORATÓRIO HOMEOPÁTICO ALMEIDA PRADO LTDA - 60.862.208/0001-41;Inativo;03/2011;solidago;incluido_alias_completo;Inativo;102660075;25992 017378 70;complexo homeopatico apis almeida prado n 15;farmacia e laboratorio homeopatico almeida prado ltda 60 862 208 0001 41;;;TRUE;1;solidago;solidago virgaurea
17;Arnica-brasileira / Arnica-do-campo / Solidago;REG:102660087;arnica;arnica montana l.;215;arnica__arnica_montana_l.xlsx;COMPLEXO HOMEOPÁTICO ARNICA MONTANA ALMEIDA PRADO Nº45;;;REGISTRADO;102660087;25992.017403/70;FARMÁCIA E LABORATÓRIO HOMEOPÁTICO ALMEIDA PRADO LTDA - 60.862.208/0001-41;Inativo;03/2011;arnica;incluido_alias_completo;Inativo;102660087;25992 017403 70;complexo homeopatico arnica montana almeida prado n 45;farmacia e laboratorio homeopatico almeida prado ltda 60 862 208 0001 41;;;TRUE;1;arnica;arnica montana l.
17;Arnica-brasileira / Arnica-do-campo / Solidago;REG:102660167;arnica;arnica montana;213;arnica__arnica_montana.xlsx;HOMEOFLAN;;;REGISTRADO;102660167;25351.540873/2008-67;FARMÁCIA E LABORATÓRIO HOMEOPÁTICO ALMEIDA PRADO LTDA - 60.862.208/0001-41;Inativo;12/2028;arnica;incluido_alias_completo;Inativo;102660167;25351 540873 2008 67;homeoflan;farmacia e laboratorio homeopatico almeida prado ltda 60 862 208 0001 41;;2008;TRUE;1;arnica;arnica montana
17;Arnica-brasileira / Arnica-do-campo / Solidago;REG:102660169;arnica;arnica montana;213;arnica__arnica_montana.xlsx;ARNICA PRÉPÓS;;;REGISTRADO;102660169;25351.540800/2008-75;FARMÁCIA E LABORATÓRIO HOMEOPÁTICO ALMEIDA PRADO LTDA - 60.862.208/0001-41;Inativo;02/2029;arnica;incluido_alias_completo;Inativo;102660169;25351 540800 2008 75;arnica prepos;farmacia e laboratorio homeopatico almeida prado ltda 60 862 208 0001 41;;2008;TRUE;1;arnica;arnica montana
17;Arnica-brasileira / Arnica-do-campo / Solidago;REG:103700401;arnica;tintura de arnica;211;arnica__TINTURA_DE_ARNICA.xlsx;TEUTÔNICO;;;REGISTRADO;103700401;25351.217268/2002-08;LABORATÓRIO TEUTO BRASILEIRO S/A - 17.159.229/0001-76;Inativo;05/2008;arnica;incluido_alias_completo;Inativo;103700401;25351 217268 2002 08;teutonico;laboratorio teuto brasileiro s a 17 159 229 0001 76;;2002;TRUE;1;arnica;tintura de arnica
17;Arnica-brasileira / Arnica-do-campo / Solidago;REG:103900191;arnica;arnica montana l.;215;arnica__arnica_montana_l.xlsx;MOTIX;;;REGISTRADO;103900191;25351.422047/2015-66;FARMOQUÍMICA S/A - 33.349.473/0001-58;Inativo;12/2026;arnica;incluido_alias_completo;Inativo;103900191;25351 422047 2015 66;motix;farmoquimica s a 33 349 473 0001 58;;2015;TRUE;1;arnica;arnica montana l.
17;Arnica-brasileira / Arnica-do-campo / Solidago;REG:103900228;arnica;arnica montana;213;arnica__arnica_montana.xlsx;MOTIX;;ARNICA MONTANA L., arnica montana, CALENDULA OFFICINALIS L., HAMAMELIS VIRGINIANA L., ECHINACEA ANGUSTIFOLIA, ECHINACEA ANGUSTIFOLIA DC., ECHINACEA PURPUREA (L.) MOENCH, MATRICARIA CHAMOMILLA , MATRICARIA CHAMOMILLA L., BELLIS PERENNIS, SYMPHYTUM OFFICINALE, HYPERICUM PERFORATUM, ACHILLEA MILLEFOLIUM L., ACONITUM NAPELLUS, ATROPA BELLADONNA, Mercurius solubilis, HEPAR SULPHUR, hepar sulfuris;REGISTRADO;103900228;25351.203839/2024-24;FARMOQUÍMICA S/A - 33.349.473/0001-58;Ativo;06/2034;arnica;incluido_alias_completo;Ativo;103900228;25351 203839 2024 24;motix;farmoquimica s a 33 349 473 0001 58;arnica montana l arnica montana calendula officinalis l hamamelis virginiana l echinacea angustifolia echinacea angustifolia dc echinacea purpurea l moench matricaria chamomilla matricaria chamomilla l bellis perennis symphytum officinale hypericum perforatum achillea millefolium l aconitum napellus atropa belladonna mercurius solubilis hepar sulphur hepar sulfuris;2024;TRUE;2;arnica;arnica montana | arnica montana l.
17;Arnica-brasileira / Arnica-do-campo / Solidago;REG:105760013;arnica;tintura de arnica;211;arnica__TINTURA_DE_ARNICA.xlsx;DERMOL;;;REGISTRADO;105760013;25991.013660/78;LABORATORIO SIMOES LTDA. - 33.379.884/0001-96;Inativo;02/2005;arnica;incluido_alias_completo;Inativo;105760013;25991 013660 78;dermol;laboratorio simoes ltda 33 379 884 0001 96;;;TRUE;1;arnica;tintura de arnica
17;Arnica-brasileira / Arnica-do-campo / Solidago;REG:105760095;arnica;arnica montana l.;215;arnica__arnica_montana_l.xlsx;ARNICA;;;REGISTRADO;105760095;25000.008590/93-77;LABORATORIO SIMOES LTDA. - 33.379.884/0001-96;Inativo;05/2012;arnica;incluido_alias_completo;Inativo;105760095;25000 008590 93 77;arnica;laboratorio simoes ltda 33 379 884 0001 96;;;TRUE;1;arnica;arnica montana l.
17;Arnica-brasileira / Arnica-do-campo / Solidago;REG:116780021;solidago;solidago microglossa dc.;422;solidago__solidago_microglossa_dc.xlsx;ARNICA DO MATO EC;;solidago microglossa dc.;REGISTRADO;116780021;25351.354102/2011-30;AS ERVAS CURAM INDUSTRIA FARMACEUTICA LTDA - 79.634.572/0001-82;Ativo;11/2027;solidago microglossa;incluido_alias_completo;Ativo;116780021;25351 354102 2011 30;arnica do mato ec;as ervas curam industria farmaceutica ltda 79 634 572 0001 82;solidago microglossa dc;2011;TRUE;2;solidago | solidago microglossa;solidago microglossa dc.
17;Arnica-brasileira / Arnica-do-campo / Solidago;REG:118600065;arnica;arnica montana l.;215;arnica__arnica_montana_l.xlsx;ARNICA GEL;;;REGISTRADO;118600065;25351.111161/2004-19;HERBARIUM LABORATORIO BOTANICO LTDA - 78.950.011/0001-20;Inativo;03/2010;arnica;incluido_alias_completo;Inativo;118600065;25351 111161 2004 19;arnica gel;herbarium laboratorio botanico ltda 78 950 011 0001 20;;2004;TRUE;1;arnica;arnica montana l.
17;Arnica-brasileira / Arnica-do-campo / Solidago;REG:118600093;arnica;arnica montana l.;215;arnica__arnica_montana_l.xlsx;ARNICA GEL;;;REGISTRADO;118600093;25351.561385/2009-99;HERBARIUM LABORATORIO BOTANICO LTDA - 78.950.011/0001-20;Inativo;07/2030;arnica;incluido_alias_completo;Inativo;118600093;25351 561385 2009 99;arnica gel;herbarium laboratorio botanico ltda 78 950 011 0001 20;;2009;TRUE;1;arnica;arnica montana l.
17;Arnica-brasileira / Arnica-do-campo / Solidago;REG:120290001;arnica;tintura de arnica;211;arnica__TINTURA_DE_ARNICA.xlsx;RAPID GEL;;;REGISTRADO;120290001;25000.011352/95-29;INDUSTRIA FARMACEUTICA E PERFUMARIA BIOKOSMA LTDA - 64.668.981/0001-22;Inativo;03/2004;arnica;incluido_alias_completo;Inativo;120290001;25000 011352 95 29;rapid gel;industria farmaceutica e perfumaria biokosma ltda 64 668 981 0001 22;;;TRUE;1;arnica;tintura de arnica
17;Arnica-brasileira / Arnica-do-campo / Solidago;REG:128420003;arnica;arnica montana l.;215;arnica__arnica_montana_l.xlsx;RHEUMA - HEEL;RHEUMA-HEEL;;REGISTRADO;128420003;25000.005313/98-35;PROBIOS COMÉRCIO IMPORTAÇÃO E EXPORTAÇÃO LTDA - 74.455.197/0001-90;Inativo;09/2006;arnica;incluido_alias_completo;Inativo;128420003;25000 005313 98 35;rheuma heel;probios comercio importacao e exportacao ltda 74 455 197 0001 90;;;TRUE;1;arnica;arnica montana l.
17;Arnica-brasileira / Arnica-do-campo / Solidago;REG:128420008;arnica;arnica montana l.;215;arnica__arnica_montana_l.xlsx;TRAUMEEL S;;;REGISTRADO;128420008;25000.007786/96-04;PROBIOS COMÉRCIO IMPORTAÇÃO E EXPORTAÇÃO LTDA - 74.455.197/0001-90;Inativo;12/2006;arnica;incluido_alias_completo;Inativo;128420008;25000 007786 96 04;traumeel s;probios comercio importacao e exportacao ltda 74 455 197 0001 90;;;TRUE;1;arnica;arnica montana l.
17;Arnica-brasileira / Arnica-do-campo / Solidago;REG:128420009;arnica;arnica montana l.;215;arnica__arnica_montana_l.xlsx;CEREBRUM COMPOSITUM;;;REGISTRADO;128420009;25000.012267/96-78;PROBIOS COMÉRCIO IMPORTAÇÃO E EXPORTAÇÃO LTDA - 74.455.197/0001-90;Inativo;12/2006;arnica;incluido_alias_completo;Inativo;128420009;25000 012267 96 78;cerebrum compositum;probios comercio importacao e exportacao ltda 74 455 197 0001 90;;;TRUE;1;arnica;arnica montana l.
17;Arnica-brasileira / Arnica-do-campo / Solidago;REG:128420029;arnica;arnica montana l.;215;arnica__arnica_montana_l.xlsx;BHI ALLERGY;;;REGISTRADO;128420029;25000.005830/98-87;PROBIOS COMÉRCIO IMPORTAÇÃO E EXPORTAÇÃO LTDA - 74.455.197/0001-90;Inativo;09/2007;arnica;incluido_alias_completo;Inativo;128420029;25000 005830 98 87;bhi allergy;probios comercio importacao e exportacao ltda 74 455 197 0001 90;;;TRUE;1;arnica;arnica montana l.
17;Arnica-brasileira / Arnica-do-campo / Solidago;REG:128420036;arnica;arnica montana l.;215;arnica__arnica_montana_l.xlsx;ECHINACEA COMPOSITUM S N;;;REGISTRADO;128420036;25351.201971/2002-96;PROBIOS COMÉRCIO IMPORTAÇÃO E EXPORTAÇÃO LTDA - 74.455.197/0001-90;Inativo;11/2007;arnica;incluido_alias_completo;Inativo;128420036;25351 201971 2002 96;echinacea compositum s n;probios comercio importacao e exportacao ltda 74 455 197 0001 90;;2002;TRUE;1;arnica;arnica montana l.
17;Arnica-brasileira / Arnica-do-campo / Solidago;REG:145010019;arnica;arnica montana l.;215;arnica__arnica_montana_l.xlsx;POMADA DE ARNICA BRASMED;;;REGISTRADO;145010019;25351.060908/2003-74;BRASMED BOTÂNICA E FARMACÊUTICA LTDA - 00.660.703/0001-46;Inativo;09/2009;arnica;incluido_alias_completo;Inativo;145010019;25351 060908 2003 74;pomada de arnica brasmed;brasmed botanica e farmaceutica ltda 00 660 703 0001 46;;2003;TRUE;1;arnica;arnica montana l.
17;Arnica-brasileira / Arnica-do-campo / Solidago;REG:161980007;arnica;arnica montana;213;arnica__arnica_montana.xlsx;TRAUMEEL S;;ARNICA MONTANA L., arnica montana, CALENDULA OFFICINALIS L., HAMAMELIS VIRGINIANA L., ECHINACEA ANGUSTIFOLIA DC., ECHINACEA PURPUREA, ECHINACEA PURPUREA (L.) MOENCH, MATRICARIA CHAMOMILLA , MATRICARIA CHAMOMILLA L., BELLIS PERENNIS, SYMPHYTUM OFFICINALE, HYPERICUM PERFORATUM, ACHILLEA MILLEFOLIUM L., ACONITUM NAPELLUS, ATROPA BELLADONNA, Mercurius solubilis, HEPAR SULPHUR, hepar sulfuris;REGISTRADO;161980007;25351.280113/2005-42;HEEL DO BRASIL BIOMÉDICA LTDA - 05.994.539/0001-27;Ativo;09/2028;arnica;incluido_alias_completo;Ativo;161980007;25351 280113 2005 42;traumeel s;heel do brasil biomedica ltda 05 994 539 0001 27;arnica montana l arnica montana calendula officinalis l hamamelis virginiana l echinacea angustifolia dc echinacea purpurea echinacea purpurea l moench matricaria chamomilla matricaria chamomilla l bellis perennis symphytum officinale hypericum perforatum achillea millefolium l aconitum napellus atropa belladonna mercurius solubilis hepar sulphur hepar sulfuris;2005;TRUE;2;arnica;arnica montana | arnica montana l.
17;Arnica-brasileira / Arnica-do-campo / Solidago;REG:161980011;arnica;arnica montana;213;arnica__arnica_montana.xlsx;ZEEL COMP N;;RHUS TOXICODENDRON, SOLANUM DULCAMARA L., SULFUR, arnica montana, SANGUINARIA CANADENSIS;REGISTRADO;161980011;25351.585785/2008-94;HEEL DO BRASIL BIOMÉDICA LTDA - 05.994.539/0001-27;Ativo;04/2029;arnica;incluido_alias_completo;Ativo;161980011;25351 585785 2008 94;zeel comp n;heel do brasil biomedica ltda 05 994 539 0001 27;rhus toxicodendron solanum dulcamara l sulfur arnica montana sanguinaria canadensis;2008;TRUE;1;arnica;arnica montana
17;Arnica-brasileira / Arnica-do-campo / Solidago;REG:161980016;arnica;arnica montana;213;arnica__arnica_montana.xlsx;ANGIN HEEL SD;;;REGISTRADO;161980016;25351.373806/2010-22;HEEL DO BRASIL BIOMÉDICA LTDA - 05.994.539/0001-27;Inativo;02/2032;arnica;incluido_alias_completo;Inativo;161980016;25351 373806 2010 22;angin heel sd;heel do brasil biomedica ltda 05 994 539 0001 27;;2010;TRUE;1;arnica;arnica montana
17;Arnica-brasileira / Arnica-do-campo / Solidago;REG:161980017;arnica;arnica montana;213;arnica__arnica_montana.xlsx;ZEEL-ARTRO;;CARTILAGO SUIS, FUNICULUS UMBILICALIS SUIS, EMBRYO SUIS , PLACENTA SUIS, DULCAMARA, SYMPHYTUM OFFICINALE, NADIDUM, COENZYME A, SANGUINARIA CANADENSIS, DIETILOXALACETATO DE SÓDIO, ACIDUM ALPHA-LIPOICUM, RHUS TOXICODENDRON, arnica montana, SULPHUR;REGISTRADO;161980017;25351.463735/2021-24;HEEL DO BRASIL BIOMÉDICA LTDA - 05.994.539/0001-27;Ativo;12/2032;arnica;incluido_alias_completo;Ativo;161980017;25351 463735 2021 24;zeel artro;heel do brasil biomedica ltda 05 994 539 0001 27;cartilago suis funiculus umbilicalis suis embryo suis placenta suis dulcamara symphytum officinale nadidum coenzyme a sanguinaria canadensis dietiloxalacetato de sodio acidum alpha lipoicum rhus toxicodendron arnica montana sulphur;2021;TRUE;1;arnica;arnica montana
17;Arnica-brasileira / Arnica-do-campo / Solidago;REG:169160003;arnica;arnica montana;213;arnica__arnica_montana.xlsx;STODAL;;DROSERA ROTUNDIFOLIA, arnica montana, ATROPA BELLADONNA, Cina, Corallium rubrum, Cuprum metallicum, FERRUM PHOSPHORICUM, IPECACUANHA, SOLIDAGO VIRGAUREA, COCCUS CACTI;REGISTRADO;169160003;25351.500010/2009-50;BOIRON MEDICAMENTOS HOMEOPÁTICOS LTDA - 07.498.711/0001-87;Ativo;08/2035;arnica;incluido_alias_completo;Ativo;169160003;25351 500010 2009 50;stodal;boiron medicamentos homeopaticos ltda 07 498 711 0001 87;drosera rotundifolia arnica montana atropa belladonna cina corallium rubrum cuprum metallicum ferrum phosphoricum ipecacuanha solidago virgaurea coccus cacti;2009;TRUE;2;arnica | solidago;arnica montana | solidago virgaurea
18;Aroeira / Aroeira-do-sertão;REG:104210007;Schinus terebinthifolius;schinus terebinthifolius;155;Schinus_terebinthifolius__SCHINUS_TEREBINTHIFOLIUS.xlsx;SANATIVO;;;REGISTRADO;104210007;25351.049797/2006-98;LABORATÓRIO PERNAMBUCANO LTDA. - 10.791.259/0001-51;Inativo;09/2011;schinus terebinthifolius;incluido_alias_completo;Inativo;104210007;25351 049797 2006 98;sanativo;laboratorio pernambucano ltda 10 791 259 0001 51;;2006;TRUE;1;Schinus terebinthifolius;schinus terebinthifolius
18;Aroeira / Aroeira-do-sertão;REG:107030001;Schinus terebinthifolius;schinus terebinthifolius;155;Schinus_terebinthifolius__SCHINUS_TEREBINTHIFOLIUS.xlsx;ÁGUA RABELO;;;REGISTRADO;107030001;25991.011249/79;LABORATÓRIO RABELO LTDA - 09.093.402/0001-52;Inativo;11/2013;schinus terebinthifolius;incluido_alias_completo;Inativo;107030001;25991 011249 79;agua rabelo;laboratorio rabelo ltda 09 093 402 0001 52;;;TRUE;1;Schinus terebinthifolius;schinus terebinthifolius
18;Aroeira / Aroeira-do-sertão;REG:115570046;Schinus terebinthifolius;schinus terebinthifolius;155;Schinus_terebinthifolius__SCHINUS_TEREBINTHIFOLIUS.xlsx;KRONEL;;SCHINUS TEREBINTHIFOLIUS, Schinus terebenthifolius, SCHINUS TEREBINTHIFOLIA RADDI;REGISTRADO;115570046;25000.038395/99-76;INFAN INDUSTRIA QUIMICA FARMACEUTICA NACIONAL S/A - 08.939.548/0001-03;Ativo;08/2026;schinus terebinthifolius;incluido_alias_completo;Ativo;115570046;25000 038395 99 76;kronel;infan industria quimica farmaceutica nacional s a 08 939 548 0001 03;schinus terebinthifolius schinus terebenthifolius schinus terebinthifolia raddi;;TRUE;3;Schinus terebinthifolia | schinus terebinthifolia raddi | Schinus terebinthifolius;schinus terebinthifolia raddi | schinus terebinthifolius
18;Aroeira / Aroeira-do-sertão;REG:115570067;Schinus terebinthifolia;schinus terebinthifolia raddi;154;Schinus_terebinthifolia__SCHINUS_TEREBINTHIFOLIA_RADDI.xlsx;KIOS;;;REGISTRADO;115570067;25351.374832/2010-79;INFAN INDUSTRIA QUIMICA FARMACEUTICA NACIONAL S/A - 08.939.548/0001-03;Inativo;05/2026;schinus terebinthifolia raddi;incluido_alias_completo;Inativo;115570067;25351 374832 2010 79;kios;infan industria quimica farmaceutica nacional s a 08 939 548 0001 03;;2010;TRUE;2;Schinus terebinthifolia | schinus terebinthifolia raddi;schinus terebinthifolia raddi
18;Aroeira / Aroeira-do-sertão;REG:122830022;aroeira;aroeira;220;aroeira__Aroeira.xlsx;ANAPYON;;;REGISTRADO;122830022;25001.011196/84;DM INDÚSTRIA FARMACÊUTICA LTDA - 67.866.665/0002-34;Inativo;10/2009;aroeira;incluido_alias_completo;Inativo;122830022;25001 011196 84;anapyon;dm industria farmaceutica ltda 67 866 665 0002 34;;;TRUE;1;aroeira;aroeira
19;Arruda;REG:100490029;Ruta graveolens;ruta graveolens l.;145;Ruta_graveolens__ruta_graveolens_l.xlsx;PIOLIN;XAMPU, SABONETE;;REGISTRADO;100490029;25001.003139/85;LABORATÓRIO SAÚDE LTDA - 91.671.792/0001-81;Inativo;05/2004;ruta graveolens;incluido_alias_completo;Inativo;100490029;25001 003139 85;piolin;laboratorio saude ltda 91 671 792 0001 81;;;TRUE;1;Ruta graveolens;ruta graveolens l.
19;Arruda;REG:100610064;Ruta graveolens;ruta graveolens l.;145;Ruta_graveolens__ruta_graveolens_l.xlsx;VENODORON;;;REGISTRADO;100610064;25351.031365/01-27;WELEDA DO BRASIL LABORATÓRIO E FARMÁCIA LTDA - 56.992.217/0001-80;Inativo;03/2007;ruta graveolens;incluido_alias_completo;Inativo;100610064;25351 031365 01 27;venodoron;weleda do brasil laboratorio e farmacia ltda 56 992 217 0001 80;;;TRUE;1;Ruta graveolens;ruta graveolens l.
19;Arruda;REG:100610090;Ruta graveolens;ruta graveolens l.;145;Ruta_graveolens__ruta_graveolens_l.xlsx;VENODORON;;;REGISTRADO;100610090;25351.589801/2008-18;WELEDA DO BRASIL LABORATÓRIO E FARMÁCIA LTDA - 56.992.217/0001-80;Inativo;10/2014;ruta graveolens;incluido_alias_completo;Inativo;100610090;25351 589801 2008 18;venodoron;weleda do brasil laboratorio e farmacia ltda 56 992 217 0001 80;;2008;TRUE;1;Ruta graveolens;ruta graveolens l.
19;Arruda;REG:101290001;Ruta graveolens;ruta graveolens l.;145;Ruta_graveolens__ruta_graveolens_l.xlsx;REGULADOR XAVIER N. 2;;;REGISTRADO;101290001;25992.001070/31;LABORATÓRIO HEPACHOLAN SA - 60.398.120/0001-10;Inativo;10/2014;ruta graveolens;incluido_alias_completo;Inativo;101290001;25992 001070 31;regulador xavier n 2;laboratorio hepacholan sa 60 398 120 0001 10;;;TRUE;1;Ruta graveolens;ruta graveolens l.
19;Arruda;REG:102470016;Ruta graveolens;ruta graveolens l.;145;Ruta_graveolens__ruta_graveolens_l.xlsx;DRENAREUMA;;;REGISTRADO;102470016;25992.004495/74;HOMEOPATIA WALDEMIRO PEREIRA LABORATORIO INDUSTRIAL FARMACEUTICO LTDA - 76.440.528/0001-43;Inativo;09/2019;ruta graveolens;incluido_alias_completo;Inativo;102470016;25992 004495 74;drenareuma;homeopatia waldemiro pereira laboratorio industrial farmaceutico ltda 76 440 528 0001 43;;;TRUE;1;Ruta graveolens;ruta graveolens l.
19;Arruda;REG:102470044;Ruta graveolens;ruta graveolens l.;145;Ruta_graveolens__ruta_graveolens_l.xlsx;TANECROPHYL;;;REGISTRADO;102470044;25992.014359/74-98;HOMEOPATIA WALDEMIRO PEREIRA LABORATORIO INDUSTRIAL FARMACEUTICO LTDA - 76.440.528/0001-43;Inativo;02/2020;ruta graveolens;incluido_alias_completo;Inativo;102470044;25992 014359 74 98;tanecrophyl;homeopatia waldemiro pereira laboratorio industrial farmaceutico ltda 76 440 528 0001 43;;;TRUE;1;Ruta graveolens;ruta graveolens l.
19;Arruda;REG:102660022;Ruta graveolens;ruta graveolens l.;145;Ruta_graveolens__ruta_graveolens_l.xlsx;REUMAMED;;;REGISTRADO;102660022;25992.018066/74;FARMÁCIA E LABORATÓRIO HOMEOPÁTICO ALMEIDA PRADO LTDA - 60.862.208/0001-41;Inativo;02/2025;ruta graveolens;incluido_alias_completo;Inativo;102660022;25992 018066 74;reumamed;farmacia e laboratorio homeopatico almeida prado ltda 60 862 208 0001 41;;;TRUE;1;Ruta graveolens;ruta graveolens l.
19;Arruda;REG:102660128;Ruta graveolens;ruta graveolens l.;145;Ruta_graveolens__ruta_graveolens_l.xlsx;COMPLEXO RHUS TOXICODENDRON ALMEIDA PRADO 32;COMPLEXO RHUS ALMEIDA PRADO 32;;REGISTRADO;102660128;25992.017392/70;FARMÁCIA E LABORATÓRIO HOMEOPÁTICO ALMEIDA PRADO LTDA - 60.862.208/0001-41;Inativo;02/2026;ruta graveolens;incluido_alias_completo;Inativo;102660128;25992 017392 70;complexo rhus toxicodendron almeida prado 32;farmacia e laboratorio homeopatico almeida prado ltda 60 862 208 0001 41;;;TRUE;1;Ruta graveolens;ruta graveolens l.
19;Arruda;REG:104400014;jaborandi;pilocarpus jaborandi holmes;312;jaborandi__PILOCARPUS_JABORANDI_HOLMES.xlsx;BRONCOL;;;REGISTRADO;104400014;25992.007509/73;CELLERA FARMACÊUTICA S.A. - 33.173.097/0002-74;Inativo;03/2004;jaborandi;incluido_alias_completo;Inativo;104400014;25992 007509 73;broncol;cellera farmaceutica s a 33 173 097 0002 74;;;TRUE;1;jaborandi;pilocarpus jaborandi holmes
19;Arruda;REG:105070020;Ruta graveolens;ruta graveolens l.;145;Ruta_graveolens__ruta_graveolens_l.xlsx;URGAMOL;;;REGISTRADO;105070020;25992.001132/38;LABORATORIO KRAEMER LTDA - 92.695.816/0001-03;Inativo;10/2009;ruta graveolens;incluido_alias_completo;Inativo;105070020;25992 001132 38;urgamol;laboratorio kraemer ltda 92 695 816 0001 03;;;TRUE;1;Ruta graveolens;ruta graveolens l.
19;Arruda;REG:105760102;jaborandi;pilocarpus jaborandi holmes;312;jaborandi__PILOCARPUS_JABORANDI_HOLMES.xlsx;PILOGÊNIO;PILOGENIO;;REGISTRADO;105760102;25992.008626/39;LABORATORIO SIMOES LTDA. - 33.379.884/0001-96;Inativo;08/2003;jaborandi;incluido_alias_completo;Inativo;105760102;25992 008626 39;pilogenio;laboratorio simoes ltda 33 379 884 0001 96;;;TRUE;1;jaborandi;pilocarpus jaborandi holmes
19;Arruda;REG:117240007;Ruta graveolens;ruta graveolens l.;145;Ruta_graveolens__ruta_graveolens_l.xlsx;REGULADOR XAVIER N. 2;;;REGISTRADO;117240007;25351.659622/2015-13;OPHTHALMOS LTDA - 61.129.409/0001-05;Inativo;08/2025;ruta graveolens;incluido_alias_completo;Inativo;117240007;25351 659622 2015 13;regulador xavier n 2;ophthalmos ltda 61 129 409 0001 05;;2015;TRUE;1;Ruta graveolens;ruta graveolens l.
19;Arruda;REG:128420009;Ruta graveolens;ruta graveolens l.;145;Ruta_graveolens__ruta_graveolens_l.xlsx;CEREBRUM COMPOSITUM;;;REGISTRADO;128420009;25000.012267/96-78;PROBIOS COMÉRCIO IMPORTAÇÃO E EXPORTAÇÃO LTDA - 74.455.197/0001-90;Inativo;12/2006;ruta graveolens;incluido_alias_completo;Inativo;128420009;25000 012267 96 78;cerebrum compositum;probios comercio importacao e exportacao ltda 74 455 197 0001 90;;;TRUE;1;Ruta graveolens;ruta graveolens l.
20;Artemísia;REG:100490029;Artemisia absinthium;artemisia absinthium l.;18;Artemisia_absinthium__artemisia_absinthium_l.xlsx;PIOLIN;XAMPU, SABONETE;;REGISTRADO;100490029;25001.003139/85;LABORATÓRIO SAÚDE LTDA - 91.671.792/0001-81;Inativo;05/2004;artemisia absinthium;incluido_alias_completo;Inativo;100490029;25001 003139 85;piolin;laboratorio saude ltda 91 671 792 0001 81;;;TRUE;2;artemisia | Artemisia absinthium;artemisia absinthium l.
20;Artemísia;REG:100610091;Artemisia absinthium;artemisia absinthium l.;18;Artemisia_absinthium__artemisia_absinthium_l.xlsx;NAUSYN;;;REGISTRADO;100610091;25351.426148/2009-33;WELEDA DO BRASIL LABORATÓRIO E FARMÁCIA LTDA - 56.992.217/0001-80;Inativo;04/2015;artemisia absinthium;incluido_alias_completo;Inativo;100610091;25351 426148 2009 33;nausyn;weleda do brasil laboratorio e farmacia ltda 56 992 217 0001 80;;2009;TRUE;2;artemisia | Artemisia absinthium;artemisia absinthium l.
20;Artemísia;REG:100663385;Tanacetum parthenium;tanacetum parthenium (l.) sch.bip.;168;Tanacetum_parthenium__tanacetum_parthenium_l._sch.bip.xlsx;TANAFEW;;;REGISTRADO;100663385;25351.211644/2002-42;LABORATORIO CATARINENSE LTDA - 84.684.620/0001-87;Inativo;10/2008;tanacetum parthenium;incluido_alias_completo;Inativo;100663385;25351 211644 2002 42;tanafew;laboratorio catarinense ltda 84 684 620 0001 87;;2002;TRUE;1;Tanacetum parthenium;tanacetum parthenium (l.) sch.bip.
20;Artemísia;REG:102350565;Tanacetum parthenium;tanacetum parthenium (l.) sch.bip.;168;Tanacetum_parthenium__tanacetum_parthenium_l._sch.bip.xlsx;FITODRIL;;;REGISTRADO;102350565;25351.165315/2002-12;EMS S/A - 57.507.378/0003-65;Inativo;11/2007;tanacetum parthenium;incluido_alias_completo;Inativo;102350565;25351 165315 2002 12;fitodril;ems s a 57 507 378 0003 65;;2002;TRUE;1;Tanacetum parthenium;tanacetum parthenium (l.) sch.bip.
20;Artemísia;REG:102512419;Artemisia absinthium;artemisia absinthium l.;18;Artemisia_absinthium__artemisia_absinthium_l.xlsx;DIGESTAR;;;REGISTRADO;102512419;25001.010071/80;BRASMEDICA SA IND FTCA - 60.889.557/0001-57;Inativo;10/2000;artemisia absinthium;incluido_alias_completo;Inativo;102512419;25001 010071 80;digestar;brasmedica sa ind ftca 60 889 557 0001 57;;;TRUE;2;artemisia | Artemisia absinthium;artemisia absinthium l.
20;Artemísia;REG:104041969;Tanacetum parthenium;tanacetum parthenium (l.) sch.bip.;168;Tanacetum_parthenium__tanacetum_parthenium_l._sch.bip.xlsx;TANACETO LUPER;;;REGISTRADO;104041969;25351.268717/2004-30;LUPER INDÚSTRIA FARMACÊUTICA LTDA - 61.299.111/0001-35;Inativo;07/2010;tanacetum parthenium;incluido_alias_completo;Inativo;104041969;25351 268717 2004 30;tanaceto luper;luper industria farmaceutica ltda 61 299 111 0001 35;;2004;TRUE;1;Tanacetum parthenium;tanacetum parthenium (l.) sch.bip.
20;Artemísia;REG:109740133;Tanacetum parthenium;tanacetum parthenium (l.) sch.bip.;168;Tanacetum_parthenium__tanacetum_parthenium_l._sch.bip.xlsx;MIGREX;;;REGISTRADO;109740133;25000.001299/99-45;BIOLAB SANUS FARMACÊUTICA LTDA - 49.475.833/0001-06;Inativo;07/2006;tanacetum parthenium;incluido_alias_completo;Inativo;109740133;25000 001299 99 45;migrex;biolab sanus farmaceutica ltda 49 475 833 0001 06;;;TRUE;1;Tanacetum parthenium;tanacetum parthenium (l.) sch.bip.
20;Artemísia;REG:110220004;Tanacetum parthenium;tanacetum parthenium (l.) sch.bip.;168;Tanacetum_parthenium__tanacetum_parthenium_l._sch.bip.xlsx;TANACIL;;;REGISTRADO;110220004;25351.022552/01-83;HENSA-FARMA S.A - INDÚSTRIA QUÍMICA E FARMACÊUTICA - 06.270.144/0001-44;Inativo;03/2007;tanacetum parthenium;incluido_alias_completo;Inativo;110220004;25351 022552 01 83;tanacil;hensa farma s a industria quimica e farmaceutica 06 270 144 0001 44;;;TRUE;1;Tanacetum parthenium;tanacetum parthenium (l.) sch.bip.
20;Artemísia;REG:116780019;Tanacetum parthenium;tanacetum parthenium (l.) sch.bip.;168;Tanacetum_parthenium__tanacetum_parthenium_l._sch.bip.xlsx;TANACETO EC;;;REGISTRADO;116780019;25351.451979/2009-68;AS ERVAS CURAM INDUSTRIA FARMACEUTICA LTDA - 79.634.572/0001-82;Inativo;03/2027;tanacetum parthenium;incluido_alias_completo;Inativo;116780019;25351 451979 2009 68;tanaceto ec;as ervas curam industria farmaceutica ltda 79 634 572 0001 82;;2009;TRUE;1;Tanacetum parthenium;tanacetum parthenium (l.) sch.bip.
20;Artemísia;REG:118600010;Tanacetum parthenium;tanacetum parthenium (l.) sch.bip.;168;Tanacetum_parthenium__tanacetum_parthenium_l._sch.bip.xlsx;TINTURA DE TANACETUM HERBARIUM;TANACETO GOTAS HERBARIUM;;REGISTRADO;118600010;25351.021300/01-55;HERBARIUM LABORATORIO BOTANICO LTDA - 78.950.011/0001-20;Inativo;12/2006;tanacetum parthenium;incluido_alias_completo;Inativo;118600010;25351 021300 01 55;tintura de tanacetum herbarium;herbarium laboratorio botanico ltda 78 950 011 0001 20;;;TRUE;1;Tanacetum parthenium;tanacetum parthenium (l.) sch.bip.
20;Artemísia;REG:118600016;Tanacetum parthenium;tanacetum parthenium (l.) sch.bip.;168;Tanacetum_parthenium__tanacetum_parthenium_l._sch.bip.xlsx;TANACETO HERBARIUM;;;REGISTRADO;118600016;25023.220143/99;HERBARIUM LABORATORIO BOTANICO LTDA - 78.950.011/0001-20;Inativo;07/2007;tanacetum parthenium;incluido_alias_completo;Inativo;118600016;25023 220143 99;tanaceto herbarium;herbarium laboratorio botanico ltda 78 950 011 0001 20;;;TRUE;1;Tanacetum parthenium;tanacetum parthenium (l.) sch.bip.
20;Artemísia;REG:118610100;Tanacetum parthenium;tanacetum parthenium (l.) sch.bip.;168;Tanacetum_parthenium__tanacetum_parthenium_l._sch.bip.xlsx;TENLIV;;;REGISTRADO;118610100;25351.008660/01-16;ATIVUS FARMACÊUTICA LTDA - 64.088.172/0001-41;Inativo;02/2017;tanacetum parthenium;incluido_alias_completo;Inativo;118610100;25351 008660 01 16;tenliv;ativus farmaceutica ltda 64 088 172 0001 41;;;TRUE;1;Tanacetum parthenium;tanacetum parthenium (l.) sch.bip.
20;Artemísia;REG:118610255;Tanacetum parthenium;tanacetum parthenium (l.) sch.bip.;168;Tanacetum_parthenium__tanacetum_parthenium_l._sch.bip.xlsx;TAMION;;;REGISTRADO;118610255;25351.464520/2005-19;ATIVUS FARMACÊUTICA LTDA - 64.088.172/0001-41;Inativo;07/2011;tanacetum parthenium;incluido_alias_completo;Inativo;118610255;25351 464520 2005 19;tamion;ativus farmaceutica ltda 64 088 172 0001 41;;2005;TRUE;1;Tanacetum parthenium;tanacetum parthenium (l.) sch.bip.
20;Artemísia;REG:123970021;Tanacetum parthenium;tanacetum parthenium (l.) sch.bip.;168;Tanacetum_parthenium__tanacetum_parthenium_l._sch.bip.xlsx;TANACETUM  ORIENT;;;REGISTRADO;123970021;25351.215375/2002-93;ORIENT MIX FITOTERÁPICOS DO BRASIL LTDA. - 73.657.876/0001-89;Inativo;10/2013;tanacetum parthenium;incluido_alias_completo;Inativo;123970021;25351 215375 2002 93;tanacetum orient;orient mix fitoterapicos do brasil ltda 73 657 876 0001 89;;2002;TRUE;1;Tanacetum parthenium;tanacetum parthenium (l.) sch.bip.
20;Artemísia;REG:132650028;Tanacetum parthenium;tanacetum parthenium (l.) sch.bip.;168;Tanacetum_parthenium__tanacetum_parthenium_l._sch.bip.xlsx;TP - A;FEVER FEW;;REGISTRADO;132650028;25351.060781/2003-93;COLBRÁS INDÚSTRIA E COMÉRCIO LTDA - 00.413.925/0001-64;Inativo;06/2009;tanacetum parthenium;incluido_alias_completo;Inativo;132650028;25351 060781 2003 93;tp a;colbras industria e comercio ltda 00 413 925 0001 64;;2003;TRUE;1;Tanacetum parthenium;tanacetum parthenium (l.) sch.bip.
20;Artemísia;REG:143810077;Tanacetum parthenium;tanacetum parthenium (l.) sch.bip.;168;Tanacetum_parthenium__tanacetum_parthenium_l._sch.bip.xlsx;ENXAMED;;;REGISTRADO;143810077;25351.171803/2002-69;CIMED INDUSTRIA S.A - 02.814.497/0001-07;Inativo;08/2007;tanacetum parthenium;incluido_alias_completo;Inativo;143810077;25351 171803 2002 69;enxamed;cimed industria s a 02 814 497 0001 07;;2002;TRUE;1;Tanacetum parthenium;tanacetum parthenium (l.) sch.bip.
20;Artemísia;REG:144930049;Tanacetum parthenium;tanacetum parthenium (l.) sch.bip.;168;Tanacetum_parthenium__tanacetum_parthenium_l._sch.bip.xlsx;ENXAZIN;;;REGISTRADO;144930049;25351.002115/2004-11;AIRELA INDÚSTRIA FARMACÊUTICA LTDA. - 01.858.973/0001-29;Inativo;09/2019;tanacetum parthenium;incluido_alias_completo;Inativo;144930049;25351 002115 2004 11;enxazin;airela industria farmaceutica ltda 01 858 973 0001 29;;2004;TRUE;1;Tanacetum parthenium;tanacetum parthenium (l.) sch.bip.
20;Artemísia;REG:145010013;Tanacetum parthenium;tanacetum parthenium (l.) sch.bip.;168;Tanacetum_parthenium__tanacetum_parthenium_l._sch.bip.xlsx;TANACETO BRASMED;;;REGISTRADO;145010013;25351.060845/2003-56;BRASMED BOTÂNICA E FARMACÊUTICA LTDA - 00.660.703/0001-46;Inativo;09/2009;tanacetum parthenium;incluido_alias_completo;Inativo;145010013;25351 060845 2003 56;tanaceto brasmed;brasmed botanica e farmaceutica ltda 00 660 703 0001 46;;2003;TRUE;1;Tanacetum parthenium;tanacetum parthenium (l.) sch.bip.
23;Babosa / Aloe;REG:100490104;aloe;aloe ferox mill.;200;aloe__aloe_ferox_mill.xlsx;AMARGOL;;;REGISTRADO;100490104;25351.280421/2005-78;LABORATÓRIO SAÚDE LTDA - 91.671.792/0001-81;Inativo;08/2007;aloe;incluido_alias_completo;Inativo;100490104;25351 280421 2005 78;amargol;laboratorio saude ltda 91 671 792 0001 81;;2005;TRUE;1;aloe;aloe ferox mill.
23;Babosa / Aloe;REG:102330003;aloe;aloe ferox mill.;200;aloe__aloe_ferox_mill.xlsx;COLOMETIN;;;REGISTRADO;102330003;25991.010545/80;LABORATÓRIO SANIFER SA - 92.691.179/0001-99;Inativo;03/2007;aloe;incluido_alias_completo;Inativo;102330003;25991 010545 80;colometin;laboratorio sanifer sa 92 691 179 0001 99;;;TRUE;1;aloe;aloe ferox mill.
23;Babosa / Aloe;REG:102512419;aloe;aloe ferox mill.;200;aloe__aloe_ferox_mill.xlsx;DIGESTAR;;;REGISTRADO;102512419;25001.010071/80;BRASMEDICA SA IND FTCA - 60.889.557/0001-57;Inativo;10/2000;aloe;incluido_alias_completo;Inativo;102512419;25001 010071 80;digestar;brasmedica sa ind ftca 60 889 557 0001 57;;;TRUE;1;aloe;aloe ferox mill.
23;Babosa / Aloe;REG:102660077;aloe;aloe socotrina;199;aloe__Aloe_socotrina.xlsx;COMPLEXO HOMEOPÁTICO ALOE SOCOTRINA ALMEIDA PRADO 25;;;REGISTRADO;102660077;25992.017386/70;FARMÁCIA E LABORATÓRIO HOMEOPÁTICO ALMEIDA PRADO LTDA - 60.862.208/0001-41;Inativo;03/2011;aloe;incluido_alias_completo;Inativo;102660077;25992 017386 70;complexo homeopatico aloe socotrina almeida prado 25;farmacia e laboratorio homeopatico almeida prado ltda 60 862 208 0001 41;;;TRUE;1;aloe;aloe socotrina
23;Babosa / Aloe;REG:102990002;aloe;aloe ferox mill.;200;aloe__aloe_ferox_mill.xlsx;OLINA ESSÊNCIA DE VIDA;OLINA-ESSENCIA DE VIDA;aloe ferox mill., angelica archangelica l., gentiana lutea l., commyphora myrrha, rheum palmatum l., gentiana lutea, cinnamomum zeylanicum ness.;REGISTRADO;102990002;25001.005976/78;LABORATÓRIO WESP LTDA - 92.690.999/0001-66;Ativo;10/2029;aloe;incluido_alias_completo;Ativo;102990002;25001 005976 78;olina essencia de vida;laboratorio wesp ltda 92 690 999 0001 66;aloe ferox mill angelica archangelica l gentiana lutea l commyphora myrrha rheum palmatum l gentiana lutea cinnamomum zeylanicum ness;;TRUE;1;aloe;aloe ferox mill.
23;Babosa / Aloe;REG:103700401;aloe;tintura aloe perryi;202;aloe__tintura_aloe_perryi.xlsx;TEUTÔNICO;;;REGISTRADO;103700401;25351.217268/2002-08;LABORATÓRIO TEUTO BRASILEIRO S/A - 17.159.229/0001-76;Inativo;05/2008;aloe;incluido_alias_completo;Inativo;103700401;25351 217268 2002 08;teutonico;laboratorio teuto brasileiro s a 17 159 229 0001 76;;2002;TRUE;1;aloe;tintura aloe perryi
23;Babosa / Aloe;REG:104040145;aloe;tintura de aloes;203;aloe__tintura_de_aloes.xlsx;TÔNICO BLUMEN;TONICO BLUMEN;;REGISTRADO;104040145;25001.000643/84;LUPER INDÚSTRIA FARMACÊUTICA LTDA - 61.299.111/0001-35;Inativo;10/2005;;incluido_excecao;Inativo;104040145;25001 000643 84;tonico blumen;luper industria farmaceutica ltda 61 299 111 0001 35;;;FALSE;1;aloe;tintura de aloes
23;Babosa / Aloe;REG:105040010;aloe;aloe ferox mill.;200;aloe__aloe_ferox_mill.xlsx;PÍLULAS DE ERVA DE BICHO COMPOSTAS IMESCARD;;aloe ferox mill., cephaelis ipecacuanha (brot.) a. rich, atropa belladonna l., persicaria hydropiper (l.) delarbre;REGISTRADO;105040010;25992.000370/25;LABORATÓRIOS OSÓRIO DE MORAES LTDA - 19.791.813/0001-75;Ativo;01/2030;aloe;incluido_alias_completo;Ativo;105040010;25992 000370 25;pilulas de erva de bicho compostas imescard;laboratorios osorio de moraes ltda 19 791 813 0001 75;aloe ferox mill cephaelis ipecacuanha brot a rich atropa belladonna l persicaria hydropiper l delarbre;;TRUE;1;aloe;aloe ferox mill.
23;Babosa / Aloe;REG:105110002;aloe;aloe;197;aloe__ALOE.xlsx;Essência Minerva;;;REGISTRADO;105110002;25001.018729/85;LABORATORIOS REUNIDOS PARANA LTDA - 76.487.198/0001-41;Inativo;08/1984;aloe;incluido_alias_completo;Inativo;105110002;25001 018729 85;essencia minerva;laboratorios reunidos parana ltda 76 487 198 0001 41;;;TRUE;1;aloe;aloe
23;Babosa / Aloe;REG:105700032;aloe;aloe ferox mill.;200;aloe__aloe_ferox_mill.xlsx;Amargol;;;REGISTRADO;105700032;25991.003317/81;LABORATORIO QUIMSUL LTDA - 92.782.317/0001-45;Inativo;08/2007;aloe;incluido_alias_completo;Inativo;105700032;25991 003317 81;amargol;laboratorio quimsul ltda 92 782 317 0001 45;;;TRUE;1;aloe;aloe ferox mill.
23;Babosa / Aloe;REG:105820008;aloe;aloe perriy;198;aloe__Aloe_perriy.xlsx;BIOFORTE;;;REGISTRADO;105820008;25000.021680/99-58;LABORATÓRIO INDUSTRIAL FARMACÊUTICO ROCHA LTDA - 06.600.779/0001-62;Inativo;02/2005;aloe;incluido_alias_completo;Inativo;105820008;25000 021680 99 58;bioforte;laboratorio industrial farmaceutico rocha ltda 06 600 779 0001 62;;;TRUE;1;aloe;aloe perriy
23;Babosa / Aloe;REG:105830089;aloe;tintura de aloes;203;aloe__tintura_de_aloes.xlsx;VITÔNICO;;;REGISTRADO;105830089;25001.001811/83;GERMED FARMACEUTICA LTDA - 45.992.062/0001-65;Inativo;07/2014;;incluido_excecao;Inativo;105830089;25001 001811 83;vitonico;germed farmaceutica ltda 45 992 062 0001 65;;;FALSE;1;aloe;tintura de aloes
23;Babosa / Aloe;REG:107740480;aloe;aloe ferox mill.;200;aloe__aloe_ferox_mill.xlsx;LIPOTRON;;;REGISTRADO;107740480;25991.005379/80;LABORATÓRIO CANGERI LTDA - 92.751.965/0001-34;Inativo;09/2005;aloe;incluido_alias_completo;Inativo;107740480;25991 005379 80;lipotron;laboratorio cangeri ltda 92 751 965 0001 34;;;TRUE;1;aloe;aloe ferox mill.
23;Babosa / Aloe;REG:109170042;aloe;aloe perriy;198;aloe__Aloe_perriy.xlsx;MEGATÔNICO;;;REGISTRADO;109170042;25000.011180/98-18;MEDQUIMICA INDUSTRIA FARMACEUTICA LTDA. - 17.875.154/0001-20;Inativo;02/2004;aloe;incluido_alias_completo;Inativo;109170042;25000 011180 98 18;megatonico;medquimica industria farmaceutica ltda 17 875 154 0001 20;;;TRUE;1;aloe;aloe perriy
23;Babosa / Aloe;REG:115570038;Aloe vera;aloe vera (l.) burm. f.;10;Aloe_vera__aloe_vera_l._burm._f.xlsx;PROBEKS;;;REGISTRADO;115570038;25351.011478/00-80;INFAN INDUSTRIA QUIMICA FARMACEUTICA NACIONAL S/A - 08.939.548/0001-03;Inativo;11/2012;aloe vera;incluido_alias_completo;Inativo;115570038;25351 011478 00 80;probeks;infan industria quimica farmaceutica nacional s a 08 939 548 0001 03;;;TRUE;2;aloe | Aloe vera;aloe vera (l.) burm. f.
23;Babosa / Aloe;REG:118600050;Aloe vera;aloe vera (l.) burm. f.;10;Aloe_vera__aloe_vera_l._burm._f.xlsx;ALOE GEL;;;REGISTRADO;118600050;25351.029842/2003-45;HERBARIUM LABORATORIO BOTANICO LTDA - 78.950.011/0001-20;Inativo;03/2009;aloe vera;incluido_alias_completo;Inativo;118600050;25351 029842 2003 45;aloe gel;herbarium laboratorio botanico ltda 78 950 011 0001 20;;2003;TRUE;2;aloe | Aloe vera;aloe vera (l.) burm. f.
23;Babosa / Aloe;REG:118610240;Aloe vera;aloe vera (l.) burm. f.;10;Aloe_vera__aloe_vera_l._burm._f.xlsx;ALOAX;;;REGISTRADO;118610240;25351.229044/2004-01;ATIVUS FARMACÊUTICA LTDA - 64.088.172/0001-41;Inativo;05/2010;aloe vera;incluido_alias_completo;Inativo;118610240;25351 229044 2004 01;aloax;ativus farmaceutica ltda 64 088 172 0001 41;;2004;TRUE;2;aloe | Aloe vera;aloe vera (l.) burm. f.
23;Babosa / Aloe;REG:118610278;Aloe vera;aloe vera (l.) burm. f.;10;Aloe_vera__aloe_vera_l._burm._f.xlsx;ALOAX;;;REGISTRADO;118610278;25351.490860/2011-04;ATIVUS FARMACÊUTICA LTDA - 64.088.172/0001-41;Inativo;12/2018;aloe vera;incluido_alias_completo;Inativo;118610278;25351 490860 2011 04;aloax;ativus farmaceutica ltda 64 088 172 0001 41;;2011;TRUE;2;aloe | Aloe vera;aloe vera (l.) burm. f.
23;Babosa / Aloe;REG:122830018;aloe;tintura de aloes;203;aloe__tintura_de_aloes.xlsx;BIOTONICO FONTOURA N;BIOTONICO FONTOURA;;REGISTRADO;122830018;25991.009275/77;DM INDÚSTRIA FARMACÊUTICA LTDA - 67.866.665/0002-34;Inativo;11/2013;;incluido_excecao;Inativo;122830018;25991 009275 77;biotonico fontoura n;dm industria farmaceutica ltda 67 866 665 0002 34;;;FALSE;1;aloe;tintura de aloes
23;Babosa / Aloe;REG:122830038;aloe;tintura de aloes;203;aloe__tintura_de_aloes.xlsx;SULFATO FERROSO ASSOCIADO;PERTONICO;;REGISTRADO;122830038;25992.013165/76;DM INDÚSTRIA FARMACÊUTICA LTDA - 67.866.665/0002-34;Inativo;02/2003;;incluido_excecao;Inativo;122830038;25992 013165 76;sulfato ferroso associado;dm industria farmaceutica ltda 67 866 665 0002 34;;;FALSE;1;aloe;tintura de aloes
23;Babosa / Aloe;REG:158190011;Aloe vera;aloe vera (l.) burm. f.;10;Aloe_vera__aloe_vera_l._burm._f.xlsx;ALOAX;;;REGISTRADO;158190011;25351.062606/2017-05;ARESE PHARMA LTDA. - 07.670.111/0001-54;Inativo;12/2018;aloe vera;incluido_alias_completo;Inativo;158190011;25351 062606 2017 05;aloax;arese pharma ltda 07 670 111 0001 54;;2017;TRUE;2;aloe | Aloe vera;aloe vera (l.) burm. f.
24;Barbatimão;REG:101180605;Stryphnodendron adstringens;stryphnodendron adstringens (mart.) coville;160;Stryphnodendron_adstringens__stryphnodendron_adstringens_mart._coville.xlsx;FITOSCAR;;stryphnodendron adstringens (mart.) coville;REGISTRADO;101180605;25351.172353/2007-36;APSEN FARMACEUTICA S/A - 62.462.015/0001-29;Ativo;12/2027;stryphnodendron adstringens;incluido_alias_completo;Ativo;101180605;25351 172353 2007 36;fitoscar;apsen farmaceutica s a 62 462 015 0001 29;stryphnodendron adstringens mart coville;2007;TRUE;1;Stryphnodendron adstringens;stryphnodendron adstringens (mart.) coville
26;Boldo-baiano;REG:102350256;boldo;boldo;233;boldo__Boldo.xlsx;ALCACHOFRA COMPOSTA;;;REGISTRADO;102350256;25000.006854/82;EMS S/A - 57.507.378/0003-65;Inativo;08/1998;boldo;incluido_alias_completo;Inativo;102350256;25000 006854 82;alcachofra composta;ems s a 57 507 378 0003 65;;;TRUE;1;boldo;boldo
27;Boldo-brasileiro / Falso-boldo / Boldo-africano / Boldo-nacional;REG:102350256;boldo;boldo;233;boldo__Boldo.xlsx;ALCACHOFRA COMPOSTA;;;REGISTRADO;102350256;25000.006854/82;EMS S/A - 57.507.378/0003-65;Inativo;08/1998;boldo;incluido_alias_completo;Inativo;102350256;25000 006854 82;alcachofra composta;ems s a 57 507 378 0003 65;;;TRUE;1;boldo;boldo
28;Boldo-do-chile / Boldo;REG:100660019;peumus boldus molina;peumus boldus molina;374;peumus_boldus_molina__PEUMUS_BOLDUS_MOLINA.xlsx;FIGATIL;LIQUIDO;CYNARA SCOLYMUS L., PEUMUS BOLDUS MOLINA;REGISTRADO;100660019;25992.007245/53;LABORATORIO CATARINENSE LTDA - 84.684.620/0001-87;Ativo;10/2027;peumus boldus molina;incluido_alias_completo;Ativo;100660019;25992 007245 53;figatil;laboratorio catarinense ltda 84 684 620 0001 87;cynara scolymus l peumus boldus molina;;TRUE;1;peumus boldus molina;peumus boldus molina
28;Boldo-do-chile / Boldo;REG:101740050;peumus boldus molina;peumus boldus molina;374;peumus_boldus_molina__PEUMUS_BOLDUS_MOLINA.xlsx;PRINACHOL;;;REGISTRADO;101740050;25351.162065/2002-69;AVERT LABORATÓRIOS LTDA - 44.211.936/0001-37;Inativo;12/2012;peumus boldus molina;incluido_alias_completo;Inativo;101740050;25351 162065 2002 69;prinachol;avert laboratorios ltda 44 211 936 0001 37;;2002;TRUE;1;peumus boldus molina;peumus boldus molina
28;Boldo-do-chile / Boldo;REG:102030001;peumus boldus molina;peumus boldus molina;374;peumus_boldus_molina__PEUMUS_BOLDUS_MOLINA.xlsx;ALCACHOFRA COMPOSTA;;;REGISTRADO;102030001;25001.016880/74;INFABRA INDUSTRIA FARMACEUTICA BRASILEIRA LTDA - 42.341.149/0001-84;Inativo;03/2005;peumus boldus molina;incluido_alias_completo;Inativo;102030001;25001 016880 74;alcachofra composta;infabra industria farmaceutica brasileira ltda 42 341 149 0001 84;;;TRUE;1;peumus boldus molina;peumus boldus molina
28;Boldo-do-chile / Boldo;REG:102330003;peumus boldus molina;peumus boldus molina;374;peumus_boldus_molina__PEUMUS_BOLDUS_MOLINA.xlsx;COLOMETIN;;;REGISTRADO;102330003;25991.010545/80;LABORATÓRIO SANIFER SA - 92.691.179/0001-99;Inativo;03/2007;peumus boldus molina;incluido_alias_completo;Inativo;102330003;25991 010545 80;colometin;laboratorio sanifer sa 92 691 179 0001 99;;;TRUE;1;peumus boldus molina;peumus boldus molina
28;Boldo-do-chile / Boldo;REG:102350029;peumus boldus molina;peumus boldus molina;374;peumus_boldus_molina__PEUMUS_BOLDUS_MOLINA.xlsx;COLACHOFRA;;;REGISTRADO;102350029;25991.011480/80;EMS S/A - 57.507.378/0003-65;Inativo;03/2007;peumus boldus molina;incluido_alias_completo;Inativo;102350029;25991 011480 80;colachofra;ems s a 57 507 378 0003 65;;;TRUE;1;peumus boldus molina;peumus boldus molina
28;Boldo-do-chile / Boldo;REG:102350256;boldo;boldo;233;boldo__Boldo.xlsx;ALCACHOFRA COMPOSTA;;;REGISTRADO;102350256;25000.006854/82;EMS S/A - 57.507.378/0003-65;Inativo;08/1998;boldo;incluido_alias_completo;Inativo;102350256;25000 006854 82;alcachofra composta;ems s a 57 507 378 0003 65;;;TRUE;1;boldo;boldo
28;Boldo-do-chile / Boldo;REG:104440092;peumus boldus molina;peumus boldus molina;374;peumus_boldus_molina__PEUMUS_BOLDUS_MOLINA.xlsx;ATRONAX;;;REGISTRADO;104440092;25001.014395/85;LABORATÓRIO GROSS S. A. - 33.145.194/0001-72;Inativo;05/2006;peumus boldus molina;incluido_alias_completo;Inativo;104440092;25001 014395 85;atronax;laboratorio gross s a 33 145 194 0001 72;;;TRUE;1;peumus boldus molina;peumus boldus molina
28;Boldo-do-chile / Boldo;REG:104730036;peumus boldus molina;peumus boldus molina;374;peumus_boldus_molina__PEUMUS_BOLDUS_MOLINA.xlsx;BOLDO KLEIN;;PEUMUS BOLDUS MOLINA;REGISTRADO;104730036;25351.221230/2008-17;VIDORA FARMACÊUTICA LTDA - 92.762.277/0001-70;Ativo;07/2028;peumus boldus molina;incluido_alias_completo;Ativo;104730036;25351 221230 2008 17;boldo klein;vidora farmaceutica ltda 92 762 277 0001 70;peumus boldus molina;2008;TRUE;1;peumus boldus molina;peumus boldus molina
28;Boldo-do-chile / Boldo;REG:105290014;peumus boldus molina;peumus boldus molina;374;peumus_boldus_molina__PEUMUS_BOLDUS_MOLINA.xlsx;FITOBOLDUS;;;REGISTRADO;105290014;25351.069225/2003-82;EASELABS LABORATORIO FARMACEUTICO LTDA. - 17.299.140/0001-05;Inativo;08/2009;peumus boldus molina;incluido_alias_completo;Inativo;105290014;25351 069225 2003 82;fitoboldus;easelabs laboratorio farmaceutico ltda 17 299 140 0001 05;;2003;TRUE;1;peumus boldus molina;peumus boldus molina
28;Boldo-do-chile / Boldo;REG:105710143;peumus boldus molina;peumus boldus molina;374;peumus_boldus_molina__PEUMUS_BOLDUS_MOLINA.xlsx;BOLDO BELFAR;;PEUMUS BOLDUS MOLINA;REGISTRADO;105710143;25351.745189/2009-61;BELFAR LTDA - 18.324.343/0001-77;Ativo;11/2035;peumus boldus molina;incluido_alias_completo;Ativo;105710143;25351 745189 2009 61;boldo belfar;belfar ltda 18 324 343 0001 77;peumus boldus molina;2009;TRUE;1;peumus boldus molina;peumus boldus molina
28;Boldo-do-chile / Boldo;REG:105710167;peumus boldus molina;peumus boldus molina;374;peumus_boldus_molina__PEUMUS_BOLDUS_MOLINA.xlsx;IEROBINA;;PEUMUS BOLDUS MOLINA;REGISTRADO;105710167;25351.749032/2019-76;BELFAR LTDA - 18.324.343/0001-77;Ativo;02/2032;peumus boldus molina;incluido_alias_completo;Ativo;105710167;25351 749032 2019 76;ierobina;belfar ltda 18 324 343 0001 77;peumus boldus molina;2019;TRUE;1;peumus boldus molina;peumus boldus molina
28;Boldo-do-chile / Boldo;REG:106390030;peumus boldus molina;peumus boldus molina;374;peumus_boldus_molina__PEUMUS_BOLDUS_MOLINA.xlsx;EPAREMA;;;REGISTRADO;106390030;25992.004943/34;TAKEDA PHARMA LTDA. - 60.397.775/0001-74;Inativo;10/2029;peumus boldus molina;incluido_alias_completo;Inativo;106390030;25992 004943 34;eparema;takeda pharma ltda 60 397 775 0001 74;;;TRUE;1;peumus boldus molina;peumus boldus molina
28;Boldo-do-chile / Boldo;REG:106890062;peumus boldus molina;peumus boldus molina;374;peumus_boldus_molina__PEUMUS_BOLDUS_MOLINA.xlsx;GOTAS PRECIOSAS;;PEUMUS BOLDUS MOLINA;REGISTRADO;106890062;25001.005465/83;KLEY HERTZ FARMACEUTICA S.A - 92.695.691/0001-03;Ativo;08/2028;peumus boldus molina;incluido_alias_completo;Ativo;106890062;25001 005465 83;gotas preciosas;kley hertz farmaceutica s a 92 695 691 0001 03;peumus boldus molina;;TRUE;1;peumus boldus molina;peumus boldus molina
28;Boldo-do-chile / Boldo;REG:106890155;peumus boldus molina;peumus boldus molina;374;peumus_boldus_molina__PEUMUS_BOLDUS_MOLINA.xlsx;HEPATILON;copo dosador;PEUMUS BOLDUS MOLINA;REGISTRADO;106890155;25351.430200/2005-57;KLEY HERTZ FARMACEUTICA S.A - 92.695.691/0001-03;Ativo;01/2036;peumus boldus molina;incluido_alias_completo;Ativo;106890155;25351 430200 2005 57;hepatilon;kley hertz farmaceutica s a 92 695 691 0001 03;peumus boldus molina;2005;TRUE;1;peumus boldus molina;peumus boldus molina
28;Boldo-do-chile / Boldo;REG:106890161;peumus boldus molina;peumus boldus molina;374;peumus_boldus_molina__PEUMUS_BOLDUS_MOLINA.xlsx;HEPATILON;;PEUMUS BOLDUS, PEUMUS BOLDUS MOLINA;REGISTRADO;106890161;25351.237045/2006-82;KLEY HERTZ FARMACEUTICA S.A - 92.695.691/0001-03;Ativo;11/2028;peumus boldus molina;incluido_alias_completo;Ativo;106890161;25351 237045 2006 82;hepatilon;kley hertz farmaceutica s a 92 695 691 0001 03;peumus boldus peumus boldus molina;2006;TRUE;1;peumus boldus molina;peumus boldus molina
28;Boldo-do-chile / Boldo;REG:115570065;peumus boldus molina;peumus boldus molina;374;peumus_boldus_molina__PEUMUS_BOLDUS_MOLINA.xlsx;BOLDINE;;;REGISTRADO;115570065;25351.222418/2008-82;INFAN INDUSTRIA QUIMICA FARMACEUTICA NACIONAL S/A - 08.939.548/0001-03;Inativo;11/2028;peumus boldus molina;incluido_alias_completo;Inativo;115570065;25351 222418 2008 82;boldine;infan industria quimica farmaceutica nacional s a 08 939 548 0001 03;;2008;TRUE;1;peumus boldus molina;peumus boldus molina
28;Boldo-do-chile / Boldo;REG:116780017;peumus boldus molina;peumus boldus molina;374;peumus_boldus_molina__PEUMUS_BOLDUS_MOLINA.xlsx;HEPATOPLANTAS;;PEUMUS BOLDUS MOLINA;REGISTRADO;116780017;25351.808547/2008-01;AS ERVAS CURAM INDUSTRIA FARMACEUTICA LTDA - 79.634.572/0001-82;Ativo;12/2029;peumus boldus molina;incluido_alias_completo;Ativo;116780017;25351 808547 2008 01;hepatoplantas;as ervas curam industria farmaceutica ltda 79 634 572 0001 82;peumus boldus molina;2008;TRUE;1;peumus boldus molina;peumus boldus molina
28;Boldo-do-chile / Boldo;REG:117170074;peumus boldus molina;peumus boldus molina;374;peumus_boldus_molina__PEUMUS_BOLDUS_MOLINA.xlsx;BIOHEPATON;;PEUMUS BOLDUS MOLINA;REGISTRADO;117170074;25351.176531/2009-78;PHARMASCIENCE INDUSTRIA FARMACEUTICA S.A - 25.773.037/0001-83;Ativo;01/2030;peumus boldus molina;incluido_alias_completo;Ativo;117170074;25351 176531 2009 78;biohepaton;pharmascience industria farmaceutica s a 25 773 037 0001 83;peumus boldus molina;2009;TRUE;1;peumus boldus molina;peumus boldus molina
28;Boldo-do-chile / Boldo;REG:118600076;peumus boldus molina;peumus boldus molina;374;peumus_boldus_molina__PEUMUS_BOLDUS_MOLINA.xlsx;HEPALIVE S.O.;;;REGISTRADO;118600076;25351.002713/2007-33;HERBARIUM LABORATORIO BOTANICO LTDA - 78.950.011/0001-20;Inativo;08/2027;peumus boldus molina;incluido_alias_completo;Inativo;118600076;25351 002713 2007 33;hepalive s o;herbarium laboratorio botanico ltda 78 950 011 0001 20;;2007;TRUE;1;peumus boldus molina;peumus boldus molina
28;Boldo-do-chile / Boldo;REG:126090140;peumus boldus molina;peumus boldus molina;374;peumus_boldus_molina__PEUMUS_BOLDUS_MOLINA.xlsx;BOLDO AMAZON ERVAS;BOLDOMAX AMZON ERVAS;;REGISTRADO;126090140;25351.067908/2003-03;AMAZON ERVAS LABORATÓRIO BOTÂNICO LTDA - 05.501.937/0001-64;Inativo;05/2009;peumus boldus molina;incluido_alias_completo;Inativo;126090140;25351 067908 2003 03;boldo amazon ervas;amazon ervas laboratorio botanico ltda 05 501 937 0001 64;;2003;TRUE;1;peumus boldus molina;peumus boldus molina
28;Boldo-do-chile / Boldo;REG:127580004;peumus boldus molina;peumus boldus molina;374;peumus_boldus_molina__PEUMUS_BOLDUS_MOLINA.xlsx;EPATOCAR;;;REGISTRADO;127580004;25000.018160/95-16;LABORATÓRIO FARMACÊUTICO CARESSE LTDA ME - 56.930.811/0001-46;Inativo;01/2007;peumus boldus molina;incluido_alias_completo;Inativo;127580004;25000 018160 95 16;epatocar;laboratorio farmaceutico caresse ltda me 56 930 811 0001 46;;;TRUE;1;peumus boldus molina;peumus boldus molina
28;Boldo-do-chile / Boldo;REG:135310027;peumus boldus molina;peumus boldus molina;374;peumus_boldus_molina__PEUMUS_BOLDUS_MOLINA.xlsx;FIGATOSAN;;;REGISTRADO;135310027;25351.058516/2007-79;IFAL INDUSTRIA E COMERCIO DE PRODUTOS FARMAC LTDA - 00.376.959/0001-26;Inativo;08/2027;peumus boldus molina;incluido_alias_completo;Inativo;135310027;25351 058516 2007 79;figatosan;ifal industria e comercio de produtos farmac ltda 00 376 959 0001 26;;2007;TRUE;1;peumus boldus molina;peumus boldus molina
28;Boldo-do-chile / Boldo;REG:137640093;peumus boldus molina;peumus boldus molina;374;peumus_boldus_molina__PEUMUS_BOLDUS_MOLINA.xlsx;ALCACHOFRA COMPOSTA;;;REGISTRADO;137640093;25351.056726/2003-07;ASPEN PHARMA INDÚSTRIA FARMACÊUTICA LTDA - 02.433.631/0001-20;Inativo;03/2005;peumus boldus molina;incluido_alias_completo;Inativo;137640093;25351 056726 2003 07;alcachofra composta;aspen pharma industria farmaceutica ltda 02 433 631 0001 20;;2003;TRUE;1;peumus boldus molina;peumus boldus molina
28;Boldo-do-chile / Boldo;REG:138410055;peumus boldus molina;peumus boldus molina;374;peumus_boldus_molina__PEUMUS_BOLDUS_MOLINA.xlsx;EPAPHYTO;;PEUMUS BOLDUS MOLINA;REGISTRADO;138410055;25351.370068/2012-40;NATULAB LABORATORIO S.A - 02.456.955/0001-83;Ativo;05/2028;peumus boldus molina;incluido_alias_completo;Ativo;138410055;25351 370068 2012 40;epaphyto;natulab laboratorio s a 02 456 955 0001 83;peumus boldus molina;2012;TRUE;1;peumus boldus molina;peumus boldus molina
28;Boldo-do-chile / Boldo;REG:152080003;peumus boldus molina;peumus boldus molina;374;peumus_boldus_molina__PEUMUS_BOLDUS_MOLINA.xlsx;PLAN 30 DIAS;;SENNA ALEXANDRINA MILL., PEUMUS BOLDUS MOLINA;REGISTRADO;152080003;25351.756358/2018-79;TÉ GUARANI DO BRASIL LTDA - 04.259.723/0001-60;Ativo;04/2030;peumus boldus molina;incluido_alias_completo;Ativo;152080003;25351 756358 2018 79;plan 30 dias;te guarani do brasil ltda 04 259 723 0001 60;senna alexandrina mill peumus boldus molina;2018;TRUE;1;peumus boldus molina;peumus boldus molina
28;Boldo-do-chile / Boldo;REG:154000039;peumus boldus molina;peumus boldus molina;374;peumus_boldus_molina__PEUMUS_BOLDUS_MOLINA.xlsx;BOLDOVITA;;;REGISTRADO;154000039;25351.000540/2003-95;LABORATÓRIO VITALAB LTDA - 56.646.953/0001-86;Inativo;06/2028;peumus boldus molina;incluido_alias_completo;Inativo;154000039;25351 000540 2003 95;boldovita;laboratorio vitalab ltda 56 646 953 0001 86;;2003;TRUE;1;peumus boldus molina;peumus boldus molina
28;Boldo-do-chile / Boldo;REG:154000048;peumus boldus molina;peumus boldus molina;374;peumus_boldus_molina__PEUMUS_BOLDUS_MOLINA.xlsx;ALCACHOFRA COMPOSTA;;;REGISTRADO;154000048;25351.423249/2005-53;LABORATÓRIO VITALAB LTDA - 56.646.953/0001-86;Inativo;07/2007;peumus boldus molina;incluido_alias_completo;Inativo;154000048;25351 423249 2005 53;alcachofra composta;laboratorio vitalab ltda 56 646 953 0001 86;;2005;TRUE;1;peumus boldus molina;peumus boldus molina
28;Boldo-do-chile / Boldo;REG:154000049;peumus boldus molina;peumus boldus molina;374;peumus_boldus_molina__PEUMUS_BOLDUS_MOLINA.xlsx;BOLDO COMPOSTO;;;REGISTRADO;154000049;25351.429335/2005-70;LABORATÓRIO VITALAB LTDA - 56.646.953/0001-86;Inativo;06/2011;peumus boldus molina;incluido_alias_completo;Inativo;154000049;25351 429335 2005 70;boldo composto;laboratorio vitalab ltda 56 646 953 0001 86;;2005;TRUE;1;peumus boldus molina;peumus boldus molina
28;Boldo-do-chile / Boldo;REG:178170911;peumus boldus molina;peumus boldus molina;374;peumus_boldus_molina__PEUMUS_BOLDUS_MOLINA.xlsx;EPAREMA;;Rheum palmatum L., Frangula purshiana (DC.) A. Gray , PEUMUS BOLDUS MOLINA;REGISTRADO;178170911;25351.109957/2021-02;COSMED INDUSTRIA DE COSMETICOS E MEDICAMENTOS S.A. - 61.082.426/0002-07;Ativo;10/2029;peumus boldus molina;incluido_alias_completo;Ativo;178170911;25351 109957 2021 02;eparema;cosmed industria de cosmeticos e medicamentos s a 61 082 426 0002 07;rheum palmatum l frangula purshiana dc a gray peumus boldus molina;2021;TRUE;1;peumus boldus molina;peumus boldus molina
29;Caju / Cajueiro;REG:102470046;Anacardium occidentale;anacardium occidentale linné;13;Anacardium_occidentale__Anacardium_occidentale_Linné.xlsx;TIRABETE;;;REGISTRADO;102470046;25992.013067/75;HOMEOPATIA WALDEMIRO PEREIRA LABORATORIO INDUSTRIAL FARMACEUTICO LTDA - 76.440.528/0001-43;Inativo;12/2010;anacardium occidentale;incluido_alias_completo;Inativo;102470046;25992 013067 75;tirabete;homeopatia waldemiro pereira laboratorio industrial farmaceutico ltda 76 440 528 0001 43;;;TRUE;1;Anacardium occidentale;anacardium occidentale linné
29;Caju / Cajueiro;REG:104770019;Anacardium occidentale;anacardium occidentale linné;13;Anacardium_occidentale__Anacardium_occidentale_Linné.xlsx;ELIXIR DE CAJU E CHAPEU DE COURO;;;REGISTRADO;104770019;25001.018893/85;LAB REGIUS LTDA - 92.691.187/0001-35;Inativo;07/2004;anacardium occidentale;incluido_alias_completo;Inativo;104770019;25001 018893 85;elixir de caju e chapeu de couro;lab regius ltda 92 691 187 0001 35;;;TRUE;1;Anacardium occidentale;anacardium occidentale linné
30;Calêndula;REG:100610041;Calendula officinalis;calendula officinalis l.;27;Calendula_officinalis__calendula_officinalis_l.xlsx;WECESIN;WECESIN PÓ WELEDA, WECESIN SPRAY;;REGISTRADO;100610041;25992.019318/75;WELEDA DO BRASIL LABORATÓRIO E FARMÁCIA LTDA - 56.992.217/0001-80;Inativo;08/2010;calendula officinalis;incluido_alias_completo;Inativo;100610041;25992 019318 75;wecesin;weleda do brasil laboratorio e farmacia ltda 56 992 217 0001 80;;;TRUE;2;calendula | Calendula officinalis;calendula officinalis l.
30;Calêndula;REG:100920058;Calendula officinalis;calendula officinalis l.;27;Calendula_officinalis__calendula_officinalis_l.xlsx;CHALAX;;;REGISTRADO;100920058;25992.003218/34;LABORATORIO INDUSTRIAL FARMACÊUTICO LIFAR LTDA - 92.928.951/0001-43;Inativo;10/2009;calendula officinalis;incluido_alias_completo;Inativo;100920058;25992 003218 34;chalax;laboratorio industrial farmaceutico lifar ltda 92 928 951 0001 43;;;TRUE;2;calendula | Calendula officinalis;calendula officinalis l.
30;Calêndula;REG:102660166;Calendula officinalis;calendula officinalis l.;27;Calendula_officinalis__calendula_officinalis_l.xlsx;NATUBABY;;;REGISTRADO;102660166;25351.541146/2008-17;FARMÁCIA E LABORATÓRIO HOMEOPÁTICO ALMEIDA PRADO LTDA - 60.862.208/0001-41;Inativo;11/2028;calendula officinalis;incluido_alias_completo;Inativo;102660166;25351 541146 2008 17;natubaby;farmacia e laboratorio homeopatico almeida prado ltda 60 862 208 0001 41;;2008;TRUE;2;calendula | Calendula officinalis;calendula officinalis l.
30;Calêndula;REG:103900191;Calendula officinalis;calendula officinalis l.;27;Calendula_officinalis__calendula_officinalis_l.xlsx;MOTIX;;;REGISTRADO;103900191;25351.422047/2015-66;FARMOQUÍMICA S/A - 33.349.473/0001-58;Inativo;12/2026;calendula officinalis;incluido_alias_completo;Inativo;103900191;25351 422047 2015 66;motix;farmoquimica s a 33 349 473 0001 58;;2015;TRUE;2;calendula | Calendula officinalis;calendula officinalis l.
30;Calêndula;REG:103900228;Calendula officinalis;calendula officinalis l.;27;Calendula_officinalis__calendula_officinalis_l.xlsx;MOTIX;;arnica montana, arnica montana l., calendula officinalis l., hamamelis virginiana l., echinacea angustifolia, echinacea angustifolia dc., echinacea purpurea (l.) moench, matricaria chamomilla , matricaria chamomilla l., bellis perennis, symphytum officinale, hypericum perforatum, achillea millefolium l., aconitum napellus, atropa belladonna, mercurius solubilis, hepar sulfuris, hepar sulphur;REGISTRADO;103900228;25351.203839/2024-24;FARMOQUÍMICA S/A - 33.349.473/0001-58;Ativo;06/2034;calendula officinalis;incluido_alias_completo;Ativo;103900228;25351 203839 2024 24;motix;farmoquimica s a 33 349 473 0001 58;arnica montana arnica montana l calendula officinalis l hamamelis virginiana l echinacea angustifolia echinacea angustifolia dc echinacea purpurea l moench matricaria chamomilla matricaria chamomilla l bellis perennis symphytum officinale hypericum perforatum achillea millefolium l aconitum napellus atropa belladonna mercurius solubilis hepar sulfuris hepar sulphur;2024;TRUE;2;calendula | Calendula officinalis;calendula officinalis l.
30;Calêndula;REG:104670061;Calendula officinalis;calendula officinalis l.;27;Calendula_officinalis__calendula_officinalis_l.xlsx;COLIRIO BOA VISTA;;;REGISTRADO;104670061;25000.005663/88-75;LABORATORIO FARMAERVAS LTDA - 60.565.520/0001-73;Inativo;08/2004;calendula officinalis;incluido_alias_completo;Inativo;104670061;25000 005663 88 75;colirio boa vista;laboratorio farmaervas ltda 60 565 520 0001 73;;;TRUE;2;calendula | Calendula officinalis;calendula officinalis l.
30;Calêndula;REG:104730024;Calendula officinalis;calendula officinalis l.;27;Calendula_officinalis__calendula_officinalis_l.xlsx;POMADA DE CALÊNDULA KLEIN;;;REGISTRADO;104730024;25000.018045/73;VIDORA FARMACÊUTICA LTDA - 92.762.277/0001-70;Inativo;10/2004;calendula officinalis;incluido_alias_completo;Inativo;104730024;25000 018045 73;pomada de calendula klein;vidora farmaceutica ltda 92 762 277 0001 70;;;TRUE;2;calendula | Calendula officinalis;calendula officinalis l.
30;Calêndula;REG:104730025;Calendula officinalis;calendula officinalis l.;27;Calendula_officinalis__calendula_officinalis_l.xlsx;POMADA CALÊNDULA COMPOSTA;;;REGISTRADO;104730025;25000.018046/73;VIDORA FARMACÊUTICA LTDA - 92.762.277/0001-70;Inativo;09/2004;calendula officinalis;incluido_alias_completo;Inativo;104730025;25000 018046 73;pomada calendula composta;vidora farmaceutica ltda 92 762 277 0001 70;;;TRUE;2;calendula | Calendula officinalis;calendula officinalis l.
30;Calêndula;REG:105760004;Calendula officinalis;calendula officinalis l.;27;Calendula_officinalis__calendula_officinalis_l.xlsx;CALÊNDULA CONCRETA;;;REGISTRADO;105760004;25992.028317/70;LABORATORIO SIMOES LTDA. - 33.379.884/0001-96;Inativo;09/2019;calendula officinalis;incluido_alias_completo;Inativo;105760004;25992 028317 70;calendula concreta;laboratorio simoes ltda 33 379 884 0001 96;;;TRUE;2;calendula | Calendula officinalis;calendula officinalis l.
30;Calêndula;REG:121390026;Calendula officinalis;calendula officinalis l.;27;Calendula_officinalis__calendula_officinalis_l.xlsx;TINTURA DE CALÊNDULA YANTEN;;;REGISTRADO;121390026;25351.516548/2011-16;LABORATORIO YANTEN LTDA - 84.830.074/0001-45;Inativo;12/2027;calendula officinalis;incluido_alias_completo;Inativo;121390026;25351 516548 2011 16;tintura de calendula yanten;laboratorio yanten ltda 84 830 074 0001 45;;2011;TRUE;2;calendula | Calendula officinalis;calendula officinalis l.
30;Calêndula;REG:128420008;Calendula officinalis;calendula officinalis l.;27;Calendula_officinalis__calendula_officinalis_l.xlsx;TRAUMEEL S;;;REGISTRADO;128420008;25000.007786/96-04;PROBIOS COMÉRCIO IMPORTAÇÃO E EXPORTAÇÃO LTDA - 74.455.197/0001-90;Inativo;12/2006;calendula officinalis;incluido_alias_completo;Inativo;128420008;25000 007786 96 04;traumeel s;probios comercio importacao e exportacao ltda 74 455 197 0001 90;;;TRUE;2;calendula | Calendula officinalis;calendula officinalis l.
30;Calêndula;REG:133450004;Calendula officinalis;calendula officinalis l.;27;Calendula_officinalis__calendula_officinalis_l.xlsx;UEPG-CALENDULA;;;REGISTRADO;133450004;25351.017206/2003-71;UNIVERSIDADE ESTADUAL DE PONTA GROSSA - 80.257.355/0001-08;Inativo;02/2009;calendula officinalis;incluido_alias_completo;Inativo;133450004;25351 017206 2003 71;uepg calendula;universidade estadual de ponta grossa 80 257 355 0001 08;;2003;TRUE;2;calendula | Calendula officinalis;calendula officinalis l.
30;Calêndula;REG:161980007;Calendula officinalis;calendula officinalis l.;27;Calendula_officinalis__calendula_officinalis_l.xlsx;TRAUMEEL S;;arnica montana, arnica montana l., calendula officinalis l., hamamelis virginiana l., echinacea angustifolia dc., echinacea purpurea, echinacea purpurea (l.) moench, matricaria chamomilla , matricaria chamomilla l., bellis perennis, symphytum officinale, hypericum perforatum, achillea millefolium l., aconitum napellus, atropa belladonna, mercurius solubilis, hepar sulfuris, hepar sulphur;REGISTRADO;161980007;25351.280113/2005-42;HEEL DO BRASIL BIOMÉDICA LTDA - 05.994.539/0001-27;Ativo;09/2028;calendula officinalis;incluido_alias_completo;Ativo;161980007;25351 280113 2005 42;traumeel s;heel do brasil biomedica ltda 05 994 539 0001 27;arnica montana arnica montana l calendula officinalis l hamamelis virginiana l echinacea angustifolia dc echinacea purpurea echinacea purpurea l moench matricaria chamomilla matricaria chamomilla l bellis perennis symphytum officinale hypericum perforatum achillea millefolium l aconitum napellus atropa belladonna mercurius solubilis hepar sulfuris hepar sulphur;2005;TRUE;2;calendula | Calendula officinalis;calendula officinalis l.
30;Calêndula;REG:169160002;Calendula officinalis;calendula officinalis l.;27;Calendula_officinalis__calendula_officinalis_l.xlsx;SÉDATIF PC;;aconitum, aconitum napellus, atropa belladonna, calendula officinalis l., chelidonium majus, abrus precatorius, viburnum opulus;REGISTRADO;169160002;25351.318448/2007-11;BOIRON MEDICAMENTOS HOMEOPÁTICOS LTDA - 07.498.711/0001-87;Ativo;03/2029;calendula officinalis;incluido_alias_completo;Ativo;169160002;25351 318448 2007 11;sedatif pc;boiron medicamentos homeopaticos ltda 07 498 711 0001 87;aconitum aconitum napellus atropa belladonna calendula officinalis l chelidonium majus abrus precatorius viburnum opulus;2007;TRUE;2;calendula | Calendula officinalis;calendula officinalis l.
30;Calêndula;REG:169160005;Calendula officinalis;calendula officinalis l.;27;Calendula_officinalis__calendula_officinalis_l.xlsx;HOMÉOPTIC;;;REGISTRADO;169160005;25351.076711/2011-16;BOIRON MEDICAMENTOS HOMEOPÁTICOS LTDA - 07.498.711/0001-87;Inativo;02/2020;calendula officinalis;incluido_alias_completo;Inativo;169160005;25351 076711 2011 16;homeoptic;boiron medicamentos homeopaticos ltda 07 498 711 0001 87;;2011;TRUE;2;calendula | Calendula officinalis;calendula officinalis l.
31;Camomila;REG:100610008;Matricaria chamomilla;matricaria chamomilla l.;93;Matricaria_chamomilla__matricaria_chamomilla_l.xlsx;GASTRODORON;;;REGISTRADO;100610008;25992.011520/75;WELEDA DO BRASIL LABORATÓRIO E FARMÁCIA LTDA - 56.992.217/0001-80;Inativo;08/2010;matricaria chamomilla;incluido_alias_completo;Inativo;100610008;25992 011520 75;gastrodoron;weleda do brasil laboratorio e farmacia ltda 56 992 217 0001 80;;;TRUE;2;matricaria | Matricaria chamomilla;matricaria chamomilla l.
31;Camomila;REG:100660043;Matricaria chamomilla;matricaria chamomilla l.;93;Matricaria_chamomilla__matricaria_chamomilla_l.xlsx;PHYTOCALM;;;REGISTRADO;100660043;25992.026222/75;LABORATORIO CATARINENSE LTDA - 84.684.620/0001-87;Inativo;09/2006;matricaria chamomilla;incluido_alias_completo;Inativo;100660043;25992 026222 75;phytocalm;laboratorio catarinense ltda 84 684 620 0001 87;;;TRUE;2;matricaria | Matricaria chamomilla;matricaria chamomilla l.
31;Camomila;REG:101910061;Matricaria chamomilla;matricaria chamomilla l.;93;Matricaria_chamomilla__matricaria_chamomilla_l.xlsx;CAMOMILINA C;;matricaria chamomilla l., glycyrrhiza glabra l., ácido ascórbico, colecalciferol;REGISTRADO;101910061;25992.000773/18;THERASKIN FARMACEUTICA LTDA. - 61.517.397/0001-88;Ativo;07/2026;matricaria chamomilla;incluido_alias_completo;Ativo;101910061;25992 000773 18;camomilina c;theraskin farmaceutica ltda 61 517 397 0001 88;matricaria chamomilla l glycyrrhiza glabra l acido ascorbico colecalciferol;;TRUE;2;matricaria | Matricaria chamomilla;matricaria chamomilla l.
31;Camomila;REG:102470069;Matricaria chamomilla;matricaria chamomilla l.;93;Matricaria_chamomilla__matricaria_chamomilla_l.xlsx;NYRVADENT;;;REGISTRADO;102470069;25001.021333/84;HOMEOPATIA WALDEMIRO PEREIRA LABORATORIO INDUSTRIAL FARMACEUTICO LTDA - 76.440.528/0001-43;Inativo;03/2005;matricaria chamomilla;incluido_alias_completo;Inativo;102470069;25001 021333 84;nyrvadent;homeopatia waldemiro pereira laboratorio industrial farmaceutico ltda 76 440 528 0001 43;;;TRUE;2;matricaria | Matricaria chamomilla;matricaria chamomilla l.
31;Camomila;REG:102640032;Matricaria recutita;matricaria recutita l.;94;Matricaria_recutita__matricaria_recutita_l.xlsx;MATRICARIA F. DUTRA;;;REGISTRADO;102640032;25991.013525/78;MILLER INDUSTRIAL FTCA LTDA - 33.191.735/0001-07;Inativo;03/2005;matricaria recutita;incluido_alias_completo;Inativo;102640032;25991 013525 78;matricaria f dutra;miller industrial ftca ltda 33 191 735 0001 07;;;TRUE;2;matricaria | Matricaria recutita;matricaria recutita l.
31;Camomila;REG:102660063;Matricaria chamomilla;matricaria chamomilla l.;93;Matricaria_chamomilla__matricaria_chamomilla_l.xlsx;COMPLEXO HOMEOPÁTICO CALCAREA PHOSPHORICA ALMEIDA PRADO 24;;;REGISTRADO;102660063;25992.017385/70;FARMÁCIA E LABORATÓRIO HOMEOPÁTICO ALMEIDA PRADO LTDA - 60.862.208/0001-41;Inativo;02/2026;matricaria chamomilla;incluido_alias_completo;Inativo;102660063;25992 017385 70;complexo homeopatico calcarea phosphorica almeida prado 24;farmacia e laboratorio homeopatico almeida prado ltda 60 862 208 0001 41;;;TRUE;2;matricaria | Matricaria chamomilla;matricaria chamomilla l.
31;Camomila;REG:102660115;Matricaria chamomilla;matricaria chamomilla l.;93;Matricaria_chamomilla__matricaria_chamomilla_l.xlsx;COMPLEXO HOMEOPÁTICO CHAMOMILLA  ALMEIDA PRADO 23;;;REGISTRADO;102660115;25992.017384/70;FARMÁCIA E LABORATÓRIO HOMEOPÁTICO ALMEIDA PRADO LTDA - 60.862.208/0001-41;Inativo;03/2011;matricaria chamomilla;incluido_alias_completo;Inativo;102660115;25992 017384 70;complexo homeopatico chamomilla almeida prado 23;farmacia e laboratorio homeopatico almeida prado ltda 60 862 208 0001 41;;;TRUE;2;matricaria | Matricaria chamomilla;matricaria chamomilla l.
31;Camomila;REG:102660162;Matricaria chamomilla;matricaria chamomilla l.;93;Matricaria_chamomilla__matricaria_chamomilla_l.xlsx;TEPEEX;;;REGISTRADO;102660162;25351.525694/2008-08;FARMÁCIA E LABORATÓRIO HOMEOPÁTICO ALMEIDA PRADO LTDA - 60.862.208/0001-41;Inativo;09/2028;matricaria chamomilla;incluido_alias_completo;Inativo;102660162;25351 525694 2008 08;tepeex;farmacia e laboratorio homeopatico almeida prado ltda 60 862 208 0001 41;;2008;TRUE;2;matricaria | Matricaria chamomilla;matricaria chamomilla l.
31;Camomila;REG:102660166;Matricaria chamomilla;matricaria chamomilla l.;93;Matricaria_chamomilla__matricaria_chamomilla_l.xlsx;NATUBABY;;;REGISTRADO;102660166;25351.541146/2008-17;FARMÁCIA E LABORATÓRIO HOMEOPÁTICO ALMEIDA PRADO LTDA - 60.862.208/0001-41;Inativo;11/2028;matricaria chamomilla;incluido_alias_completo;Inativo;102660166;25351 541146 2008 17;natubaby;farmacia e laboratorio homeopatico almeida prado ltda 60 862 208 0001 41;;2008;TRUE;2;matricaria | Matricaria chamomilla;matricaria chamomilla l.
31;Camomila;REG:103900191;Matricaria chamomilla;matricaria chamomilla l.;93;Matricaria_chamomilla__matricaria_chamomilla_l.xlsx;MOTIX;;;REGISTRADO;103900191;25351.422047/2015-66;FARMOQUÍMICA S/A - 33.349.473/0001-58;Inativo;12/2026;matricaria chamomilla;incluido_alias_completo;Inativo;103900191;25351 422047 2015 66;motix;farmoquimica s a 33 349 473 0001 58;;2015;TRUE;2;matricaria | Matricaria chamomilla;matricaria chamomilla l.
31;Camomila;REG:103900228;Matricaria chamomilla;matricaria chamomilla;92;Matricaria_chamomilla__MATRICARIA_CHAMOMILLA.xlsx;MOTIX;;ARNICA MONTANA L., arnica montana, CALENDULA OFFICINALIS L., HAMAMELIS VIRGINIANA L., ECHINACEA ANGUSTIFOLIA, ECHINACEA ANGUSTIFOLIA DC., ECHINACEA PURPUREA (L.) MOENCH, MATRICARIA CHAMOMILLA , MATRICARIA CHAMOMILLA L., BELLIS PERENNIS, SYMPHYTUM OFFICINALE, HYPERICUM PERFORATUM, ACHILLEA MILLEFOLIUM L., ACONITUM NAPELLUS, ATROPA BELLADONNA, Mercurius solubilis, HEPAR SULPHUR, hepar sulfuris;REGISTRADO;103900228;25351.203839/2024-24;FARMOQUÍMICA S/A - 33.349.473/0001-58;Ativo;06/2034;matricaria chamomilla;incluido_alias_completo;Ativo;103900228;25351 203839 2024 24;motix;farmoquimica s a 33 349 473 0001 58;arnica montana l arnica montana calendula officinalis l hamamelis virginiana l echinacea angustifolia echinacea angustifolia dc echinacea purpurea l moench matricaria chamomilla matricaria chamomilla l bellis perennis symphytum officinale hypericum perforatum achillea millefolium l aconitum napellus atropa belladonna mercurius solubilis hepar sulphur hepar sulfuris;2024;TRUE;4;matricaria | Matricaria chamomilla;matricaria chamomilla | matricaria chamomilla l.
31;Camomila;REG:104150038;Matricaria chamomilla;matricaria chamomilla l.;93;Matricaria_chamomilla__matricaria_chamomilla_l.xlsx;STOMAX;;;REGISTRADO;104150038;25001.000500/84;LABORATORIO HANEMANIANA VERITAS LTDA - 33.790.981/0001-77;Inativo;03/2004;matricaria chamomilla;incluido_alias_completo;Inativo;104150038;25001 000500 84;stomax;laboratorio hanemaniana veritas ltda 33 790 981 0001 77;;;TRUE;2;matricaria | Matricaria chamomilla;matricaria chamomilla l.
31;Camomila;REG:104150048;Matricaria chamomilla;matricaria chamomilla l.;93;Matricaria_chamomilla__matricaria_chamomilla_l.xlsx;GOTAS ESTOMACAIS VERITAS;;;REGISTRADO;104150048;25001.010643/82;LABORATORIO HANEMANIANA VERITAS LTDA - 33.790.981/0001-77;Inativo;06/2008;matricaria chamomilla;incluido_alias_completo;Inativo;104150048;25001 010643 82;gotas estomacais veritas;laboratorio hanemaniana veritas ltda 33 790 981 0001 77;;;TRUE;2;matricaria | Matricaria chamomilla;matricaria chamomilla l.
31;Camomila;REG:10440003;Matricaria chamomilla;matricaria chamomilla l.;93;Matricaria_chamomilla__matricaria_chamomilla_l.xlsx;CALMAPAX;;;REGISTRADO;10440003;25991.008425/81;CELLERA FARMACÊUTICA S.A. - 33.173.097/0002-74;Inativo;09/2008;matricaria chamomilla;incluido_alias_completo;Inativo;10440003;25991 008425 81;calmapax;cellera farmaceutica s a 33 173 097 0002 74;;;TRUE;2;matricaria | Matricaria chamomilla;matricaria chamomilla l.
31;Camomila;REG:105290017;Matricaria chamomilla;matricaria chamomilla l.;93;Matricaria_chamomilla__matricaria_chamomilla_l.xlsx;CALMI;;;REGISTRADO;105290017;25000.010346/90-86;EASELABS LABORATORIO FARMACEUTICO LTDA. - 17.299.140/0001-05;Inativo;09/2005;matricaria chamomilla;incluido_alias_completo;Inativo;105290017;25000 010346 90 86;calmi;easelabs laboratorio farmaceutico ltda 17 299 140 0001 05;;;TRUE;2;matricaria | Matricaria chamomilla;matricaria chamomilla l.
31;Camomila;REG:105730320;Matricaria chamomilla;matricaria chamomilla l.;93;Matricaria_chamomilla__matricaria_chamomilla_l.xlsx;KAMILLOL;;;REGISTRADO;105730320;25351.072769/2004-11;ACHÉ LABORATÓRIOS FARMACÊUTICOS S.A - 60.659.463/0029-92;Inativo;01/2005;matricaria chamomilla;incluido_alias_completo;Inativo;105730320;25351 072769 2004 11;kamillol;ache laboratorios farmaceuticos s a 60 659 463 0029 92;;2004;TRUE;2;matricaria | Matricaria chamomilla;matricaria chamomilla l.
31;Camomila;REG:105730325;Matricaria recutita;matricaria recutita l.;94;Matricaria_recutita__matricaria_recutita_l.xlsx;KAMILLOSAN;;;REGISTRADO;105730325;25351.067129/2003-08;ACHÉ LABORATÓRIOS FARMACÊUTICOS S.A - 60.659.463/0029-92;Inativo;09/2005;matricaria recutita;incluido_alias_completo;Inativo;105730325;25351 067129 2003 08;kamillosan;ache laboratorios farmaceuticos s a 60 659 463 0029 92;;2003;TRUE;2;matricaria | Matricaria recutita;matricaria recutita l.
31;Camomila;REG:105730361;Matricaria recutita;matricaria recutita l.;94;Matricaria_recutita__matricaria_recutita_l.xlsx;KAMILLOSAN;;;REGISTRADO;105730361;25351.073618/2006-33;ACHÉ LABORATÓRIOS FARMACÊUTICOS S.A - 60.659.463/0029-92;Inativo;05/2011;matricaria recutita;incluido_alias_completo;Inativo;105730361;25351 073618 2006 33;kamillosan;ache laboratorios farmaceuticos s a 60 659 463 0029 92;;2006;TRUE;2;matricaria | Matricaria recutita;matricaria recutita l.
31;Camomila;REG:105760023;Matricaria chamomilla;matricaria chamomilla l.;93;Matricaria_chamomilla__matricaria_chamomilla_l.xlsx;GOTAS DIGESTIVAS;;;REGISTRADO;105760023;25992.019350/72;LABORATORIO SIMOES LTDA. - 33.379.884/0001-96;Inativo;08/2018;matricaria chamomilla;incluido_alias_completo;Inativo;105760023;25992 019350 72;gotas digestivas;laboratorio simoes ltda 33 379 884 0001 96;;;TRUE;2;matricaria | Matricaria chamomilla;matricaria chamomilla l.
31;Camomila;REG:105770049;Matricaria chamomilla;matricaria chamomilla l.;93;Matricaria_chamomilla__matricaria_chamomilla_l.xlsx;GOTAS DIGESTIVAS;;;REGISTRADO;105770049;25001.010423/19-83;LABORATIL FARMACEUTICA LTDA - 47.100.862/0001-50;Inativo;09/2003;matricaria chamomilla;incluido_alias_completo;Inativo;105770049;25001 010423 19 83;gotas digestivas;laboratil farmaceutica ltda 47 100 862 0001 50;;;TRUE;2;matricaria | Matricaria chamomilla;matricaria chamomilla l.
31;Camomila;REG:105770050;Matricaria chamomilla;matricaria chamomilla l.;93;Matricaria_chamomilla__matricaria_chamomilla_l.xlsx;PASSANEURO;;;REGISTRADO;105770050;25001.003412/83;LABORATIL FARMACEUTICA LTDA - 47.100.862/0001-50;Inativo;02/2007;matricaria chamomilla;incluido_alias_completo;Inativo;105770050;25001 003412 83;passaneuro;laboratil farmaceutica ltda 47 100 862 0001 50;;;TRUE;2;matricaria | Matricaria chamomilla;matricaria chamomilla l.
31;Camomila;REG:106390097;Matricaria chamomilla;matricaria chamomilla l.;93;Matricaria_chamomilla__matricaria_chamomilla_l.xlsx;NENE DENT N;NENE DENT N GEL, LIQUIDO, NENE DENT N LIQUIDO;;REGISTRADO;106390097;25000.050913/99-48;TAKEDA PHARMA LTDA. - 60.397.775/0001-74;Inativo;10/2029;matricaria chamomilla;incluido_alias_completo;Inativo;106390097;25000 050913 99 48;nene dent n;takeda pharma ltda 60 397 775 0001 74;;;TRUE;2;matricaria | Matricaria chamomilla;matricaria chamomilla l.
31;Camomila;REG:109740172;Matricaria recutita;matricaria recutita l.;94;Matricaria_recutita__matricaria_recutita_l.xlsx;AD-MUC;;matricaria recutita l.;REGISTRADO;109740172;25351.217831/2002-30;BIOLAB SANUS FARMACÊUTICA LTDA - 49.475.833/0001-06;Ativo;01/2028;matricaria recutita;incluido_alias_completo;Ativo;109740172;25351 217831 2002 30;ad muc;biolab sanus farmaceutica ltda 49 475 833 0001 06;matricaria recutita l;2002;TRUE;2;matricaria | Matricaria recutita;matricaria recutita l.
31;Camomila;REG:115200039;Matricaria recutita;matricaria recutita l.;94;Matricaria_recutita__matricaria_recutita_l.xlsx;CAMOMILA;;;REGISTRADO;115200039;25000.024862/98-91;RIOQUIMICA S.A. - 55.643.555/0001-43;Inativo;02/2008;matricaria recutita;incluido_alias_completo;Inativo;115200039;25000 024862 98 91;camomila;rioquimica s a 55 643 555 0001 43;;;TRUE;2;matricaria | Matricaria recutita;matricaria recutita l.
31;Camomila;REG:118600073;Matricaria recutita;matricaria recutita l.;94;Matricaria_recutita__matricaria_recutita_l.xlsx;CAMOMILA CREME;;;REGISTRADO;118600073;25351.029849/2003-67;HERBARIUM LABORATORIO BOTANICO LTDA - 78.950.011/0001-20;Inativo;11/2010;matricaria recutita;incluido_alias_completo;Inativo;118600073;25351 029849 2003 67;camomila creme;herbarium laboratorio botanico ltda 78 950 011 0001 20;;2003;TRUE;2;matricaria | Matricaria recutita;matricaria recutita l.
31;Camomila;REG:121170009;Matricaria chamomilla;matricaria chamomilla l.;93;Matricaria_chamomilla__matricaria_chamomilla_l.xlsx;KAMILLOSAN;KAMILLOSAN LIQUIDO, KAMILLOSAN LÍQUIDO;;REGISTRADO;121170009;25991.009476/80;ASTA MÉDICA LTDA - 71.524.631/0001-58;Inativo;09/2005;matricaria chamomilla;incluido_alias_completo;Inativo;121170009;25991 009476 80;kamillosan;asta medica ltda 71 524 631 0001 58;;;TRUE;2;matricaria | Matricaria chamomilla;matricaria chamomilla l.
31;Camomila;REG:121170061;Matricaria chamomilla;matricaria chamomilla l.;93;Matricaria_chamomilla__matricaria_chamomilla_l.xlsx;KAMILLOL;;;REGISTRADO;121170061;25991.013471/80;ASTA MÉDICA LTDA - 71.524.631/0001-58;Inativo;01/2005;matricaria chamomilla;incluido_alias_completo;Inativo;121170061;25991 013471 80;kamillol;asta medica ltda 71 524 631 0001 58;;;TRUE;2;matricaria | Matricaria chamomilla;matricaria chamomilla l.
31;Camomila;REG:128420008;Chamomilla recutita;chamomilla recutita;39;Chamomilla_recutita__CHAMOMILLA_RECUTITA.xlsx;TRAUMEEL S;;;REGISTRADO;128420008;25000.007786/96-04;PROBIOS COMÉRCIO IMPORTAÇÃO E EXPORTAÇÃO LTDA - 74.455.197/0001-90;Inativo;12/2006;chamomilla recutita;incluido_alias_completo;Inativo;128420008;25000 007786 96 04;traumeel s;probios comercio importacao e exportacao ltda 74 455 197 0001 90;;;TRUE;1;Chamomilla recutita;chamomilla recutita
31;Camomila;REG:128420020;Chamomilla recutita;chamomilla recutita;39;Chamomilla_recutita__CHAMOMILLA_RECUTITA.xlsx;SPASCUPREEL;;;REGISTRADO;128420020;25000.030618/97-11;PROBIOS COMÉRCIO IMPORTAÇÃO E EXPORTAÇÃO LTDA - 74.455.197/0001-90;Inativo;05/2007;chamomilla recutita;incluido_alias_completo;Inativo;128420020;25000 030618 97 11;spascupreel;probios comercio importacao e exportacao ltda 74 455 197 0001 90;;;TRUE;1;Chamomilla recutita;chamomilla recutita
31;Camomila;REG:128420045;Chamomilla recutita;chamomilla recutita;39;Chamomilla_recutita__CHAMOMILLA_RECUTITA.xlsx;VALERIANAHEEL;;;REGISTRADO;128420045;25000.005329/98-75;PROBIOS COMÉRCIO IMPORTAÇÃO E EXPORTAÇÃO LTDA - 74.455.197/0001-90;Inativo;01/2008;chamomilla recutita;incluido_alias_completo;Inativo;128420045;25000 005329 98 75;valerianaheel;probios comercio importacao e exportacao ltda 74 455 197 0001 90;;;TRUE;1;Chamomilla recutita;chamomilla recutita
31;Camomila;REG:161980002;Chamomilla recutita;chamomilla recutita;39;Chamomilla_recutita__CHAMOMILLA_RECUTITA.xlsx;SPASCUPREEL;;CITRULLUS COLOCYNTHIS SCHRAD., Colocynthis, AMMONIUM BROMATUM, atropinum sulfuricum, VERATRUM ALBUM, GELSEMIUM SEMPERVIRENS, MAGNESIUM PHOSPHORICUM, Agaricus muscarius, MATRICARIA RECUTITA L., PASSIFLORA INCARNATA, cuprum sulfuricum, ACONITUM NAPELLUS, CHAMOMILLA RECUTITA;REGISTRADO;161980002;25351.343339/2005-61;HEEL DO BRASIL BIOMÉDICA LTDA - 05.994.539/0001-27;Ativo;02/2028;chamomilla recutita;incluido_alias_completo;Ativo;161980002;25351 343339 2005 61;spascupreel;heel do brasil biomedica ltda 05 994 539 0001 27;citrullus colocynthis schrad colocynthis ammonium bromatum atropinum sulfuricum veratrum album gelsemium sempervirens magnesium phosphoricum agaricus muscarius matricaria recutita l passiflora incarnata cuprum sulfuricum aconitum napellus chamomilla recutita;2005;TRUE;3;Chamomilla recutita | matricaria | Matricaria recutita;chamomilla recutita | matricaria recutita l.
31;Camomila;REG:161980007;Matricaria chamomilla;matricaria chamomilla;92;Matricaria_chamomilla__MATRICARIA_CHAMOMILLA.xlsx;TRAUMEEL S;;ARNICA MONTANA L., arnica montana, CALENDULA OFFICINALIS L., HAMAMELIS VIRGINIANA L., ECHINACEA ANGUSTIFOLIA DC., ECHINACEA PURPUREA, ECHINACEA PURPUREA (L.) MOENCH, MATRICARIA CHAMOMILLA , MATRICARIA CHAMOMILLA L., BELLIS PERENNIS, SYMPHYTUM OFFICINALE, HYPERICUM PERFORATUM, ACHILLEA MILLEFOLIUM L., ACONITUM NAPELLUS, ATROPA BELLADONNA, Mercurius solubilis, HEPAR SULPHUR, hepar sulfuris;REGISTRADO;161980007;25351.280113/2005-42;HEEL DO BRASIL BIOMÉDICA LTDA - 05.994.539/0001-27;Ativo;09/2028;matricaria chamomilla;incluido_alias_completo;Ativo;161980007;25351 280113 2005 42;traumeel s;heel do brasil biomedica ltda 05 994 539 0001 27;arnica montana l arnica montana calendula officinalis l hamamelis virginiana l echinacea angustifolia dc echinacea purpurea echinacea purpurea l moench matricaria chamomilla matricaria chamomilla l bellis perennis symphytum officinale hypericum perforatum achillea millefolium l aconitum napellus atropa belladonna mercurius solubilis hepar sulphur hepar sulfuris;2005;TRUE;4;matricaria | Matricaria chamomilla;matricaria chamomilla | matricaria chamomilla l.
31;Camomila;REG:178170905;Matricaria chamomilla;matricaria chamomilla l.;93;Matricaria_chamomilla__matricaria_chamomilla_l.xlsx;NENE DENT N;NENE DENT N LIQUIDO, NENE DENT N GEL, LIQUIDO;matricaria chamomilla l., cloridrato de lidocaína monoidratada , polidocanol;REGISTRADO;178170905;25351.110144/2021-57;COSMED INDUSTRIA DE COSMETICOS E MEDICAMENTOS S.A. - 61.082.426/0002-07;Ativo;10/2029;matricaria chamomilla;incluido_alias_completo;Ativo;178170905;25351 110144 2021 57;nene dent n;cosmed industria de cosmeticos e medicamentos s a 61 082 426 0002 07;matricaria chamomilla l cloridrato de lidocaina monoidratada polidocanol;2021;TRUE;2;matricaria | Matricaria chamomilla;matricaria chamomilla l.
32;Cana-do-brejo;REG:105040012;Costus spicatus;costus spicatus;52;Costus_spicatus__Costus_spicatus.xlsx;PILULAS DE LUSSEN;;ALOÍNA, CLORETO DE METILTIONÍNIO, TEOBROMINA, ATROPA BELLADONNA, Costus spicatus;REGISTRADO;105040012;25992.003712/50;LABORATÓRIOS OSÓRIO DE MORAES LTDA - 19.791.813/0001-75;Ativo;10/2029;costus spicatus;incluido_alias_completo;Ativo;105040012;25992 003712 50;pilulas de lussen;laboratorios osorio de moraes ltda 19 791 813 0001 75;aloina cloreto de metiltioninio teobromina atropa belladonna costus spicatus;;TRUE;2;costus | Costus spicatus;costus spicatus
33;Canela / Canela-do-ceilão;REG:100660005;Cinnamomum verum;cinnamomum verum j. presl;42;Cinnamomum_verum__CINNAMOMUM_VERUM_J._PRESL.xlsx;BÁLSAMO BRANCO;;CINNAMOMUM VERUM J. PRESL, SYZYGIUM AROMATICUM (L.) MERR. & L.M. PERRY;REGISTRADO;100660005;25991.000151/79;LABORATORIO CATARINENSE LTDA - 84.684.620/0001-87;Ativo;12/2029;cinnamomum verum;incluido_alias_completo;Ativo;100660005;25991 000151 79;balsamo branco;laboratorio catarinense ltda 84 684 620 0001 87;cinnamomum verum j presl syzygium aromaticum l merr l m perry;;TRUE;1;Cinnamomum verum;cinnamomum verum j. presl
33;Canela / Canela-do-ceilão;REG:100870026;canela;tintura de canela;240;canela__tintura_de_canela.xlsx;IODETO DE POTASSIO;;;REGISTRADO;100870026;25992.015795/76;QUIMIOTERAPICA BRASILEIRA LTDA - 33.034.349/0001-01;Inativo;10/2003;canela;incluido_alias_completo;Inativo;100870026;25992 015795 76;iodeto de potassio;quimioterapica brasileira ltda 33 034 349 0001 01;;;TRUE;1;canela;tintura de canela
33;Canela / Canela-do-ceilão;REG:102330012;canela;canela;237;canela__Canela.xlsx;SALICILATO DE METILA COMPOSTO;;;REGISTRADO;102330012;25992.020579/76;LABORATÓRIO SANIFER SA - 92.691.179/0001-99;Inativo;11/2003;canela;incluido_alias_completo;Inativo;102330012;25992 020579 76;salicilato de metila composto;laboratorio sanifer sa 92 691 179 0001 99;;;TRUE;1;canela;canela
33;Canela / Canela-do-ceilão;REG:102870032;Cinnamomum zeylanicum;cinnamomum zeylanicum ness.;43;Cinnamomum_zeylanicum__cinnamomum_zeylanicum_ness.xlsx;TONOKLEN;;;REGISTRADO;102870032;25992.009176/38;SA FTCA BRASILEIRA FARMABRAZ - 33.122.920/0001-31;Inativo;03/2005;cinnamomum zeylanicum;incluido_alias_completo;Inativo;102870032;25992 009176 38;tonoklen;sa ftca brasileira farmabraz 33 122 920 0001 31;;;TRUE;1;Cinnamomum zeylanicum;cinnamomum zeylanicum ness.
33;Canela / Canela-do-ceilão;REG:102990002;Cinnamomum zeylanicum;cinnamomum zeylanicum ness.;43;Cinnamomum_zeylanicum__cinnamomum_zeylanicum_ness.xlsx;OLINA ESSÊNCIA DE VIDA;OLINA-ESSENCIA DE VIDA;aloe ferox mill., angelica archangelica l., gentiana lutea l., commyphora myrrha, rheum palmatum l., gentiana lutea, cinnamomum zeylanicum ness.;REGISTRADO;102990002;25001.005976/78;LABORATÓRIO WESP LTDA - 92.690.999/0001-66;Ativo;10/2029;cinnamomum zeylanicum;incluido_alias_completo;Ativo;102990002;25001 005976 78;olina essencia de vida;laboratorio wesp ltda 92 690 999 0001 66;aloe ferox mill angelica archangelica l gentiana lutea l commyphora myrrha rheum palmatum l gentiana lutea cinnamomum zeylanicum ness;;TRUE;1;Cinnamomum zeylanicum;cinnamomum zeylanicum ness.
33;Canela / Canela-do-ceilão;REG:103420049;Cinnamomum zeylanicum;cinnamomum zeylanicum ness.;43;Cinnamomum_zeylanicum__cinnamomum_zeylanicum_ness.xlsx;TONOKLEN;;;REGISTRADO;103420049;25351.027955/55-20;FARMABRAZ BETA ATALAIA FARMACEUTICA LTDA. - 33.474.289/0001-30;Inativo;03/2005;cinnamomum zeylanicum;incluido_alias_completo;Inativo;103420049;25351 027955 55 20;tonoklen;farmabraz beta atalaia farmaceutica ltda 33 474 289 0001 30;;;TRUE;1;Cinnamomum zeylanicum;cinnamomum zeylanicum ness.
33;Canela / Canela-do-ceilão;REG:103700401;Cinnamomum zeylanicum;tintura de cinnamomum zeylanicum;44;Cinnamomum_zeylanicum__tintura_de_cinnamomum_zeylanicum.xlsx;TEUTÔNICO;;;REGISTRADO;103700401;25351.217268/2002-08;LABORATÓRIO TEUTO BRASILEIRO S/A - 17.159.229/0001-76;Inativo;05/2008;cinnamomum zeylanicum;incluido_alias_completo;Inativo;103700401;25351 217268 2002 08;teutonico;laboratorio teuto brasileiro s a 17 159 229 0001 76;;2002;TRUE;1;Cinnamomum zeylanicum;tintura de cinnamomum zeylanicum
33;Canela / Canela-do-ceilão;REG:104040145;Cinnamomum zeylanicum;tintura de cinnamomum zeylanicum;44;Cinnamomum_zeylanicum__tintura_de_cinnamomum_zeylanicum.xlsx;TÔNICO BLUMEN;TONICO BLUMEN;;REGISTRADO;104040145;25001.000643/84;LUPER INDÚSTRIA FARMACÊUTICA LTDA - 61.299.111/0001-35;Inativo;10/2005;cinnamomum zeylanicum;incluido_alias_completo;Inativo;104040145;25001 000643 84;tonico blumen;luper industria farmaceutica ltda 61 299 111 0001 35;;;TRUE;1;Cinnamomum zeylanicum;tintura de cinnamomum zeylanicum
33;Canela / Canela-do-ceilão;REG:105110002;Cinnamomum zeylanicum;cinnamomum zeylanicum ness.;43;Cinnamomum_zeylanicum__cinnamomum_zeylanicum_ness.xlsx;Essência Minerva;;;REGISTRADO;105110002;25001.018729/85;LABORATORIOS REUNIDOS PARANA LTDA - 76.487.198/0001-41;Inativo;08/1984;cinnamomum zeylanicum;incluido_alias_completo;Inativo;105110002;25001 018729 85;essencia minerva;laboratorios reunidos parana ltda 76 487 198 0001 41;;;TRUE;1;Cinnamomum zeylanicum;cinnamomum zeylanicum ness.
33;Canela / Canela-do-ceilão;REG:105700032;Cinnamomum zeylanicum;cinnamomum zeylanicum ness.;43;Cinnamomum_zeylanicum__cinnamomum_zeylanicum_ness.xlsx;Amargol;;;REGISTRADO;105700032;25991.003317/81;LABORATORIO QUIMSUL LTDA - 92.782.317/0001-45;Inativo;08/2007;cinnamomum zeylanicum;incluido_alias_completo;Inativo;105700032;25991 003317 81;amargol;laboratorio quimsul ltda 92 782 317 0001 45;;;TRUE;1;Cinnamomum zeylanicum;cinnamomum zeylanicum ness.
33;Canela / Canela-do-ceilão;REG:105830089;canela;tintura de canela;240;canela__tintura_de_canela.xlsx;VITÔNICO;;;REGISTRADO;105830089;25001.001811/83;GERMED FARMACEUTICA LTDA - 45.992.062/0001-65;Inativo;07/2014;canela;incluido_alias_completo;Inativo;105830089;25001 001811 83;vitonico;germed farmaceutica ltda 45 992 062 0001 65;;;TRUE;1;canela;tintura de canela
33;Canela / Canela-do-ceilão;REG:109170042;Cinnamomum zeylanicum;tintura de cinnamomum zeylanicum;44;Cinnamomum_zeylanicum__tintura_de_cinnamomum_zeylanicum.xlsx;MEGATÔNICO;;;REGISTRADO;109170042;25000.011180/98-18;MEDQUIMICA INDUSTRIA FARMACEUTICA LTDA. - 17.875.154/0001-20;Inativo;02/2004;cinnamomum zeylanicum;incluido_alias_completo;Inativo;109170042;25000 011180 98 18;megatonico;medquimica industria farmaceutica ltda 17 875 154 0001 20;;;TRUE;1;Cinnamomum zeylanicum;tintura de cinnamomum zeylanicum
33;Canela / Canela-do-ceilão;REG:122830018;canela;tintura de canela;240;canela__tintura_de_canela.xlsx;BIOTONICO FONTOURA N;BIOTONICO FONTOURA;;REGISTRADO;122830018;25991.009275/77;DM INDÚSTRIA FARMACÊUTICA LTDA - 67.866.665/0002-34;Inativo;11/2013;canela;incluido_alias_completo;Inativo;122830018;25991 009275 77;biotonico fontoura n;dm industria farmaceutica ltda 67 866 665 0002 34;;;TRUE;1;canela;tintura de canela
35;Capim-limão / Capim-santo / Capim-cidró / Capim-cidreira;REG:105290017;Cymbopogon citratus;cymbopogon citratus stapf.;53;Cymbopogon_citratus__cymbopogon_citratus_stapf.xlsx;CALMI;;;REGISTRADO;105290017;25000.010346/90-86;EASELABS LABORATORIO FARMACEUTICO LTDA. - 17.299.140/0001-05;Inativo;09/2005;cymbopogon citratus;incluido_alias_completo;Inativo;105290017;25000 010346 90 86;calmi;easelabs laboratorio farmaceutico ltda 17 299 140 0001 05;;;TRUE;1;Cymbopogon citratus;cymbopogon citratus stapf.
36;Cardo-mariano;REG:100140054;silimarina;silimarina;413;silimarina__SILIMARINA.xlsx;SILIMALON;SILIMALON FLACONETE;;REGISTRADO;100140054;25992.008519/76;QUIMICA FARMACEUTICA NIKKHO DO BRASIL LTDA - 33.517.558/0001-06;Inativo;08/2012;silimarina;incluido_alias_completo;Inativo;100140054;25992 008519 76;silimalon;quimica farmaceutica nikkho do brasil ltda 33 517 558 0001 06;;;TRUE;1;silimarina;silimarina
36;Cardo-mariano;REG:100431377;Silybum marianum;silybum marianum (l.) gaertn;158;Silybum_marianum__silybum_marianum_l._gaertn.xlsx;FORFIG;;silybum marianum (l.) gaertn;REGISTRADO;100431377;25351.840311/2021-98;EUROFARMA LABORATORIOS S.A. - 61.190.096/0001-92;Ativo;02/2030;silybum marianum;incluido_alias_completo;Ativo;100431377;25351 840311 2021 98;forfig;eurofarma laboratorios s a 61 190 096 0001 92;silybum marianum l gaertn;2021;TRUE;1;Silybum marianum;silybum marianum (l.) gaertn
36;Cardo-mariano;REG:102350563;Carduus marianus;carduus marianus l.;31;Carduus_marianus__carduus_marianus_l.xlsx;FITOGEST;;;REGISTRADO;102350563;25351.168960/2002-97;EMS S/A - 57.507.378/0003-65;Inativo;11/2007;carduus marianus;incluido_alias_completo;Inativo;102350563;25351 168960 2002 97;fitogest;ems s a 57 507 378 0003 65;;2002;TRUE;1;Carduus marianus;carduus marianus l.
36;Cardo-mariano;REG:102350834;silimarina;silimarina;413;silimarina__SILIMARINA.xlsx;SILIMARON;;;REGISTRADO;102350834;25001.012968/82;EMS S/A - 57.507.378/0003-65;Inativo;07/1988;silimarina;incluido_alias_completo;Inativo;102350834;25001 012968 82;silimaron;ems s a 57 507 378 0003 65;;;TRUE;1;silimarina;silimarina
36;Cardo-mariano;REG:102351451;Silybum marianum;silybum marianum (l.) gaertn;158;Silybum_marianum__silybum_marianum_l._gaertn.xlsx;EPATOCARDIN;;silybum marianum (l.) gaertn;REGISTRADO;102351451;25351.635895/2023-43;EMS S/A - 57.507.378/0003-65;Ativo;03/2035;silybum marianum;incluido_alias_completo;Ativo;102351451;25351 635895 2023 43;epatocardin;ems s a 57 507 378 0003 65;silybum marianum l gaertn;2023;TRUE;1;Silybum marianum;silybum marianum (l.) gaertn
36;Cardo-mariano;REG:102470018;Carduus marianus;carduus marianus l.;31;Carduus_marianus__carduus_marianus_l.xlsx;CHELKINA;;;REGISTRADO;102470018;25992.004496/74;HOMEOPATIA WALDEMIRO PEREIRA LABORATORIO INDUSTRIAL FARMACEUTICO LTDA - 76.440.528/0001-43;Inativo;09/2019;carduus marianus;incluido_alias_completo;Inativo;102470018;25992 004496 74;chelkina;homeopatia waldemiro pereira laboratorio industrial farmaceutico ltda 76 440 528 0001 43;;;TRUE;1;Carduus marianus;carduus marianus l.
36;Cardo-mariano;REG:102660016;Carduus marianus;carduus marianus l.;31;Carduus_marianus__carduus_marianus_l.xlsx;HEPATOMED;;;REGISTRADO;102660016;25992.015124/74;FARMÁCIA E LABORATÓRIO HOMEOPÁTICO ALMEIDA PRADO LTDA - 60.862.208/0001-41;Inativo;01/2025;carduus marianus;incluido_alias_completo;Inativo;102660016;25992 015124 74;hepatomed;farmacia e laboratorio homeopatico almeida prado ltda 60 862 208 0001 41;;;TRUE;1;Carduus marianus;carduus marianus l.
36;Cardo-mariano;REG:102660135;Carduus marianus;carduus marianus l.;31;Carduus_marianus__carduus_marianus_l.xlsx;COMPLEXO HOMEOPÁTICO CHELIDONIUM ALMEIDA PRADO 11;;;REGISTRADO;102660135;25992.017374/70;FARMÁCIA E LABORATÓRIO HOMEOPÁTICO ALMEIDA PRADO LTDA - 60.862.208/0001-41;Inativo;03/2026;carduus marianus;incluido_alias_completo;Inativo;102660135;25992 017374 70;complexo homeopatico chelidonium almeida prado 11;farmacia e laboratorio homeopatico almeida prado ltda 60 862 208 0001 41;;;TRUE;1;Carduus marianus;carduus marianus l.
36;Cardo-mariano;REG:104040015;silimarina;silimarina;413;silimarina__SILIMARINA.xlsx;BETALIVER;BETALIVER SABOR ABACAXI;;REGISTRADO;104040015;25991.017222/72;LUPER INDÚSTRIA FARMACÊUTICA LTDA - 61.299.111/0001-35;Inativo;02/2008;silimarina;incluido_alias_completo;Inativo;104040015;25991 017222 72;betaliver;luper industria farmaceutica ltda 61 299 111 0001 35;;;TRUE;1;silimarina;silimarina
36;Cardo-mariano;REG:104041979;Silybum marianum;silybum marianum (l.) gaertn;158;Silybum_marianum__silybum_marianum_l._gaertn.xlsx;SÍLIBOM;;;REGISTRADO;104041979;25351.303000/2005-22;LUPER INDÚSTRIA FARMACÊUTICA LTDA - 61.299.111/0001-35;Inativo;10/2015;silybum marianum;incluido_alias_completo;Inativo;104041979;25351 303000 2005 22;silibom;luper industria farmaceutica ltda 61 299 111 0001 35;;2005;TRUE;1;Silybum marianum;silybum marianum (l.) gaertn
36;Cardo-mariano;REG:104540004;silimarina;silimarina;413;silimarina__SILIMARINA.xlsx;ELEPARON;;;REGISTRADO;104540004;25992.008709/72;DAIICHI SANKYO BRASIL FARMACÊUTICA LTDA - 60.874.187/0001-84;Inativo;09/2007;silimarina;incluido_alias_completo;Inativo;104540004;25992 008709 72;eleparon;daiichi sankyo brasil farmaceutica ltda 60 874 187 0001 84;;;TRUE;1;silimarina;silimarina
36;Cardo-mariano;REG:105730520;Silybum marianum;silybum marianum (l.) gaertn;158;Silybum_marianum__silybum_marianum_l._gaertn.xlsx;STEATON;;silybum marianum (l.) gaertn;REGISTRADO;105730520;25351.539631/2015-43;ACHÉ LABORATÓRIOS FARMACÊUTICOS S.A - 60.659.463/0029-92;Ativo;08/2028;silybum marianum;incluido_alias_completo;Ativo;105730520;25351 539631 2015 43;steaton;ache laboratorios farmaceuticos s a 60 659 463 0029 92;silybum marianum l gaertn;2015;TRUE;1;Silybum marianum;silybum marianum (l.) gaertn
36;Cardo-mariano;REG:106390039;Carduus marianus;carduus marianus l.;31;Carduus_marianus__carduus_marianus_l.xlsx;LEGALON;;;REGISTRADO;106390039;25992.016460/72;TAKEDA PHARMA LTDA. - 60.397.775/0001-74;Inativo;06/2021;carduus marianus;incluido_alias_completo;Inativo;106390039;25992 016460 72;legalon;takeda pharma ltda 60 397 775 0001 74;;;TRUE;1;Carduus marianus;carduus marianus l.
36;Cardo-mariano;REG:128420026;Carduus marianus;carduus marianus l.;31;Carduus_marianus__carduus_marianus_l.xlsx;HEPAR COMPOSITUM AMPOLAS INJETÁVEIS;HEPAR COMPOSITUM;;REGISTRADO;128420026;25000.005320/98-09;PROBIOS COMÉRCIO IMPORTAÇÃO E EXPORTAÇÃO LTDA - 74.455.197/0001-90;Inativo;08/2007;carduus marianus;incluido_alias_completo;Inativo;128420026;25000 005320 98 09;hepar compositum ampolas injetaveis;probios comercio importacao e exportacao ltda 74 455 197 0001 90;;;TRUE;1;Carduus marianus;carduus marianus l.
36;Cardo-mariano;REG:128420040;Carduus marianus;carduus marianus l.;31;Carduus_marianus__carduus_marianus_l.xlsx;HEPEEL;HEPEEL COMPRIMIDOS SUBLINGUAIS;;REGISTRADO;128420040;25000.005315/98-61;PROBIOS COMÉRCIO IMPORTAÇÃO E EXPORTAÇÃO LTDA - 74.455.197/0001-90;Inativo;12/2007;carduus marianus;incluido_alias_completo;Inativo;128420040;25000 005315 98 61;hepeel;probios comercio importacao e exportacao ltda 74 455 197 0001 90;;;TRUE;1;Carduus marianus;carduus marianus l.
36;Cardo-mariano;REG:155840407;Silybum marianum;silybum marianum (l.) gaertn;158;Silybum_marianum__silybum_marianum_l._gaertn.xlsx;SÍLIBOM;;silybum marianum (l.) gaertn;REGISTRADO;155840407;25351.535154/2012-28;BRAINFARMA INDÚSTRIA QUÍMICA E FARMACÊUTICA S.A - 05.161.069/0001-10;Ativo;10/2035;silybum marianum;incluido_alias_completo;Ativo;155840407;25351 535154 2012 28;silibom;brainfarma industria quimica e farmaceutica s a 05 161 069 0001 10;silybum marianum l gaertn;2012;TRUE;1;Silybum marianum;silybum marianum (l.) gaertn
36;Cardo-mariano;REG:155840713;Silybum marianum;silybum marianum (l.) gaertn;158;Silybum_marianum__silybum_marianum_l._gaertn.xlsx;SÍLIBOM;;silybum marianum (l.) gaertn;REGISTRADO;155840713;25351.359250/2024-80;BRAINFARMA INDÚSTRIA QUÍMICA E FARMACÊUTICA S.A - 05.161.069/0001-10;Ativo;02/2036;silybum marianum;incluido_alias_completo;Ativo;155840713;25351 359250 2024 80;silibom;brainfarma industria quimica e farmaceutica s a 05 161 069 0001 10;silybum marianum l gaertn;2024;TRUE;1;Silybum marianum;silybum marianum (l.) gaertn
36;Cardo-mariano;REG:156510077;Silybum marianum;silybum marianum (l.) gaertn;158;Silybum_marianum__silybum_marianum_l._gaertn.xlsx;SILIMALON 140;;silybum marianum (l.) gaertn, racemetionina;REGISTRADO;156510077;25351.590323/2017-80;ZYDUS NIKKHO FARMACÊUTICA LTDA - 05.254.971/0001-81;Ativo;08/2029;silybum marianum;incluido_alias_completo;Ativo;156510077;25351 590323 2017 80;silimalon 140;zydus nikkho farmaceutica ltda 05 254 971 0001 81;silybum marianum l gaertn racemetionina;2017;TRUE;1;Silybum marianum;silybum marianum (l.) gaertn
36;Cardo-mariano;REG:156510098;Silybum marianum;silybum marianum (l.) gaertn;158;Silybum_marianum__silybum_marianum_l._gaertn.xlsx;SILIMALON LIV;;silybum marianum (l.) gaertn;REGISTRADO;156510098;25351.462964/2020-41;ZYDUS NIKKHO FARMACÊUTICA LTDA - 05.254.971/0001-81;Ativo;08/2032;silybum marianum;incluido_alias_completo;Ativo;156510098;25351 462964 2020 41;silimalon liv;zydus nikkho farmaceutica ltda 05 254 971 0001 81;silybum marianum l gaertn;2020;TRUE;1;Silybum marianum;silybum marianum (l.) gaertn
36;Cardo-mariano;REG:156510109;Silybum marianum;silybum marianum (l.) gaertn;158;Silybum_marianum__silybum_marianum_l._gaertn.xlsx;FIGAZYD;;silybum marianum (l.) gaertn;REGISTRADO;156510109;25351.325752/2023-26;ZYDUS NIKKHO FARMACÊUTICA LTDA - 05.254.971/0001-81;Ativo;11/2033;silybum marianum;incluido_alias_completo;Ativo;156510109;25351 325752 2023 26;figazyd;zydus nikkho farmaceutica ltda 05 254 971 0001 81;silybum marianum l gaertn;2023;TRUE;1;Silybum marianum;silybum marianum (l.) gaertn
36;Cardo-mariano;REG:172870471;Silybum marianum;silybum marianum (l.) gaertn;158;Silybum_marianum__silybum_marianum_l._gaertn.xlsx;SÍLIBOM;;;REGISTRADO;172870471;25351.515219/2011-52;Hypera S.A. - 02.932.074/0001-91;Inativo;10/2015;silybum marianum;incluido_alias_completo;Inativo;172870471;25351 515219 2011 52;silibom;hypera s a 02 932 074 0001 91;;2011;TRUE;1;Silybum marianum;silybum marianum (l.) gaertn
36;Cardo-mariano;REG:194270064;Silybum marianum;silybum marianum (l.) gaertn;158;Silybum_marianum__silybum_marianum_l._gaertn.xlsx;FORFIG;;;REGISTRADO;194270064;25351.012258/2017-05;MOMENTA FARMACÊUTICA LTDA. - 14.806.008/0001-54;Inativo;02/2030;silybum marianum;incluido_alias_completo;Inativo;194270064;25351 012258 2017 05;forfig;momenta farmaceutica ltda 14 806 008 0001 54;;2017;TRUE;1;Silybum marianum;silybum marianum (l.) gaertn
37;Carqueja;REG:100770043;Baccharis genistelloides;baccharis genistelloides persoon;19;Baccharis_genistelloides__baccharis_genistelloides_persoon.xlsx;SALSAPARILHA COMPOSTO;;;REGISTRADO;100770043;25992.015116/70;CIBECOL INDUSTRIAL FARMACÊUTICA LTDA - 92.943.992/0001-09;Inativo;03/2006;baccharis genistelloides;incluido_alias_completo;Inativo;100770043;25992 015116 70;salsaparilha composto;cibecol industrial farmaceutica ltda 92 943 992 0001 09;;;TRUE;1;Baccharis genistelloides;baccharis genistelloides persoon
37;Carqueja;REG:106890144;Baccharis trimera;baccharis trimera (less.) dc.;20;Baccharis_trimera__baccharis_trimera_less._dc.xlsx;HEPATILON;;;REGISTRADO;106890144;25351.081149/2004-64;KLEY HERTZ FARMACEUTICA S.A - 92.695.691/0001-03;Inativo;01/2006;baccharis trimera;incluido_alias_completo;Inativo;106890144;25351 081149 2004 64;hepatilon;kley hertz farmaceutica s a 92 695 691 0001 03;;2004;TRUE;1;Baccharis trimera;baccharis trimera (less.) dc.
37;Carqueja;REG:108170157;Baccharis genistelloides;baccharis genistelloides persoon;19;Baccharis_genistelloides__baccharis_genistelloides_persoon.xlsx;ÁGUA INGLESA GRANADO;;;REGISTRADO;108170157;25991.011505/77;CASA GRANADO LABORATÓRIOS, FARMÁCIAS E DROGARIAS S/A - 33.109.356/0001-17;Inativo;04/2004;baccharis genistelloides;incluido_alias_completo;Inativo;108170157;25991 011505 77;agua inglesa granado;casa granado laboratorios farmacias e drogarias s a 33 109 356 0001 17;;;TRUE;1;Baccharis genistelloides;baccharis genistelloides persoon
37;Carqueja;REG:120090021;Baccharis trimera;baccharis trimera (less.) dc.;20;Baccharis_trimera__baccharis_trimera_less._dc.xlsx;CARQUEJA AMARGA BIONATUS;;;REGISTRADO;120090021;25000.011977/92-84;BIONATUS LABORATÓRIO BOTÂNICO LTDA - 68.032.192/0001-51;Inativo;06/2007;baccharis trimera;incluido_alias_completo;Inativo;120090021;25000 011977 92 84;carqueja amarga bionatus;bionatus laboratorio botanico ltda 68 032 192 0001 51;;;TRUE;1;Baccharis trimera;baccharis trimera (less.) dc.
38;Castanha-da-índia;REG:100610064;Aesculus hippocastanum;aesculus hippocastanum l.;3;Aesculus_hippocastanum__AESCULUS_HIPPOCASTANUM_L.xlsx;VENODORON;;;REGISTRADO;100610064;25351.031365/01-27;WELEDA DO BRASIL LABORATÓRIO E FARMÁCIA LTDA - 56.992.217/0001-80;Inativo;03/2007;aesculus hippocastanum;incluido_alias_completo;Inativo;100610064;25351 031365 01 27;venodoron;weleda do brasil laboratorio e farmacia ltda 56 992 217 0001 80;;;TRUE;1;Aesculus hippocastanum;aesculus hippocastanum l.
38;Castanha-da-índia;REG:100610090;Aesculus hippocastanum;aesculus hippocastanum l.;3;Aesculus_hippocastanum__AESCULUS_HIPPOCASTANUM_L.xlsx;VENODORON;;;REGISTRADO;100610090;25351.589801/2008-18;WELEDA DO BRASIL LABORATÓRIO E FARMÁCIA LTDA - 56.992.217/0001-80;Inativo;10/2014;aesculus hippocastanum;incluido_alias_completo;Inativo;100610090;25351 589801 2008 18;venodoron;weleda do brasil laboratorio e farmacia ltda 56 992 217 0001 80;;2008;TRUE;1;Aesculus hippocastanum;aesculus hippocastanum l.
38;Castanha-da-índia;REG:100663383;Aesculus hippocastanum;aesculus hippocastanum l.;3;Aesculus_hippocastanum__AESCULUS_HIPPOCASTANUM_L.xlsx;FITOVEIN;;;REGISTRADO;100663383;25351.165531/2002-68;LABORATORIO CATARINENSE LTDA - 84.684.620/0001-87;Inativo;01/2028;aesculus hippocastanum;incluido_alias_completo;Inativo;100663383;25351 165531 2002 68;fitovein;laboratorio catarinense ltda 84 684 620 0001 87;;2002;TRUE;1;Aesculus hippocastanum;aesculus hippocastanum l.
38;Castanha-da-índia;REG:100663401;Aesculus hippocastanum;extrato seco de aesculus hippocastanum l.;5;Aesculus_hippocastanum__EXTRATO_SECO_DE_AESCULUS_HIPPOCASTANUM_L.xlsx;FITOVEIN FLUX;;EXTRATO SECO DE AESCULUS HIPPOCASTANUM L.;REGISTRADO;100663401;25351.405275/2023-81;LABORATORIO CATARINENSE LTDA - 84.684.620/0001-87;Ativo;06/2035;aesculus hippocastanum;incluido_alias_completo;Ativo;100663401;25351 405275 2023 81;fitovein flux;laboratorio catarinense ltda 84 684 620 0001 87;extrato seco de aesculus hippocastanum l;2023;TRUE;1;Aesculus hippocastanum;extrato seco de aesculus hippocastanum l.
38;Castanha-da-índia;REG:101160040;Aesculus hippocastanum;aesculus hippocastanum l.;3;Aesculus_hippocastanum__AESCULUS_HIPPOCASTANUM_L.xlsx;VENOCUR TRIPLEX;;;REGISTRADO;101160040;25992.005344/63;KNOLL PRODS QUIMS FARMACEUTICOS LTDA. - 33.258.450/0001-38;Inativo;09/2012;aesculus hippocastanum;incluido_alias_completo;Inativo;101160040;25992 005344 63;venocur triplex;knoll prods quims farmaceuticos ltda 33 258 450 0001 38;;;TRUE;1;Aesculus hippocastanum;aesculus hippocastanum l.
38;Castanha-da-índia;REG:101740027;Aesculus hippocastanum;aesculus hippocastanum l.;3;Aesculus_hippocastanum__AESCULUS_HIPPOCASTANUM_L.xlsx;NOVARRUTINA;;;REGISTRADO;101740027;25991.010214/79;AVERT LABORATÓRIOS LTDA - 44.211.936/0001-37;Inativo;09/2014;aesculus hippocastanum;incluido_alias_completo;Inativo;101740027;25991 010214 79;novarrutina;avert laboratorios ltda 44 211 936 0001 37;;;TRUE;2;Aesculus hippocastanum;aesculus hippocastanum l. | extrato de aesculus hippocastanum (castanha-da-índia)
38;Castanha-da-índia;REG:101740052;Aesculus hippocastanum;aesculus hippocastanum l.;3;Aesculus_hippocastanum__AESCULUS_HIPPOCASTANUM_L.xlsx;CASTANHA DA INDIA ZURITA;;;REGISTRADO;101740052;25351.103910/2005-15;AVERT LABORATÓRIOS LTDA - 44.211.936/0001-37;Inativo;11/2009;aesculus hippocastanum;incluido_alias_completo;Inativo;101740052;25351 103910 2005 15;castanha da india zurita;avert laboratorios ltda 44 211 936 0001 37;;2005;TRUE;1;Aesculus hippocastanum;aesculus hippocastanum l.
38;Castanha-da-índia;REG:101740055;Aesculus hippocastanum;aesculus hippocastanum l.;3;Aesculus_hippocastanum__AESCULUS_HIPPOCASTANUM_L.xlsx;CASTANHA DA INDIA ZURITA;;;REGISTRADO;101740055;25351.752324/2009-21;AVERT LABORATÓRIOS LTDA - 44.211.936/0001-37;Inativo;02/2016;aesculus hippocastanum;incluido_alias_completo;Inativo;101740055;25351 752324 2009 21;castanha da india zurita;avert laboratorios ltda 44 211 936 0001 37;;2009;TRUE;1;Aesculus hippocastanum;aesculus hippocastanum l.
38;Castanha-da-índia;REG:102030021;Aesculus hippocastanum;aesculus hippocastanum l.;3;Aesculus_hippocastanum__AESCULUS_HIPPOCASTANUM_L.xlsx;CASTANHA DA ÍNDIA COMPOSTA INFABRA;;;REGISTRADO;102030021;25001.013389/83;INFABRA INDUSTRIA FARMACEUTICA BRASILEIRA LTDA - 42.341.149/0001-84;Inativo;11/2008;aesculus hippocastanum;incluido_alias_completo;Inativo;102030021;25001 013389 83;castanha da india composta infabra;infabra industria farmaceutica brasileira ltda 42 341 149 0001 84;;;TRUE;1;Aesculus hippocastanum;aesculus hippocastanum l.
38;Castanha-da-índia;REG:102470013;Aesculus hippocastanum;aesculus hippocastanum l.;3;Aesculus_hippocastanum__AESCULUS_HIPPOCASTANUM_L.xlsx;HEMORROIGIA;;;REGISTRADO;102470013;25992.014357/74;HOMEOPATIA WALDEMIRO PEREIRA LABORATORIO INDUSTRIAL FARMACEUTICO LTDA - 76.440.528/0001-43;Inativo;02/2020;aesculus hippocastanum;incluido_alias_completo;Inativo;102470013;25992 014357 74;hemorroigia;homeopatia waldemiro pereira laboratorio industrial farmaceutico ltda 76 440 528 0001 43;;;TRUE;1;Aesculus hippocastanum;aesculus hippocastanum l.
38;Castanha-da-índia;REG:102640048;Aesculus hippocastanum;aesculus hippocastanum l.;3;Aesculus_hippocastanum__AESCULUS_HIPPOCASTANUM_L.xlsx;CASTANHA DA INDIA MILLER;;;REGISTRADO;102640048;25351.070354/2003-13;MILLER INDUSTRIAL FTCA LTDA - 33.191.735/0001-07;Inativo;10/2009;aesculus hippocastanum;incluido_alias_completo;Inativo;102640048;25351 070354 2003 13;castanha da india miller;miller industrial ftca ltda 33 191 735 0001 07;;2003;TRUE;1;Aesculus hippocastanum;aesculus hippocastanum l.
38;Castanha-da-índia;REG:102660006;Aesculus hippocastanum;aesculus hippocastanum l.;3;Aesculus_hippocastanum__AESCULUS_HIPPOCASTANUM_L.xlsx;COMPLEXO HOMEPÁTICO AESCULUS ALMEIDA PRADO 20;;;REGISTRADO;102660006;25992.016569/67;FARMÁCIA E LABORATÓRIO HOMEOPÁTICO ALMEIDA PRADO LTDA - 60.862.208/0001-41;Inativo;09/2009;aesculus hippocastanum;incluido_alias_completo;Inativo;102660006;25992 016569 67;complexo homepatico aesculus almeida prado 20;farmacia e laboratorio homeopatico almeida prado ltda 60 862 208 0001 41;;;TRUE;1;Aesculus hippocastanum;aesculus hippocastanum l.
38;Castanha-da-índia;REG:102660015;Aesculus hippocastanum;aesculus hippocastanum l.;3;Aesculus_hippocastanum__AESCULUS_HIPPOCASTANUM_L.xlsx;HEMORROIMED;;;REGISTRADO;102660015;25992.005360/75;FARMÁCIA E LABORATÓRIO HOMEOPÁTICO ALMEIDA PRADO LTDA - 60.862.208/0001-41;Inativo;06/2000;aesculus hippocastanum;incluido_alias_completo;Inativo;102660015;25992 005360 75;hemorroimed;farmacia e laboratorio homeopatico almeida prado ltda 60 862 208 0001 41;;;TRUE;1;Aesculus hippocastanum;aesculus hippocastanum l.
38;Castanha-da-índia;REG:102660156;Aesculus hippocastanum;aesculus hippocastanum l.;3;Aesculus_hippocastanum__AESCULUS_HIPPOCASTANUM_L.xlsx;HEMORROIMED;;;REGISTRADO;102660156;25351.356734/2006-95;FARMÁCIA E LABORATÓRIO HOMEOPÁTICO ALMEIDA PRADO LTDA - 60.862.208/0001-41;Inativo;08/2027;aesculus hippocastanum;incluido_alias_completo;Inativo;102660156;25351 356734 2006 95;hemorroimed;farmacia e laboratorio homeopatico almeida prado ltda 60 862 208 0001 41;;2006;TRUE;1;Aesculus hippocastanum;aesculus hippocastanum l.
38;Castanha-da-índia;REG:102660172;Aesculus hippocastanum;aesculus hippocastanum l.;3;Aesculus_hippocastanum__AESCULUS_HIPPOCASTANUM_L.xlsx;COMPLEXO HOMEOPÁTICO AESCULUS ALMEIDA PRADO 20;;;REGISTRADO;102660172;25351.513838/2010-51;FARMÁCIA E LABORATÓRIO HOMEOPÁTICO ALMEIDA PRADO LTDA - 60.862.208/0001-41;Inativo;01/2027;aesculus hippocastanum;incluido_alias_completo;Inativo;102660172;25351 513838 2010 51;complexo homeopatico aesculus almeida prado 20;farmacia e laboratorio homeopatico almeida prado ltda 60 862 208 0001 41;;2010;TRUE;1;Aesculus hippocastanum;aesculus hippocastanum l.
38;Castanha-da-índia;REG:102700032;Aesculus hippocastanum;aesculus hippocastanum l.;3;Aesculus_hippocastanum__AESCULUS_HIPPOCASTANUM_L.xlsx;VENOSTASIN RETARD;;;REGISTRADO;102700032;25992.020179/72;ARISTON INDS QUIMS FTCAS LTDA - 61.391.769/0001-72;Inativo;06/2008;aesculus hippocastanum;incluido_alias_completo;Inativo;102700032;25992 020179 72;venostasin retard;ariston inds quims ftcas ltda 61 391 769 0001 72;;;TRUE;1;Aesculus hippocastanum;aesculus hippocastanum l.
38;Castanha-da-índia;REG:102700124;Aesculus hippocastanum;extrato seco de aesculus hippocastanum l.;5;Aesculus_hippocastanum__EXTRATO_SECO_DE_AESCULUS_HIPPOCASTANUM_L.xlsx;VENOFORTAN;;;REGISTRADO;102700124;25992.012662/59;ARISTON INDS QUIMS FTCAS LTDA - 61.391.769/0001-72;Inativo;08/2006;aesculus hippocastanum;incluido_alias_completo;Inativo;102700124;25992 012662 59;venofortan;ariston inds quims ftcas ltda 61 391 769 0001 72;;;TRUE;1;Aesculus hippocastanum;extrato seco de aesculus hippocastanum l.
38;Castanha-da-índia;REG:102910010;Aesculus hippocastanum;aesculus hippocastanum l.;3;Aesculus_hippocastanum__AESCULUS_HIPPOCASTANUM_L.xlsx;CASTANIODO;;;REGISTRADO;102910010;25000.004419/80;LABORATORIO SAMBER DO NORDESTE LTDA - 07.991.359/0001-17;Inativo;11/2005;aesculus hippocastanum;incluido_alias_completo;Inativo;102910010;25000 004419 80;castaniodo;laboratorio samber do nordeste ltda 07 991 359 0001 17;;;TRUE;1;Aesculus hippocastanum;aesculus hippocastanum l.
38;Castanha-da-índia;REG:103420051;Aesculus hippocastanum;aesculus hippocastanum l.;3;Aesculus_hippocastanum__AESCULUS_HIPPOCASTANUM_L.xlsx;CASTANHA DA ÍNDIA ATALAIA;;AESCULUS HIPPOCASTANUM L.;REGISTRADO;103420051;25351.362276/2005-42;FARMABRAZ BETA ATALAIA FARMACEUTICA LTDA. - 33.474.289/0001-30;Ativo;11/2035;aesculus hippocastanum;incluido_alias_completo;Ativo;103420051;25351 362276 2005 42;castanha da india atalaia;farmabraz beta atalaia farmaceutica ltda 33 474 289 0001 30;aesculus hippocastanum l;2005;TRUE;1;Aesculus hippocastanum;aesculus hippocastanum l.
38;Castanha-da-índia;REG:103420053;Aesculus hippocastanum;extrato seco de aesculus hippocastanum l.;5;Aesculus_hippocastanum__EXTRATO_SECO_DE_AESCULUS_HIPPOCASTANUM_L.xlsx;CASTANHA DA INDIA COMPOSTA;CASTANHA DA INDIA COMPOSTA ATALAIA;;REGISTRADO;103420053;25992.021247/75;FARMABRAZ BETA ATALAIA FARMACEUTICA LTDA. - 33.474.289/0001-30;Inativo;03/2001;aesculus hippocastanum;incluido_alias_completo;Inativo;103420053;25992 021247 75;castanha da india composta;farmabraz beta atalaia farmaceutica ltda 33 474 289 0001 30;;;TRUE;1;Aesculus hippocastanum;extrato seco de aesculus hippocastanum l.
38;Castanha-da-índia;REG:103670130;Aesculus hippocastanum;aesculus hippocastanum l.;3;Aesculus_hippocastanum__AESCULUS_HIPPOCASTANUM_L.xlsx;VENASTAT;;;REGISTRADO;103670130;25000.028807/99-13;BOEHRINGER INGELHEIM DO BRASIL QUÍMICA E FARMACÊUTICA LTDA. - 60.831.658/0001-77;Inativo;11/2005;aesculus hippocastanum;incluido_alias_completo;Inativo;103670130;25000 028807 99 13;venastat;boehringer ingelheim do brasil quimica e farmaceutica ltda 60 831 658 0001 77;;;TRUE;1;Aesculus hippocastanum;aesculus hippocastanum l.
38;Castanha-da-índia;REG:103700376;Aesculus hippocastanum;aesculus hippocastanum l.;3;Aesculus_hippocastanum__AESCULUS_HIPPOCASTANUM_L.xlsx;VENAFORT;;;REGISTRADO;103700376;25351.006594/02-01;LABORATÓRIO TEUTO BRASILEIRO S/A - 17.159.229/0001-76;Inativo;07/2007;aesculus hippocastanum;incluido_alias_completo;Inativo;103700376;25351 006594 02 01;venafort;laboratorio teuto brasileiro s a 17 159 229 0001 76;;;TRUE;1;Aesculus hippocastanum;aesculus hippocastanum l.
38;Castanha-da-índia;REG:103900218;Aesculus hippocastanum;aesculus hippocastanum l.;3;Aesculus_hippocastanum__AESCULUS_HIPPOCASTANUM_L.xlsx;VARICELL;;AESCULUS HIPPOCASTANUM L.;REGISTRADO;103900218;25351.303293/2021-68;FARMOQUÍMICA S/A - 33.349.473/0001-58;Ativo;10/2030;aesculus hippocastanum;incluido_alias_completo;Ativo;103900218;25351 303293 2021 68;varicell;farmoquimica s a 33 349 473 0001 58;aesculus hippocastanum l;2021;TRUE;1;Aesculus hippocastanum;aesculus hippocastanum l.
38;Castanha-da-índia;REG:104041994;Aesculus hippocastanum;aesculus hippocastanum l.;3;Aesculus_hippocastanum__AESCULUS_HIPPOCASTANUM_L.xlsx;VENOCAPS;;;REGISTRADO;104041994;25351.338009/2005-54;LUPER INDÚSTRIA FARMACÊUTICA LTDA - 61.299.111/0001-35;Inativo;05/2012;aesculus hippocastanum;incluido_alias_completo;Inativo;104041994;25351 338009 2005 54;venocaps;luper industria farmaceutica ltda 61 299 111 0001 35;;2005;TRUE;1;Aesculus hippocastanum;aesculus hippocastanum l.
38;Castanha-da-índia;REG:104670009;Aesculus hippocastanum;aesculus hippocastanum l.;3;Aesculus_hippocastanum__AESCULUS_HIPPOCASTANUM_L.xlsx;Elixir de Hamamelis Composta Farmaervas;;;REGISTRADO;104670009;25992.016672/73;LABORATORIO FARMAERVAS LTDA - 60.565.520/0001-73;Inativo;08/2004;aesculus hippocastanum;incluido_alias_completo;Inativo;104670009;25992 016672 73;elixir de hamamelis composta farmaervas;laboratorio farmaervas ltda 60 565 520 0001 73;;;TRUE;1;Aesculus hippocastanum;aesculus hippocastanum l.
38;Castanha-da-índia;REG:104730041;Aesculus hippocastanum;aesculus hippocastanum l.;3;Aesculus_hippocastanum__AESCULUS_HIPPOCASTANUM_L.xlsx;VARISBEM;;AESCULUS HIPPOCASTANUM L.;REGISTRADO;104730041;25351.581834/2016-07;VIDORA FARMACÊUTICA LTDA - 92.762.277/0001-70;Ativo;07/2029;aesculus hippocastanum;incluido_alias_completo;Ativo;104730041;25351 581834 2016 07;varisbem;vidora farmaceutica ltda 92 762 277 0001 70;aesculus hippocastanum l;2016;TRUE;1;Aesculus hippocastanum;aesculus hippocastanum l.
38;Castanha-da-índia;REG:104760054;Aesculus hippocastanum;aesculus hippocastanum l.;3;Aesculus_hippocastanum__AESCULUS_HIPPOCASTANUM_L.xlsx;TAYUCAROBA;;;REGISTRADO;104760054;25351.696711/2008-82;LABORATORIO QUIMICO FARMACEUTICO BARROS LTDA - 21.573.449/0001-19;Inativo;08/2014;aesculus hippocastanum;incluido_alias_completo;Inativo;104760054;25351 696711 2008 82;tayucaroba;laboratorio quimico farmaceutico barros ltda 21 573 449 0001 19;;2008;TRUE;1;Aesculus hippocastanum;aesculus hippocastanum l.
38;Castanha-da-índia;REG:105040053;Aesculus hippocastanum;aesculus hippocastanum l.;3;Aesculus_hippocastanum__AESCULUS_HIPPOCASTANUM_L.xlsx;CASTANHA DA ÍNDIA LABORATÓRIOS OSÓRIO DE MORAES;;AESCULUS HIPPOCASTANUM L.;REGISTRADO;105040053;25351.065847/2024-66;LABORATÓRIOS OSÓRIO DE MORAES LTDA - 19.791.813/0001-75;Ativo;12/2034;aesculus hippocastanum;incluido_alias_completo;Ativo;105040053;25351 065847 2024 66;castanha da india laboratorios osorio de moraes;laboratorios osorio de moraes ltda 19 791 813 0001 75;aesculus hippocastanum l;2024;TRUE;1;Aesculus hippocastanum;aesculus hippocastanum l.
38;Castanha-da-índia;REG:105290016;Aesculus hippocastanum;aesculus hippocastanum l.;3;Aesculus_hippocastanum__AESCULUS_HIPPOCASTANUM_L.xlsx;HEMOFLORA;;;REGISTRADO;105290016;25351.037049/2001-50;EASELABS LABORATORIO FARMACEUTICO LTDA. - 17.299.140/0001-05;Inativo;05/2010;aesculus hippocastanum;incluido_alias_completo;Inativo;105290016;25351 037049 2001 50;hemoflora;easelabs laboratorio farmaceutico ltda 17 299 140 0001 05;;2001;TRUE;1;Aesculus hippocastanum;aesculus hippocastanum l.
38;Castanha-da-índia;REG:105350213;Aesculus hippocastanum;aesculus hippocastanum l.;3;Aesculus_hippocastanum__AESCULUS_HIPPOCASTANUM_L.xlsx;CASTANHA DA INDIA GLOBO;;AESCULUS HIPPOCASTANUM L.;REGISTRADO;105350213;25351.566795/2018-01;LABORATÓRIO GLOBO SA - 17.115.437/0001-73;Ativo;01/2030;aesculus hippocastanum;incluido_alias_completo;Ativo;105350213;25351 566795 2018 01;castanha da india globo;laboratorio globo sa 17 115 437 0001 73;aesculus hippocastanum l;2018;TRUE;1;Aesculus hippocastanum;aesculus hippocastanum l.
38;Castanha-da-índia;REG:105530357;Aesculus hippocastanum;aesculus hippocastanum l.;3;Aesculus_hippocastanum__AESCULUS_HIPPOCASTANUM_L.xlsx;VENOCUR FIT;;;REGISTRADO;105530357;25351.001115/2011-39;ABBOTT LABORATÓRIOS DO BRASIL LTDA - 56.998.701/0001-16;Inativo;06/2028;aesculus hippocastanum;incluido_alias_completo;Inativo;105530357;25351 001115 2011 39;venocur fit;abbott laboratorios do brasil ltda 56 998 701 0001 16;;2011;TRUE;1;Aesculus hippocastanum;aesculus hippocastanum l.
38;Castanha-da-índia;REG:105710138;Aesculus hippocastanum;aesculus hippocastanum l.;3;Aesculus_hippocastanum__AESCULUS_HIPPOCASTANUM_L.xlsx;CASTANHA DA ÍNDIA;;AESCULUS HIPPOCASTANUM L.;REGISTRADO;105710138;25351.465322/2005-64;BELFAR LTDA - 18.324.343/0001-77;Ativo;01/2036;aesculus hippocastanum;incluido_alias_completo;Ativo;105710138;25351 465322 2005 64;castanha da india;belfar ltda 18 324 343 0001 77;aesculus hippocastanum l;2005;TRUE;1;Aesculus hippocastanum;aesculus hippocastanum l.
38;Castanha-da-índia;REG:105730740;Aesculus hippocastanum;aesculus hippocastanum l.;3;Aesculus_hippocastanum__AESCULUS_HIPPOCASTANUM_L.xlsx;VARIHERB;;;REGISTRADO;105730740;25351.107592/2020-92;ACHÉ LABORATÓRIOS FARMACÊUTICOS S.A - 60.659.463/0029-92;Inativo;03/2028;aesculus hippocastanum;incluido_alias_completo;Inativo;105730740;25351 107592 2020 92;variherb;ache laboratorios farmaceuticos s a 60 659 463 0029 92;;2020;TRUE;1;Aesculus hippocastanum;aesculus hippocastanum l.
38;Castanha-da-índia;REG:106240239;Aesculus hippocastanum;aesculus hippocastanum l.;3;Aesculus_hippocastanum__AESCULUS_HIPPOCASTANUM_L.xlsx;CASTANHA DA ÍNDIA MILIAN;;;REGISTRADO;106240239;25351.460844/2007-31;INDÚSTRIA FARMACÊUTICA MILIAN LTDA - 29.333.218/0001-40;Inativo;03/2013;aesculus hippocastanum;incluido_alias_completo;Inativo;106240239;25351 460844 2007 31;castanha da india milian;industria farmaceutica milian ltda 29 333 218 0001 40;;2007;TRUE;1;Aesculus hippocastanum;aesculus hippocastanum l.
38;Castanha-da-índia;REG:106890001;Aesculus hippocastanum;aesculus hippocastanum l.;3;Aesculus_hippocastanum__AESCULUS_HIPPOCASTANUM_L.xlsx;PROCTOCAPS;;AESCULUS HIPPOCASTANUM L.;REGISTRADO;106890001;25351.022796/00-67;KLEY HERTZ FARMACEUTICA S.A - 92.695.691/0001-03;Ativo;03/2036;aesculus hippocastanum;incluido_alias_completo;Ativo;106890001;25351 022796 00 67;proctocaps;kley hertz farmaceutica s a 92 695 691 0001 03;aesculus hippocastanum l;;TRUE;1;Aesculus hippocastanum;aesculus hippocastanum l.
38;Castanha-da-índia;REG:106890036;Aesculus hippocastanum;aesculus hippocastanum l.;3;Aesculus_hippocastanum__AESCULUS_HIPPOCASTANUM_L.xlsx;PROCTOSAN;;;REGISTRADO;106890036;25991.003888/80;KLEY HERTZ FARMACEUTICA S.A - 92.695.691/0001-03;Inativo;12/2009;aesculus hippocastanum;incluido_alias_completo;Inativo;106890036;25991 003888 80;proctosan;kley hertz farmaceutica s a 92 695 691 0001 03;;;TRUE;1;Aesculus hippocastanum;aesculus hippocastanum l.
38;Castanha-da-índia;REG:106890204;Aesculus hippocastanum;aesculus hippocastanum l.;3;Aesculus_hippocastanum__AESCULUS_HIPPOCASTANUM_L.xlsx;VARICAPS AH;CÁPSULA GELATINOSA  DURA;AESCULUS HIPPOCASTANUM L.;REGISTRADO;106890204;25351.599900/2019-61;KLEY HERTZ FARMACEUTICA S.A - 92.695.691/0001-03;Ativo;09/2030;aesculus hippocastanum;incluido_alias_completo;Ativo;106890204;25351 599900 2019 61;varicaps ah;kley hertz farmaceutica s a 92 695 691 0001 03;aesculus hippocastanum l;2019;TRUE;1;Aesculus hippocastanum;aesculus hippocastanum l.
38;Castanha-da-índia;REG:107740004;Aesculus hippocastanum;aesculus hippocastanum l.;3;Aesculus_hippocastanum__AESCULUS_HIPPOCASTANUM_L.xlsx;HAMAMELIS COMPOSTA;;;REGISTRADO;107740004;25025.039228/97-70;LABORATÓRIO CANGERI LTDA - 92.751.965/0001-34;Inativo;02/2008;aesculus hippocastanum;incluido_alias_completo;Inativo;107740004;25025 039228 97 70;hamamelis composta;laboratorio cangeri ltda 92 751 965 0001 34;;;TRUE;1;Aesculus hippocastanum;aesculus hippocastanum l.
38;Castanha-da-índia;REG:109130011;Aesculus hippocastanum;extrato de aesculus hippocastanum (castanha-da-índia);7;Aesculus_hippocastanum__extrato_de_aesculus_hippocastanum_castanha-da-índia.xlsx;CASTANHODO;;;REGISTRADO;109130011;25351.209120/2011-89;RAVICK PRODUTOS QUÍMICOS E COSMÉTICOS LTDA - 05.313.598/0001-92;Inativo;01/2018;aesculus hippocastanum;incluido_alias_completo;Inativo;109130011;25351 209120 2011 89;castanhodo;ravick produtos quimicos e cosmeticos ltda 05 313 598 0001 92;;2011;TRUE;1;Aesculus hippocastanum;extrato de aesculus hippocastanum (castanha-da-índia)
38;Castanha-da-índia;REG:109220205;Aesculus hippocastanum;aesculus hippocastanum l.;3;Aesculus_hippocastanum__AESCULUS_HIPPOCASTANUM_L.xlsx;VARIZIN;;;REGISTRADO;109220205;25351.272531/2007-28;H B FARMA LABORATÓRIOS LTDA - 28.643.633/0001-37;Inativo;11/2012;aesculus hippocastanum;incluido_alias_completo;Inativo;109220205;25351 272531 2007 28;varizin;h b farma laboratorios ltda 28 643 633 0001 37;;2007;TRUE;1;Aesculus hippocastanum;aesculus hippocastanum l.
38;Castanha-da-índia;REG:109740253;Aesculus hippocastanum;aesculus hippocastanum l.;3;Aesculus_hippocastanum__AESCULUS_HIPPOCASTANUM_L.xlsx;NOVARRUTINA;;;REGISTRADO;109740253;25351.388823/2017-12;BIOLAB SANUS FARMACÊUTICA LTDA - 49.475.833/0001-06;Inativo;01/2023;aesculus hippocastanum;incluido_alias_completo;Inativo;109740253;25351 388823 2017 12;novarrutina;biolab sanus farmaceutica ltda 49 475 833 0001 06;;2017;TRUE;1;Aesculus hippocastanum;aesculus hippocastanum l.
38;Castanha-da-índia;REG:109980028;Aesculus hippocastanum;aesculus hippocastanum l.;3;Aesculus_hippocastanum__AESCULUS_HIPPOCASTANUM_L.xlsx;CASTANHA DA INDIA VITAHERVAS;;;REGISTRADO;109980028;25351.021299/01-78;BRASKAP IND COM S/A - 46.128.948/0001-28;Inativo;05/2007;aesculus hippocastanum;incluido_alias_completo;Inativo;109980028;25351 021299 01 78;castanha da india vitahervas;braskap ind com s a 46 128 948 0001 28;;;TRUE;1;Aesculus hippocastanum;aesculus hippocastanum l.
38;Castanha-da-índia;REG:111990004;Aesculus hippocastanum;aesculus hippocastanum l.;3;Aesculus_hippocastanum__AESCULUS_HIPPOCASTANUM_L.xlsx;CASTANHA DA ÍNDIA COMPOSTA;;AESCULUS HIPPOCASTANUM L., Smilax papiracea, polygonum acre H.B.K., RUTINA;REGISTRADO;111990004;25001.010933/79;MAKROFARMA QUIMICA FARMACEUTICA LTDA - 33.223.157/0001-35;Ativo;10/2027;aesculus hippocastanum;incluido_alias_completo;Ativo;111990004;25001 010933 79;castanha da india composta;makrofarma quimica farmaceutica ltda 33 223 157 0001 35;aesculus hippocastanum l smilax papiracea polygonum acre h b k rutina;;TRUE;1;Aesculus hippocastanum;aesculus hippocastanum l.
38;Castanha-da-índia;REG:111990028;Aesculus hippocastanum;aesculus hippocastanum linn.;4;Aesculus_hippocastanum__AESCULUS_HIPPOCASTANUM_LINN.xlsx;CASTANHA DA ÍNDIA 100 MG MAKROFARMA;;;REGISTRADO;111990028;25351.179630/2007-31;MAKROFARMA QUIMICA FARMACEUTICA LTDA - 33.223.157/0001-35;Inativo;03/2013;aesculus hippocastanum;incluido_alias_completo;Inativo;111990028;25351 179630 2007 31;castanha da india 100 mg makrofarma;makrofarma quimica farmaceutica ltda 33 223 157 0001 35;;2007;TRUE;1;Aesculus hippocastanum;aesculus hippocastanum linn.
38;Castanha-da-índia;REG:111990032;Aesculus hippocastanum;aesculus hippocastanum l.;3;Aesculus_hippocastanum__AESCULUS_HIPPOCASTANUM_L.xlsx;VASTONIC;;AESCULUS HIPPOCASTANUM L., Polygonum punctatum Elliot, Smilax papyracea Duhamel., RUTOSÍDEO;REGISTRADO;111990032;25351.866302/2021-27;MAKROFARMA QUIMICA FARMACEUTICA LTDA - 33.223.157/0001-35;Ativo;12/2032;aesculus hippocastanum;incluido_alias_completo;Ativo;111990032;25351 866302 2021 27;vastonic;makrofarma quimica farmaceutica ltda 33 223 157 0001 35;aesculus hippocastanum l polygonum punctatum elliot smilax papyracea duhamel rutosideo;2021;TRUE;1;Aesculus hippocastanum;aesculus hippocastanum l.
38;Castanha-da-índia;REG:112700026;Aesculus hippocastanum;aesculus hippocastanum l.;3;Aesculus_hippocastanum__AESCULUS_HIPPOCASTANUM_L.xlsx;CASTANHA DA INDIA;;;REGISTRADO;112700026;25000.014235/91-48;FONTOVIT LABORATORIOS SA - 53.249.736/0001-64;Inativo;07/2006;aesculus hippocastanum;incluido_alias_completo;Inativo;112700026;25000 014235 91 48;castanha da india;fontovit laboratorios sa 53 249 736 0001 64;;;TRUE;1;Aesculus hippocastanum;aesculus hippocastanum l.
38;Castanha-da-índia;REG:115600179;Aesculus hippocastanum;aesculus hippocastanum l.;3;Aesculus_hippocastanum__AESCULUS_HIPPOCASTANUM_L.xlsx;VENOCEL;;AESCULUS HIPPOCASTANUM L.;REGISTRADO;115600179;25351.073251/2014-22;CIFARMA CIENTÍFICA FARMACÊUTICA LTDA - 17.562.075/0001-69;Ativo;02/2035;aesculus hippocastanum;incluido_alias_completo;Ativo;115600179;25351 073251 2014 22;venocel;cifarma cientifica farmaceutica ltda 17 562 075 0001 69;aesculus hippocastanum l;2014;TRUE;1;Aesculus hippocastanum;aesculus hippocastanum l.
38;Castanha-da-índia;REG:116780001;Aesculus hippocastanum;aesculus hippocastanum l.;3;Aesculus_hippocastanum__AESCULUS_HIPPOCASTANUM_L.xlsx;CASTANHA DA ÍNDIA EC;;AESCULUS HIPPOCASTANUM L.;REGISTRADO;116780001;25023.984203/91;AS ERVAS CURAM INDUSTRIA FARMACEUTICA LTDA - 79.634.572/0001-82;Ativo;06/2027;aesculus hippocastanum;incluido_alias_completo;Ativo;116780001;25023 984203 91;castanha da india ec;as ervas curam industria farmaceutica ltda 79 634 572 0001 82;aesculus hippocastanum l;;TRUE;1;Aesculus hippocastanum;aesculus hippocastanum l.
38;Castanha-da-índia;REG:117170060;Aesculus hippocastanum;aesculus hippocastanum l.;3;Aesculus_hippocastanum__AESCULUS_HIPPOCASTANUM_L.xlsx;VARITRAT;;;REGISTRADO;117170060;25351.006335/2005-03;PHARMASCIENCE INDUSTRIA FARMACEUTICA S.A - 25.773.037/0001-83;Inativo;11/2010;aesculus hippocastanum;incluido_alias_completo;Inativo;117170060;25351 006335 2005 03;varitrat;pharmascience industria farmaceutica s a 25 773 037 0001 83;;2005;TRUE;1;Aesculus hippocastanum;aesculus hippocastanum l.
38;Castanha-da-índia;REG:117170076;Aesculus hippocastanum;aesculus hippocastanum l.;3;Aesculus_hippocastanum__AESCULUS_HIPPOCASTANUM_L.xlsx;VARINATI;;AESCULUS HIPPOCASTANUM L.;REGISTRADO;117170076;25351.252700/2013-88;PHARMASCIENCE INDUSTRIA FARMACEUTICA S.A - 25.773.037/0001-83;Ativo;10/2028;aesculus hippocastanum;incluido_alias_completo;Ativo;117170076;25351 252700 2013 88;varinati;pharmascience industria farmaceutica s a 25 773 037 0001 83;aesculus hippocastanum l;2013;TRUE;1;Aesculus hippocastanum;aesculus hippocastanum l.
38;Castanha-da-índia;REG:118190122;Aesculus hippocastanum;aesculus hippocastanum l.;3;Aesculus_hippocastanum__AESCULUS_HIPPOCASTANUM_L.xlsx;CASTANHA DA ÍNDIA MULTILAB;;;REGISTRADO;118190122;25351.354717/2011-44;MULTILAB INDUSTRIA E COMERCIO DE PRODUTOS FARMACEUTICOS LTDA - 92.265.552/0009-05;Inativo;03/2013;aesculus hippocastanum;incluido_alias_completo;Inativo;118190122;25351 354717 2011 44;castanha da india multilab;multilab industria e comercio de produtos farmaceuticos ltda 92 265 552 0009 05;;2011;TRUE;1;Aesculus hippocastanum;aesculus hippocastanum l.
38;Castanha-da-índia;REG:118600011;Aesculus hippocastanum;aesculus hippocastanum l.;3;Aesculus_hippocastanum__AESCULUS_HIPPOCASTANUM_L.xlsx;TINTURA DE CASTANHA DA INDIA HERBARIUM;;;REGISTRADO;118600011;25351.021303/01-43;HERBARIUM LABORATORIO BOTANICO LTDA - 78.950.011/0001-20;Inativo;12/2006;aesculus hippocastanum;incluido_alias_completo;Inativo;118600011;25351 021303 01 43;tintura de castanha da india herbarium;herbarium laboratorio botanico ltda 78 950 011 0001 20;;;TRUE;1;Aesculus hippocastanum;aesculus hippocastanum l.
38;Castanha-da-índia;REG:118600020;Aesculus hippocastanum;extrato seco de aesculus hippocastanum l.;5;Aesculus_hippocastanum__EXTRATO_SECO_DE_AESCULUS_HIPPOCASTANUM_L.xlsx;CASTANHA DA INDIA;;;REGISTRADO;118600020;25351.039715/01-21;HERBARIUM LABORATORIO BOTANICO LTDA - 78.950.011/0001-20;Inativo;08/2007;aesculus hippocastanum;incluido_alias_completo;Inativo;118600020;25351 039715 01 21;castanha da india;herbarium laboratorio botanico ltda 78 950 011 0001 20;;;TRUE;1;Aesculus hippocastanum;extrato seco de aesculus hippocastanum l.
38;Castanha-da-índia;REG:118600072;Aesculus hippocastanum;aesculus hippocastanum l.;3;Aesculus_hippocastanum__AESCULUS_HIPPOCASTANUM_L.xlsx;VENOVITAL;VENOCAST;;REGISTRADO;118600072;25351.011441/2003-39;HERBARIUM LABORATORIO BOTANICO LTDA - 78.950.011/0001-20;Inativo;07/2015;aesculus hippocastanum;incluido_alias_completo;Inativo;118600072;25351 011441 2003 39;venovital;herbarium laboratorio botanico ltda 78 950 011 0001 20;;2003;TRUE;1;Aesculus hippocastanum;aesculus hippocastanum l.
38;Castanha-da-índia;REG:118600080;Aesculus hippocastanum;aesculus hippocastanum l.;3;Aesculus_hippocastanum__AESCULUS_HIPPOCASTANUM_L.xlsx;CASTANHA DA ÍNDIA HERBARIUM;;AESCULUS HIPPOCASTANUM L.;REGISTRADO;118600080;25351.143226/2007-20;HERBARIUM LABORATORIO BOTANICO LTDA - 78.950.011/0001-20;Ativo;09/2027;aesculus hippocastanum;incluido_alias_completo;Ativo;118600080;25351 143226 2007 20;castanha da india herbarium;herbarium laboratorio botanico ltda 78 950 011 0001 20;aesculus hippocastanum l;2007;TRUE;1;Aesculus hippocastanum;aesculus hippocastanum l.
38;Castanha-da-índia;REG:118610088;Aesculus hippocastanum;aesculus hippocastanum l.;3;Aesculus_hippocastanum__AESCULUS_HIPPOCASTANUM_L.xlsx;VARILISE;;;REGISTRADO;118610088;25351.024024/00-13;ATIVUS FARMACÊUTICA LTDA - 64.088.172/0001-41;Inativo;11/2010;aesculus hippocastanum;incluido_alias_completo;Inativo;118610088;25351 024024 00 13;varilise;ativus farmaceutica ltda 64 088 172 0001 41;;;TRUE;1;Aesculus hippocastanum;aesculus hippocastanum l.
38;Castanha-da-índia;REG:118610234;Aesculus hippocastanum;aesculus hippocastanum l.;3;Aesculus_hippocastanum__AESCULUS_HIPPOCASTANUM_L.xlsx;ZARV;;;REGISTRADO;118610234;25351.061020/2003-59;ATIVUS FARMACÊUTICA LTDA - 64.088.172/0001-41;Inativo;08/2014;aesculus hippocastanum;incluido_alias_completo;Inativo;118610234;25351 061020 2003 59;zarv;ativus farmaceutica ltda 64 088 172 0001 41;;2003;TRUE;1;Aesculus hippocastanum;aesculus hippocastanum l.
38;Castanha-da-índia;REG:120090022;Aesculus hippocastanum;aesculus hippocastanum l.;3;Aesculus_hippocastanum__AESCULUS_HIPPOCASTANUM_L.xlsx;VARILESS BIONATUS;;AESCULUS HIPPOCASTANUM L.;REGISTRADO;120090022;25000.011971/92-06;BIONATUS LABORATÓRIO BOTÂNICO LTDA - 68.032.192/0001-51;Ativo;09/2027;aesculus hippocastanum;incluido_alias_completo;Ativo;120090022;25000 011971 92 06;variless bionatus;bionatus laboratorio botanico ltda 68 032 192 0001 51;aesculus hippocastanum l;;TRUE;1;Aesculus hippocastanum;aesculus hippocastanum l.
38;Castanha-da-índia;REG:120090024;Aesculus hippocastanum;aesculus hippocastanum l.;3;Aesculus_hippocastanum__AESCULUS_HIPPOCASTANUM_L.xlsx;castanha da índia;;;REGISTRADO;120090024;25000.011971/92;BIONATUS LABORATÓRIO BOTÂNICO LTDA - 68.032.192/0001-51;Inativo;09/2010;aesculus hippocastanum;incluido_alias_completo;Inativo;120090024;25000 011971 92;castanha da india;bionatus laboratorio botanico ltda 68 032 192 0001 51;;;TRUE;1;Aesculus hippocastanum;aesculus hippocastanum l.
38;Castanha-da-índia;REG:120090038;Aesculus hippocastanum;aesculus hippocastanum l.;3;Aesculus_hippocastanum__AESCULUS_HIPPOCASTANUM_L.xlsx;PLASMOVE;;AESCULUS HIPPOCASTANUM L.;REGISTRADO;120090038;25351.231056/2023-50;BIONATUS LABORATÓRIO BOTÂNICO LTDA - 68.032.192/0001-51;Ativo;10/2031;aesculus hippocastanum;incluido_alias_completo;Ativo;120090038;25351 231056 2023 50;plasmove;bionatus laboratorio botanico ltda 68 032 192 0001 51;aesculus hippocastanum l;2023;TRUE;1;Aesculus hippocastanum;aesculus hippocastanum l.
38;Castanha-da-índia;REG:120290001;Aesculus hippocastanum;extrato de aesculus hippocastanum (castanha-da-índia);7;Aesculus_hippocastanum__extrato_de_aesculus_hippocastanum_castanha-da-índia.xlsx;RAPID GEL;;;REGISTRADO;120290001;25000.011352/95-29;INDUSTRIA FARMACEUTICA E PERFUMARIA BIOKOSMA LTDA - 64.668.981/0001-22;Inativo;03/2004;aesculus hippocastanum;incluido_alias_completo;Inativo;120290001;25000 011352 95 29;rapid gel;industria farmaceutica e perfumaria biokosma ltda 64 668 981 0001 22;;;TRUE;1;Aesculus hippocastanum;extrato de aesculus hippocastanum (castanha-da-índia)
38;Castanha-da-índia;REG:120600030;Aesculus hippocastanum;aesculus hippocastanum l.;3;Aesculus_hippocastanum__AESCULUS_HIPPOCASTANUM_L.xlsx;VARIZAN CASTANHA DA ÍNDIA;;AESCULUS HIPPOCASTANUM L.;REGISTRADO;120600030;25351.000693/2022-03;LAPON INDUSTRIA FARMACEUTICA LTDA - EPP - 35.356.799/0001-38;Ativo;08/2032;aesculus hippocastanum;incluido_alias_completo;Ativo;120600030;25351 000693 2022 03;varizan castanha da india;lapon industria farmaceutica ltda epp 35 356 799 0001 38;aesculus hippocastanum l;2022;TRUE;1;Aesculus hippocastanum;aesculus hippocastanum l.
38;Castanha-da-índia;REG:121070002;Aesculus hippocastanum;aesculus hippocastanum l.;3;Aesculus_hippocastanum__AESCULUS_HIPPOCASTANUM_L.xlsx;VENOCIN;;;REGISTRADO;121070002;25351.224728/2002-46;APIS FLORA INDUSTRIAL  E COMERCIAL LTDA - 49.345.358/0001-45;Inativo;04/2008;aesculus hippocastanum;incluido_alias_completo;Inativo;121070002;25351 224728 2002 46;venocin;apis flora industrial e comercial ltda 49 345 358 0001 45;;2002;TRUE;1;Aesculus hippocastanum;aesculus hippocastanum l.
38;Castanha-da-índia;REG:122830029;Aesculus hippocastanum;aesculus hippocastanum l.;3;Aesculus_hippocastanum__AESCULUS_HIPPOCASTANUM_L.xlsx;VARIZINA;;;REGISTRADO;122830029;25001.008600/83;DM INDÚSTRIA FARMACÊUTICA LTDA - 67.866.665/0002-34;Inativo;11/2003;aesculus hippocastanum;incluido_alias_completo;Inativo;122830029;25001 008600 83;varizina;dm industria farmaceutica ltda 67 866 665 0002 34;;;TRUE;1;Aesculus hippocastanum;aesculus hippocastanum l.
38;Castanha-da-índia;REG:123970014;Aesculus hippocastanum;aesculus hippocastanum l.;3;Aesculus_hippocastanum__AESCULUS_HIPPOCASTANUM_L.xlsx;CASTANHA DA ÍNDIA ORIENT;;;REGISTRADO;123970014;25351.199068/2002-58;ORIENT MIX FITOTERÁPICOS DO BRASIL LTDA. - 73.657.876/0001-89;Inativo;05/2008;aesculus hippocastanum;incluido_alias_completo;Inativo;123970014;25351 199068 2002 58;castanha da india orient;orient mix fitoterapicos do brasil ltda 73 657 876 0001 89;;2002;TRUE;1;Aesculus hippocastanum;aesculus hippocastanum l.
38;Castanha-da-índia;REG:123970039;Aesculus hippocastanum;aesculus hippocastanum l.;3;Aesculus_hippocastanum__AESCULUS_HIPPOCASTANUM_L.xlsx;CASTANHA DA INDIA ORIENT;;;REGISTRADO;123970039;25351.608278/2009-83;ORIENT MIX FITOTERÁPICOS DO BRASIL LTDA. - 73.657.876/0001-89;Inativo;11/2025;aesculus hippocastanum;incluido_alias_completo;Inativo;123970039;25351 608278 2009 83;castanha da india orient;orient mix fitoterapicos do brasil ltda 73 657 876 0001 89;;2009;TRUE;1;Aesculus hippocastanum;aesculus hippocastanum l.
38;Castanha-da-índia;REG:126090143;Aesculus hippocastanum;aesculus hippocastanum l.;3;Aesculus_hippocastanum__AESCULUS_HIPPOCASTANUM_L.xlsx;CASTANHA DA INDIA AMAZON ERVAS;;;REGISTRADO;126090143;25351.067933/2003-89;AMAZON ERVAS LABORATÓRIO BOTÂNICO LTDA - 05.501.937/0001-64;Inativo;06/2009;aesculus hippocastanum;incluido_alias_completo;Inativo;126090143;25351 067933 2003 89;castanha da india amazon ervas;amazon ervas laboratorio botanico ltda 05 501 937 0001 64;;2003;TRUE;1;Aesculus hippocastanum;aesculus hippocastanum l.
38;Castanha-da-índia;REG:127580028;Aesculus hippocastanum;aesculus hippocastanum l.;3;Aesculus_hippocastanum__AESCULUS_HIPPOCASTANUM_L.xlsx;VENAESCULUS;;;REGISTRADO;127580028;25351.168989/2002-79;LABORATÓRIO FARMACÊUTICO CARESSE LTDA ME - 56.930.811/0001-46;Inativo;01/2018;aesculus hippocastanum;incluido_alias_completo;Inativo;127580028;25351 168989 2002 79;venaesculus;laboratorio farmaceutico caresse ltda me 56 930 811 0001 46;;2002;TRUE;1;Aesculus hippocastanum;aesculus hippocastanum l.
38;Castanha-da-índia;REG:128120011;Aesculus hippocastanum;aesculus hippocastanum l.;3;Aesculus_hippocastanum__AESCULUS_HIPPOCASTANUM_L.xlsx;FITOCASTAN;;;REGISTRADO;128120011;25351.006084/02-17;FITOVIDA LTDA - ME - 86.629.086/0001-31;Inativo;02/2009;aesculus hippocastanum;incluido_alias_completo;Inativo;128120011;25351 006084 02 17;fitocastan;fitovida ltda me 86 629 086 0001 31;;;TRUE;1;Aesculus hippocastanum;aesculus hippocastanum l.
38;Castanha-da-índia;REG:128420009;Aesculus hippocastanum;aesculus hippocastanum l.;3;Aesculus_hippocastanum__AESCULUS_HIPPOCASTANUM_L.xlsx;CEREBRUM COMPOSITUM;;;REGISTRADO;128420009;25000.012267/96-78;PROBIOS COMÉRCIO IMPORTAÇÃO E EXPORTAÇÃO LTDA - 74.455.197/0001-90;Inativo;12/2006;aesculus hippocastanum;incluido_alias_completo;Inativo;128420009;25000 012267 96 78;cerebrum compositum;probios comercio importacao e exportacao ltda 74 455 197 0001 90;;;TRUE;1;Aesculus hippocastanum;aesculus hippocastanum l.
38;Castanha-da-índia;REG:128420015;Aesculus hippocastanum;aesculus hippocastanum l.;3;Aesculus_hippocastanum__AESCULUS_HIPPOCASTANUM_L.xlsx;TONSILLA COMPOSITUM N;;;REGISTRADO;128420015;25000.018606/98-46;PROBIOS COMÉRCIO IMPORTAÇÃO E EXPORTAÇÃO LTDA - 74.455.197/0001-90;Inativo;04/2007;aesculus hippocastanum;incluido_alias_completo;Inativo;128420015;25000 018606 98 46;tonsilla compositum n;probios comercio importacao e exportacao ltda 74 455 197 0001 90;;;TRUE;2;Aesculus hippocastanum;aesculus hippocastanum l. | aesculus hippocastanum linn.
38;Castanha-da-índia;REG:135170060;Aesculus hippocastanum;aesculus hippocastanum l.;3;Aesculus_hippocastanum__AESCULUS_HIPPOCASTANUM_L.xlsx;CASTANHA DA ÍNDIA ALTHAIA;;AESCULUS HIPPOCASTANUM L.;REGISTRADO;135170060;25351.733670/2019-75;ALTHAIA S.A. INDUSTRIA FARMACEUTICA - 48.344.725/0007-19;Ativo;10/2030;aesculus hippocastanum;incluido_alias_completo;Ativo;135170060;25351 733670 2019 75;castanha da india althaia;althaia s a industria farmaceutica 48 344 725 0007 19;aesculus hippocastanum l;2019;TRUE;1;Aesculus hippocastanum;aesculus hippocastanum l.
38;Castanha-da-índia;REG:137070008;Aesculus hippocastanum;aesculus hippocastanum l.;3;Aesculus_hippocastanum__AESCULUS_HIPPOCASTANUM_L.xlsx;CASTANHA DA INDIA FLORA MEDICINAL;;;REGISTRADO;137070008;25351.025546/00-14;FLORA MEDICINAL J. MONTEIRO DA SILVA LTDA - 02.007.074/0001-85;Inativo;04/2006;aesculus hippocastanum;incluido_alias_completo;Inativo;137070008;25351 025546 00 14;castanha da india flora medicinal;flora medicinal j monteiro da silva ltda 02 007 074 0001 85;;;TRUE;1;Aesculus hippocastanum;aesculus hippocastanum l.
38;Castanha-da-índia;REG:137640106;Aesculus hippocastanum;aesculus hippocastanum l.;3;Aesculus_hippocastanum__AESCULUS_HIPPOCASTANUM_L.xlsx;CASTANHA DA ÍNDIA COMPOSTA;;;REGISTRADO;137640106;25351.222085/2007-19;ASPEN PHARMA INDÚSTRIA FARMACÊUTICA LTDA - 02.433.631/0001-20;Inativo;11/2008;aesculus hippocastanum;incluido_alias_completo;Inativo;137640106;25351 222085 2007 19;castanha da india composta;aspen pharma industria farmaceutica ltda 02 433 631 0001 20;;2007;TRUE;1;Aesculus hippocastanum;aesculus hippocastanum l.
38;Castanha-da-índia;REG:138100013;Aesculus hippocastanum;aesculus hippocastanum l.;3;Aesculus_hippocastanum__AESCULUS_HIPPOCASTANUM_L.xlsx;VARIHERB;;;REGISTRADO;138100013;25351.001593/02-53;LABORATORIO QUIMICO FARMACEUTICO TIARAJU LTDA. - 94.022.654/0001-60;Inativo;03/2028;aesculus hippocastanum;incluido_alias_completo;Inativo;138100013;25351 001593 02 53;variherb;laboratorio quimico farmaceutico tiaraju ltda 94 022 654 0001 60;;;TRUE;1;Aesculus hippocastanum;aesculus hippocastanum l.
38;Castanha-da-índia;REG:138410043;Aesculus hippocastanum;aesculus hippocastanum l.;3;Aesculus_hippocastanum__AESCULUS_HIPPOCASTANUM_L.xlsx;VARIVAX;;AESCULUS HIPPOCASTANUM L.;REGISTRADO;138410043;25351.507647/2009-57;NATULAB LABORATORIO S.A - 02.456.955/0001-83;Ativo;05/2035;aesculus hippocastanum;incluido_alias_completo;Ativo;138410043;25351 507647 2009 57;varivax;natulab laboratorio s a 02 456 955 0001 83;aesculus hippocastanum l;2009;TRUE;1;Aesculus hippocastanum;aesculus hippocastanum l.
38;Castanha-da-índia;REG:139540001;Aesculus hippocastanum;aesculus hippocastanum l.;3;Aesculus_hippocastanum__AESCULUS_HIPPOCASTANUM_L.xlsx;CASTANWAY;;;REGISTRADO;139540001;25351.205483/2002-58;INDUSTRIA E COMERCIO DE PRODS. NATURAIS ODLA LTDA - 02.454.705/0001-04;Inativo;06/2008;aesculus hippocastanum;incluido_alias_completo;Inativo;139540001;25351 205483 2002 58;castanway;industria e comercio de prods naturais odla ltda 02 454 705 0001 04;;2002;TRUE;1;Aesculus hippocastanum;aesculus hippocastanum l.
38;Castanha-da-índia;REG:142570070;Aesculus hippocastanum;aesculus hippocastanum l.;3;Aesculus_hippocastanum__AESCULUS_HIPPOCASTANUM_L.xlsx;CASTANHEX;;;REGISTRADO;142570070;25351.206507/2002-96;LUCIOMED FARMACÊUTICA DO BRASIL LTDA - 01.845.448/0001-79;Inativo;02/2008;aesculus hippocastanum;incluido_alias_completo;Inativo;142570070;25351 206507 2002 96;castanhex;luciomed farmaceutica do brasil ltda 01 845 448 0001 79;;2002;TRUE;1;Aesculus hippocastanum;aesculus hippocastanum l.
38;Castanha-da-índia;REG:144930037;Aesculus hippocastanum;aesculus hippocastanum l.;3;Aesculus_hippocastanum__AESCULUS_HIPPOCASTANUM_L.xlsx;FLUXOLIV;;AESCULUS HIPPOCASTANUM L.;REGISTRADO;144930037;25351.025796/2003-13;AIRELA INDÚSTRIA FARMACÊUTICA LTDA. - 01.858.973/0001-29;Ativo;01/2029;aesculus hippocastanum;incluido_alias_completo;Ativo;144930037;25351 025796 2003 13;fluxoliv;airela industria farmaceutica ltda 01 858 973 0001 29;aesculus hippocastanum l;2003;TRUE;1;Aesculus hippocastanum;aesculus hippocastanum l.
38;Castanha-da-índia;REG:145010012;Aesculus hippocastanum;aesculus hippocastanum l.;3;Aesculus_hippocastanum__AESCULUS_HIPPOCASTANUM_L.xlsx;CASTANHA DA ÍNDIA BRASMED;CASTANHADAÍNDIA BRASMED;;REGISTRADO;145010012;25351.060870/2003-30;BRASMED BOTÂNICA E FARMACÊUTICA LTDA - 00.660.703/0001-46;Inativo;09/2009;aesculus hippocastanum;incluido_alias_completo;Inativo;145010012;25351 060870 2003 30;castanha da india brasmed;brasmed botanica e farmaceutica ltda 00 660 703 0001 46;;2003;TRUE;1;Aesculus hippocastanum;aesculus hippocastanum l.
38;Castanha-da-índia;REG:146820017;Aesculus hippocastanum;aesculus hippocastanum l.;3;Aesculus_hippocastanum__AESCULUS_HIPPOCASTANUM_L.xlsx;CASTANHA DA ÍNDIA TKS;;;REGISTRADO;146820017;25351.371259/2008-49;SUN FARMACÊUTICA DO BRASIL LTDA - 05.035.244/0001-23;Inativo;03/2014;aesculus hippocastanum;incluido_alias_completo;Inativo;146820017;25351 371259 2008 49;castanha da india tks;sun farmaceutica do brasil ltda 05 035 244 0001 23;;2008;TRUE;1;Aesculus hippocastanum;aesculus hippocastanum l.
38;Castanha-da-índia;REG:151840012;Aesculus hippocastanum;aesculus hippocastanum l.;3;Aesculus_hippocastanum__AESCULUS_HIPPOCASTANUM_L.xlsx;PLASMOVE;;;REGISTRADO;151840012;25351.609704/2020-45;PHYTOLAB INDUSTRIA FARMACEUTICA LTDA - EPP - 02.817.180/0001-24;Inativo;10/2031;aesculus hippocastanum;incluido_alias_completo;Inativo;151840012;25351 609704 2020 45;plasmove;phytolab industria farmaceutica ltda epp 02 817 180 0001 24;;2020;TRUE;1;Aesculus hippocastanum;aesculus hippocastanum l.
38;Castanha-da-índia;REG:154000005;Aesculus hippocastanum;aesculus hippocastanum l.;3;Aesculus_hippocastanum__AESCULUS_HIPPOCASTANUM_L.xlsx;VITATRAT;;AESCULUS HIPPOCASTANUM L.;REGISTRADO;154000005;25351.206849/2002-14;LABORATÓRIO VITALAB LTDA - 56.646.953/0001-86;Ativo;03/2028;aesculus hippocastanum;incluido_alias_completo;Ativo;154000005;25351 206849 2002 14;vitatrat;laboratorio vitalab ltda 56 646 953 0001 86;aesculus hippocastanum l;2002;TRUE;1;Aesculus hippocastanum;aesculus hippocastanum l.
38;Castanha-da-índia;REG:155590004;Aesculus hippocastanum;aesculus hippocastanum l.;3;Aesculus_hippocastanum__AESCULUS_HIPPOCASTANUM_L.xlsx;CASTANHA DA INDIA FLORA MEDICINAL;CASTANHA DA ÍNDIA FLORA MEDICINAL;;REGISTRADO;155590004;25351.008687/2004-12;INDUSTRIA E COMERCIO DE COSMETICOS NATURA LTDA - 00.190.373/0001-72;Inativo;04/2006;aesculus hippocastanum;incluido_alias_completo;Inativo;155590004;25351 008687 2004 12;castanha da india flora medicinal;industria e comercio de cosmeticos natura ltda 00 190 373 0001 72;;2004;TRUE;1;Aesculus hippocastanum;aesculus hippocastanum l.
38;Castanha-da-índia;REG:155840395;Aesculus hippocastanum;aesculus hippocastanum l.;3;Aesculus_hippocastanum__AESCULUS_HIPPOCASTANUM_L.xlsx;VENOCAPS;;;REGISTRADO;155840395;25351.535132/2012-36;BRAINFARMA INDÚSTRIA QUÍMICA E FARMACÊUTICA S.A - 05.161.069/0001-10;Inativo;05/2017;aesculus hippocastanum;incluido_alias_completo;Inativo;155840395;25351 535132 2012 36;venocaps;brainfarma industria quimica e farmaceutica s a 05 161 069 0001 10;;2012;TRUE;1;Aesculus hippocastanum;aesculus hippocastanum l.
38;Castanha-da-índia;REG:156200022;Aesculus hippocastanum;aesculus hippocastanum l.;3;Aesculus_hippocastanum__AESCULUS_HIPPOCASTANUM_L.xlsx;VARICELL PHYTO;;;REGISTRADO;156200022;25351.699537/2011-73;VIDFARMA INDÚSTRIA DE MEDICAMENTOS LTDA - 03.993.167/0001-99;Inativo;05/2029;aesculus hippocastanum;incluido_alias_completo;Inativo;156200022;25351 699537 2011 73;varicell phyto;vidfarma industria de medicamentos ltda 03 993 167 0001 99;;2011;TRUE;1;Aesculus hippocastanum;aesculus hippocastanum l.
38;Castanha-da-índia;REG:156200024;Aesculus hippocastanum;aesculus hippocastanum l.;3;Aesculus_hippocastanum__AESCULUS_HIPPOCASTANUM_L.xlsx;VARICELL;;;REGISTRADO;156200024;25351.723435/2019-95;VIDFARMA INDÚSTRIA DE MEDICAMENTOS LTDA - 03.993.167/0001-99;Inativo;10/2030;aesculus hippocastanum;incluido_alias_completo;Inativo;156200024;25351 723435 2019 95;varicell;vidfarma industria de medicamentos ltda 03 993 167 0001 99;;2019;TRUE;1;Aesculus hippocastanum;aesculus hippocastanum l.
38;Castanha-da-índia;REG:170420008;Aesculus hippocastanum;aesculus hippocastanum l.;3;Aesculus_hippocastanum__AESCULUS_HIPPOCASTANUM_L.xlsx;Castanha da Índia MCG;;AESCULUS HIPPOCASTANUM L.;REGISTRADO;170420008;25351.015926/2025-15;MCG INDUSTRIA FARMACEUTICA E IMPORTAÇAO LTDA - 18.755.529/0001-80;Ativo;06/2035;aesculus hippocastanum;incluido_alias_completo;Ativo;170420008;25351 015926 2025 15;castanha da india mcg;mcg industria farmaceutica e importacao ltda 18 755 529 0001 80;aesculus hippocastanum l;2025;TRUE;1;Aesculus hippocastanum;aesculus hippocastanum l.
38;Castanha-da-índia;REG:172870470;Aesculus hippocastanum;aesculus hippocastanum l.;3;Aesculus_hippocastanum__AESCULUS_HIPPOCASTANUM_L.xlsx;VENOCAPS;;;REGISTRADO;172870470;25351.515637/2011-76;Hypera S.A. - 02.932.074/0001-91;Inativo;05/2017;aesculus hippocastanum;incluido_alias_completo;Inativo;172870470;25351 515637 2011 76;venocaps;hypera s a 02 932 074 0001 91;;2011;TRUE;1;Aesculus hippocastanum;aesculus hippocastanum l.
39;Cavalinha;REG:100920058;equisetum arvense;equisetum arvense l.;271;equisetum_arvense__equisetum_arvense_l.xlsx;CHALAX;;;REGISTRADO;100920058;25992.003218/34;LABORATORIO INDUSTRIAL FARMACÊUTICO LIFAR LTDA - 92.928.951/0001-43;Inativo;10/2009;equisetum arvense;incluido_alias_completo;Inativo;100920058;25992 003218 34;chalax;laboratorio industrial farmaceutico lifar ltda 92 928 951 0001 43;;;TRUE;1;equisetum arvense;equisetum arvense l.
39;Cavalinha;REG:116780009;equisetum arvense;equisetum arvense l.;271;equisetum_arvense__equisetum_arvense_l.xlsx;CAVALINHA EC;;;REGISTRADO;116780009;25351.048614/2008-89;AS ERVAS CURAM INDUSTRIA FARMACEUTICA LTDA - 79.634.572/0001-82;Inativo;04/2013;equisetum arvense;incluido_alias_completo;Inativo;116780009;25351 048614 2008 89;cavalinha ec;as ervas curam industria farmaceutica ltda 79 634 572 0001 82;;2008;TRUE;1;equisetum arvense;equisetum arvense l.
39;Cavalinha;REG:118600037;equisetum arvense;equisetum arvense l.;271;equisetum_arvense__equisetum_arvense_l.xlsx;CAVALINHA  HERBARIUM;CAVALINHA HERBARIUM;;REGISTRADO;118600037;25351.204891/2002-92;HERBARIUM LABORATORIO BOTANICO LTDA - 78.950.011/0001-20;Inativo;02/2008;equisetum arvense;incluido_alias_completo;Inativo;118600037;25351 204891 2002 92;cavalinha herbarium;herbarium laboratorio botanico ltda 78 950 011 0001 20;;2002;TRUE;1;equisetum arvense;equisetum arvense l.
39;Cavalinha;REG:118600083;equisetum arvense;equisetum arvense l.;271;equisetum_arvense__equisetum_arvense_l.xlsx;CAVALINHA HERBARIUM;;;REGISTRADO;118600083;25351.633132/2007-48;HERBARIUM LABORATORIO BOTANICO LTDA - 78.950.011/0001-20;Inativo;04/2013;equisetum arvense;incluido_alias_completo;Inativo;118600083;25351 633132 2007 48;cavalinha herbarium;herbarium laboratorio botanico ltda 78 950 011 0001 20;;2007;TRUE;1;equisetum arvense;equisetum arvense l.
39;Cavalinha;REG:120090002;equisetum arvense;equisetum arvense l.;271;equisetum_arvense__equisetum_arvense_l.xlsx;DIUREMAX;;;REGISTRADO;120090002;25000.019965/94-51;BIONATUS LABORATÓRIO BOTÂNICO LTDA - 68.032.192/0001-51;Inativo;12/2010;equisetum arvense;incluido_alias_completo;Inativo;120090002;25000 019965 94 51;diuremax;bionatus laboratorio botanico ltda 68 032 192 0001 51;;;TRUE;1;equisetum arvense;equisetum arvense l.
39;Cavalinha;REG:123970032;equisetum arvense;equisetum arvense l.;271;equisetum_arvense__equisetum_arvense_l.xlsx;CAVALINHA ORIENT;;;REGISTRADO;123970032;25351.256328/2005-42;ORIENT MIX FITOTERÁPICOS DO BRASIL LTDA. - 73.657.876/0001-89;Inativo;09/2025;equisetum arvense;incluido_alias_completo;Inativo;123970032;25351 256328 2005 42;cavalinha orient;orient mix fitoterapicos do brasil ltda 73 657 876 0001 89;;2005;TRUE;1;equisetum arvense;equisetum arvense l.
39;Cavalinha;REG:128420010;Equisetum hyemale;equisetum hyemale;62;Equisetum_hyemale__EQUISETUM_HYEMALE.xlsx;LYMPHOMYOSOT;;;REGISTRADO;128420010;25000.009409/96-92;PROBIOS COMÉRCIO IMPORTAÇÃO E EXPORTAÇÃO LTDA - 74.455.197/0001-90;Inativo;12/2006;equisetum hyemale;incluido_alias_completo;Inativo;128420010;25000 009409 96 92;lymphomyosot;probios comercio importacao e exportacao ltda 74 455 197 0001 90;;;TRUE;1;Equisetum hyemale;equisetum hyemale
39;Cavalinha;REG:145010009;equisetum arvense;equisetum arvense l.;271;equisetum_arvense__equisetum_arvense_l.xlsx;CAVALINHA BRASMED;;;REGISTRADO;145010009;25351.060895/2003-33;BRASMED BOTÂNICA E FARMACÊUTICA LTDA - 00.660.703/0001-46;Inativo;09/2009;equisetum arvense;incluido_alias_completo;Inativo;145010009;25351 060895 2003 33;cavalinha brasmed;brasmed botanica e farmaceutica ltda 00 660 703 0001 46;;2003;TRUE;1;equisetum arvense;equisetum arvense l.
39;Cavalinha;REG:161980012;Equisetum hyemale;equisetum hyemale;62;Equisetum_hyemale__EQUISETUM_HYEMALE.xlsx;LYMPHOMYOSOT;;MYOSOTIS ARVENSIS, VERONICA OFFICINALIS, TEUCRIUM SCORODONIA, PINUS SYLVESTRIS, Gentiana lutea, EQUISETUM HYEMALE, SARSAPARILLA, Smilax officinalis, SCROPHULARIA NODOSA, CALCIUM PHOSPHORICUM, JUGLANS REGIA L., NATRUM SULFURICUM, Fumaria officinalis L., LEVOTHYROXINUM, ARANEUS DIADEMATUS, GERANIUM ROBERTIANUM, NASTURTIUM OFFICINALE R.BR., FERRUM IODATUM;REGISTRADO;161980012;25351.644201/2008-20;HEEL DO BRASIL BIOMÉDICA LTDA - 05.994.539/0001-27;Ativo;11/2029;equisetum hyemale;incluido_alias_completo;Ativo;161980012;25351 644201 2008 20;lymphomyosot;heel do brasil biomedica ltda 05 994 539 0001 27;myosotis arvensis veronica officinalis teucrium scorodonia pinus sylvestris gentiana lutea equisetum hyemale sarsaparilla smilax officinalis scrophularia nodosa calcium phosphoricum juglans regia l natrum sulfuricum fumaria officinalis l levothyroxinum araneus diadematus geranium robertianum nasturtium officinale r br ferrum iodatum;2008;TRUE;1;Equisetum hyemale;equisetum hyemale
41;Chapéu-de-couro/ aguapé / chá-de-campanha / chá-do-brejo / chá-de-pobre / chá-mineiro / congonha-do-brejo / erva-do-brejo / erva-do-pântano;REG:102470070;Echinodorus macrophyllus;echinodorus macrophyllus;61;Echinodorus_macrophyllus__ECHINODORUS_MACROPHYLLUS.xlsx;TARUBELIS;;;REGISTRADO;102470070;25992.020470/75;HOMEOPATIA WALDEMIRO PEREIRA LABORATORIO INDUSTRIAL FARMACEUTICO LTDA - 76.440.528/0001-43;Inativo;03/2001;echinodorus macrophyllus;incluido_alias_completo;Inativo;102470070;25992 020470 75;tarubelis;homeopatia waldemiro pereira laboratorio industrial farmaceutico ltda 76 440 528 0001 43;;;TRUE;1;Echinodorus macrophyllus;echinodorus macrophyllus
41;Chapéu-de-couro/ aguapé / chá-de-campanha / chá-do-brejo / chá-de-pobre / chá-mineiro / congonha-do-brejo / erva-do-brejo / erva-do-pântano;REG:104770019;Echinodorus macrophyllus;echinodorus macrophyllus;61;Echinodorus_macrophyllus__ECHINODORUS_MACROPHYLLUS.xlsx;ELIXIR DE CAJU E CHAPEU DE COURO;;;REGISTRADO;104770019;25001.018893/85;LAB REGIUS LTDA - 92.691.187/0001-35;Inativo;07/2004;echinodorus macrophyllus;incluido_alias_completo;Inativo;104770019;25001 018893 85;elixir de caju e chapeu de couro;lab regius ltda 92 691 187 0001 35;;;TRUE;1;Echinodorus macrophyllus;echinodorus macrophyllus
42;Cohosh-preto / Erva-de-são-cristóvão;REG:101550225;actaea racemosa;actaea racemosa l.;187;actaea_racemosa__ACTAEA_RACEMOSA_L.xlsx;APLAUSE;;ACTAEA RACEMOSA L.;REGISTRADO;101550225;25351.039870/01-83;MARJAN INDÚSTRIA E COMÉRCIO LTDA - 60.726.692/0001-81;Ativo;04/2027;actaea racemosa;incluido_alias_completo;Ativo;101550225;25351 039870 01 83;aplause;marjan industria e comercio ltda 60 726 692 0001 81;actaea racemosa l;;TRUE;1;actaea racemosa;actaea racemosa l.
42;Cohosh-preto / Erva-de-são-cristóvão;REG:102660005;actaea racemosa;actaea racemosa;188;actaea_racemosa__Actaea_racemosa.xlsx;COMPLEXO HOMEOPÁTICO ACTAEA ALMEIDA PRADO 27;;;REGISTRADO;102660005;25992.016576/67;FARMÁCIA E LABORATÓRIO HOMEOPÁTICO ALMEIDA PRADO LTDA - 60.862.208/0001-41;Inativo;08/2008;actaea racemosa;incluido_alias_completo;Inativo;102660005;25992 016576 67;complexo homeopatico actaea almeida prado 27;farmacia e laboratorio homeopatico almeida prado ltda 60 862 208 0001 41;;;TRUE;1;actaea racemosa;actaea racemosa
42;Cohosh-preto / Erva-de-são-cristóvão;REG:102660019;actaea racemosa;actaea racemosa;188;actaea_racemosa__Actaea_racemosa.xlsx;MENOMED;;;REGISTRADO;102660019;25992.018064/74;FARMÁCIA E LABORATÓRIO HOMEOPÁTICO ALMEIDA PRADO LTDA - 60.862.208/0001-41;Inativo;02/2015;actaea racemosa;incluido_alias_completo;Inativo;102660019;25992 018064 74;menomed;farmacia e laboratorio homeopatico almeida prado ltda 60 862 208 0001 41;;;TRUE;1;actaea racemosa;actaea racemosa
42;Cohosh-preto / Erva-de-são-cristóvão;REG:102660120;actaea racemosa;actaea racemosa;188;actaea_racemosa__Actaea_racemosa.xlsx;COMPLEXO HOMEOPÁTICO CAULOPHYLLUM ALMEIDA PRADO 26;;;REGISTRADO;102660120;25992.017387/70;FARMÁCIA E LABORATÓRIO HOMEOPÁTICO ALMEIDA PRADO LTDA - 60.862.208/0001-41;Inativo;02/2011;actaea racemosa;incluido_alias_completo;Inativo;102660120;25992 017387 70;complexo homeopatico caulophyllum almeida prado 26;farmacia e laboratorio homeopatico almeida prado ltda 60 862 208 0001 41;;;TRUE;1;actaea racemosa;actaea racemosa
42;Cohosh-preto / Erva-de-são-cristóvão;REG:102660153;actaea racemosa;actaea racemosa;188;actaea_racemosa__Actaea_racemosa.xlsx;COMPLEXO HOMEOPÁTICO LACHESIS ALMEIDA PRADO 28;;;REGISTRADO;102660153;25992.017388/70;FARMÁCIA E LABORATÓRIO HOMEOPÁTICO ALMEIDA PRADO LTDA - 60.862.208/0001-41;Inativo;02/2026;actaea racemosa;incluido_alias_completo;Inativo;102660153;25992 017388 70;complexo homeopatico lachesis almeida prado 28;farmacia e laboratorio homeopatico almeida prado ltda 60 862 208 0001 41;;;TRUE;1;actaea racemosa;actaea racemosa
42;Cohosh-preto / Erva-de-são-cristóvão;REG:102660162;actaea racemosa;actaea racemosa;188;actaea_racemosa__Actaea_racemosa.xlsx;TEPEEX;;;REGISTRADO;102660162;25351.525694/2008-08;FARMÁCIA E LABORATÓRIO HOMEOPÁTICO ALMEIDA PRADO LTDA - 60.862.208/0001-41;Inativo;09/2028;actaea racemosa;incluido_alias_completo;Inativo;102660162;25351 525694 2008 08;tepeex;farmacia e laboratorio homeopatico almeida prado ltda 60 862 208 0001 41;;2008;TRUE;1;actaea racemosa;actaea racemosa
42;Cohosh-preto / Erva-de-são-cristóvão;REG:102660163;actaea racemosa;actaea racemosa;188;actaea_racemosa__Actaea_racemosa.xlsx;MENOEX;;;REGISTRADO;102660163;25351.525204/2008-65;FARMÁCIA E LABORATÓRIO HOMEOPÁTICO ALMEIDA PRADO LTDA - 60.862.208/0001-41;Inativo;09/2028;actaea racemosa;incluido_alias_completo;Inativo;102660163;25351 525204 2008 65;menoex;farmacia e laboratorio homeopatico almeida prado ltda 60 862 208 0001 41;;2008;TRUE;1;actaea racemosa;actaea racemosa
42;Cohosh-preto / Erva-de-são-cristóvão;REG:103670131;actaea racemosa;actaea racemosa l.;187;actaea_racemosa__ACTAEA_RACEMOSA_L.xlsx;MENOFEM;;;REGISTRADO;103670131;25000.009424/98-48;BOEHRINGER INGELHEIM DO BRASIL QUÍMICA E FARMACÊUTICA LTDA. - 60.831.658/0001-77;Inativo;12/2005;actaea racemosa;incluido_alias_completo;Inativo;103670131;25000 009424 98 48;menofem;boehringer ingelheim do brasil quimica e farmaceutica ltda 60 831 658 0001 77;;;TRUE;1;actaea racemosa;actaea racemosa l.
42;Cohosh-preto / Erva-de-são-cristóvão;REG:104041995;actaea racemosa;actaea racemosa l.;187;actaea_racemosa__ACTAEA_RACEMOSA_L.xlsx;CIMICIFUGA LUPER;;;REGISTRADO;104041995;25351.337269/2005-11;LUPER INDÚSTRIA FARMACÊUTICA LTDA - 61.299.111/0001-35;Inativo;09/2012;actaea racemosa;incluido_alias_completo;Inativo;104041995;25351 337269 2005 11;cimicifuga luper;luper industria farmaceutica ltda 61 299 111 0001 35;;2005;TRUE;1;actaea racemosa;actaea racemosa l.
42;Cohosh-preto / Erva-de-são-cristóvão;REG:104400118;actaea racemosa;actaea racemosa l.;187;actaea_racemosa__ACTAEA_RACEMOSA_L.xlsx;EXTRATO SECO DE CIMICIFUGA RACHEMOS L. NUTT;;;REGISTRADO;104400118;25351.010947/01-24;CELLERA FARMACÊUTICA S.A. - 33.173.097/0002-74;Inativo;07/2006;actaea racemosa;incluido_alias_completo;Inativo;104400118;25351 010947 01 24;extrato seco de cimicifuga rachemos l nutt;cellera farmaceutica s a 33 173 097 0002 74;;;TRUE;1;actaea racemosa;actaea racemosa l.
42;Cohosh-preto / Erva-de-são-cristóvão;REG:105290005;actaea racemosa;actaea racemosa l.;187;actaea_racemosa__ACTAEA_RACEMOSA_L.xlsx;CLIMATERIUM;;;REGISTRADO;105290005;25351.010603/01-15;EASELABS LABORATORIO FARMACEUTICO LTDA. - 17.299.140/0001-05;Inativo;07/2007;actaea racemosa;incluido_alias_completo;Inativo;105290005;25351 010603 01 15;climaterium;easelabs laboratorio farmaceutico ltda 17 299 140 0001 05;;;TRUE;1;actaea racemosa;actaea racemosa l.
42;Cohosh-preto / Erva-de-são-cristóvão;REG:105710128;actaea racemosa;actaea racemosa l.;187;actaea_racemosa__ACTAEA_RACEMOSA_L.xlsx;ATEPEMES;;;REGISTRADO;105710128;25351.017595/01-47;BELFAR LTDA - 18.324.343/0001-77;Inativo;02/2007;actaea racemosa;incluido_alias_completo;Inativo;105710128;25351 017595 01 47;atepemes;belfar ltda 18 324 343 0001 77;;;TRUE;1;actaea racemosa;actaea racemosa l.
42;Cohosh-preto / Erva-de-são-cristóvão;REG:105770172;actaea racemosa;actaea racemosa l.;187;actaea_racemosa__ACTAEA_RACEMOSA_L.xlsx;MENOCALM;;;REGISTRADO;105770172;25351.010946/01-61;LABORATIL FARMACEUTICA LTDA - 47.100.862/0001-50;Inativo;08/2006;actaea racemosa;incluido_alias_completo;Inativo;105770172;25351 010946 01 61;menocalm;laboratil farmaceutica ltda 47 100 862 0001 50;;;TRUE;1;actaea racemosa;actaea racemosa l.
42;Cohosh-preto / Erva-de-são-cristóvão;REG:106240234;actaea racemosa;actaea racemosa l.;187;actaea_racemosa__ACTAEA_RACEMOSA_L.xlsx;HORFEMME;;;REGISTRADO;106240234;25351.051162/2003-16;INDÚSTRIA FARMACÊUTICA MILIAN LTDA - 29.333.218/0001-40;Inativo;03/2010;actaea racemosa;incluido_alias_completo;Inativo;106240234;25351 051162 2003 16;horfemme;industria farmaceutica milian ltda 29 333 218 0001 40;;2003;TRUE;1;actaea racemosa;actaea racemosa l.
42;Cohosh-preto / Erva-de-são-cristóvão;REG:110220003;actaea racemosa;actaea racemosa l.;187;actaea_racemosa__ACTAEA_RACEMOSA_L.xlsx;AMENOPAN 40 MG;;;REGISTRADO;110220003;25351.022553/01-46;HENSA-FARMA S.A - INDÚSTRIA QUÍMICA E FARMACÊUTICA - 06.270.144/0001-44;Inativo;03/2007;actaea racemosa;incluido_alias_completo;Inativo;110220003;25351 022553 01 46;amenopan 40 mg;hensa farma s a industria quimica e farmaceutica 06 270 144 0001 44;;;TRUE;1;actaea racemosa;actaea racemosa l.
42;Cohosh-preto / Erva-de-são-cristóvão;REG:118600007;actaea racemosa;actaea racemosa l.;187;actaea_racemosa__ACTAEA_RACEMOSA_L.xlsx;CLIFEMIN;;ACTAEA RACEMOSA L.;REGISTRADO;118600007;25023.021355/99;HERBARIUM LABORATORIO BOTANICO LTDA - 78.950.011/0001-20;Ativo;09/2026;actaea racemosa;incluido_alias_completo;Ativo;118600007;25023 021355 99;clifemin;herbarium laboratorio botanico ltda 78 950 011 0001 20;actaea racemosa l;;TRUE;1;actaea racemosa;actaea racemosa l.
42;Cohosh-preto / Erva-de-são-cristóvão;REG:118600018;actaea racemosa;actaea racemosa l.;187;actaea_racemosa__ACTAEA_RACEMOSA_L.xlsx;CIMICIFUGA HERBARIUM;;;REGISTRADO;118600018;25351.003546/02-44;HERBARIUM LABORATORIO BOTANICO LTDA - 78.950.011/0001-20;Inativo;08/2007;actaea racemosa;incluido_alias_completo;Inativo;118600018;25351 003546 02 44;cimicifuga herbarium;herbarium laboratorio botanico ltda 78 950 011 0001 20;;;TRUE;1;actaea racemosa;actaea racemosa l.
42;Cohosh-preto / Erva-de-são-cristóvão;REG:118600084;actaea racemosa;actaea racemosa l.;187;actaea_racemosa__ACTAEA_RACEMOSA_L.xlsx;CIMICIFUGA HERBARIUM;;;REGISTRADO;118600084;25351.633071/2007-19;HERBARIUM LABORATORIO BOTANICO LTDA - 78.950.011/0001-20;Inativo;04/2013;actaea racemosa;incluido_alias_completo;Inativo;118600084;25351 633071 2007 19;cimicifuga herbarium;herbarium laboratorio botanico ltda 78 950 011 0001 20;;2007;TRUE;1;actaea racemosa;actaea racemosa l.
42;Cohosh-preto / Erva-de-são-cristóvão;REG:118610099;actaea racemosa;actaea racemosa;188;actaea_racemosa__Actaea_racemosa.xlsx;MENCIRAX;;;REGISTRADO;118610099;25351.016323/01-10;ATIVUS FARMACÊUTICA LTDA - 64.088.172/0001-41;Inativo;11/2021;actaea racemosa;incluido_alias_completo;Inativo;118610099;25351 016323 01 10;mencirax;ativus farmaceutica ltda 64 088 172 0001 41;;;TRUE;1;actaea racemosa;actaea racemosa
42;Cohosh-preto / Erva-de-são-cristóvão;REG:118610249;actaea racemosa;actaea racemosa l.;187;actaea_racemosa__ACTAEA_RACEMOSA_L.xlsx;MENORALIS;;;REGISTRADO;118610249;25351.450139/2005-64;ATIVUS FARMACÊUTICA LTDA - 64.088.172/0001-41;Inativo;09/2006;actaea racemosa;incluido_alias_completo;Inativo;118610249;25351 450139 2005 64;menoralis;ativus farmaceutica ltda 64 088 172 0001 41;;2005;TRUE;1;actaea racemosa;actaea racemosa l.
42;Cohosh-preto / Erva-de-são-cristóvão;REG:120190132;actaea racemosa;actaea racemosa l.;187;actaea_racemosa__ACTAEA_RACEMOSA_L.xlsx;TENSIANE;;;REGISTRADO;120190132;25351.171255/2002-77;GREENPHARMA QUÍMICA E FARMACÊUTICA LTDA - 33.408.105/0001-33;Inativo;11/2007;actaea racemosa;incluido_alias_completo;Inativo;120190132;25351 171255 2002 77;tensiane;greenpharma quimica e farmaceutica ltda 33 408 105 0001 33;;2002;TRUE;1;actaea racemosa;actaea racemosa l.
42;Cohosh-preto / Erva-de-são-cristóvão;REG:123960002;actaea racemosa;actaea racemosa l.;187;actaea_racemosa__ACTAEA_RACEMOSA_L.xlsx;OVARELL;;;REGISTRADO;123960002;25351.004131/01-43;KUR HOTEL - CLÍNICA GRAMADO LTDA - 87.210.084/0001-76;Inativo;04/2007;actaea racemosa;incluido_alias_completo;Inativo;123960002;25351 004131 01 43;ovarell;kur hotel clinica gramado ltda 87 210 084 0001 76;;;TRUE;1;actaea racemosa;actaea racemosa l.
42;Cohosh-preto / Erva-de-são-cristóvão;REG:123970028;actaea racemosa;actaea racemosa l.;187;actaea_racemosa__ACTAEA_RACEMOSA_L.xlsx;CIMICIFUGA ORIENT;CIMICIFGA ORIENT;;REGISTRADO;123970028;25351.135112/2005-44;ORIENT MIX FITOTERÁPICOS DO BRASIL LTDA. - 73.657.876/0001-89;Inativo;06/2010;actaea racemosa;incluido_alias_completo;Inativo;123970028;25351 135112 2005 44;cimicifuga orient;orient mix fitoterapicos do brasil ltda 73 657 876 0001 89;;2005;TRUE;1;actaea racemosa;actaea racemosa l.
42;Cohosh-preto / Erva-de-são-cristóvão;REG:128420030;actaea racemosa;actaea racemosa l.;187;actaea_racemosa__ACTAEA_RACEMOSA_L.xlsx;BHI PMS MULIMEN;;;REGISTRADO;128420030;25000.005828/98-35;PROBIOS COMÉRCIO IMPORTAÇÃO E EXPORTAÇÃO LTDA - 74.455.197/0001-90;Inativo;09/2007;actaea racemosa;incluido_alias_completo;Inativo;128420030;25000 005828 98 35;bhi pms mulimen;probios comercio importacao e exportacao ltda 74 455 197 0001 90;;;TRUE;1;actaea racemosa;actaea racemosa l.
42;Cohosh-preto / Erva-de-são-cristóvão;REG:132650013;actaea racemosa;actaea racemosa l.;187;actaea_racemosa__ACTAEA_RACEMOSA_L.xlsx;BK;;;REGISTRADO;132650013;25351.033152/2003-91;COLBRÁS INDÚSTRIA E COMÉRCIO LTDA - 00.413.925/0001-64;Inativo;11/2008;actaea racemosa;incluido_alias_completo;Inativo;132650013;25351 033152 2003 91;bk;colbras industria e comercio ltda 00 413 925 0001 64;;2003;TRUE;1;actaea racemosa;actaea racemosa l.
42;Cohosh-preto / Erva-de-são-cristóvão;REG:137570016;actaea racemosa;actaea racemosa l.;187;actaea_racemosa__ACTAEA_RACEMOSA_L.xlsx;CLIMIVAN;;;REGISTRADO;137570016;25351.006819/2004-63;MOSTEIRO DEVAKAN PRODUTOS NATURAIS E ALIMENTICIOS LTDA - 51.487.148/0001-33;Inativo;;actaea racemosa;incluido_alias_completo;Inativo;137570016;25351 006819 2004 63;climivan;mosteiro devakan produtos naturais e alimenticios ltda 51 487 148 0001 33;;2004;TRUE;1;actaea racemosa;actaea racemosa l.
42;Cohosh-preto / Erva-de-são-cristóvão;REG:138100035;actaea racemosa;actaea racemosa l.;187;actaea_racemosa__ACTAEA_RACEMOSA_L.xlsx;CIMICIFUGA TIARAJU;;;REGISTRADO;138100035;25351.392033/2005-39;LABORATORIO QUIMICO FARMACEUTICO TIARAJU LTDA. - 94.022.654/0001-60;Inativo;10/2016;actaea racemosa;incluido_alias_completo;Inativo;138100035;25351 392033 2005 39;cimicifuga tiaraju;laboratorio quimico farmaceutico tiaraju ltda 94 022 654 0001 60;;2005;TRUE;1;actaea racemosa;actaea racemosa l.
42;Cohosh-preto / Erva-de-são-cristóvão;REG:143810081;actaea racemosa;actaea racemosa l.;187;actaea_racemosa__ACTAEA_RACEMOSA_L.xlsx;MENOCIMED;;;REGISTRADO;143810081;25351.171797/2002-40;CIMED INDUSTRIA S.A - 02.814.497/0001-07;Inativo;10/2007;actaea racemosa;incluido_alias_completo;Inativo;143810081;25351 171797 2002 40;menocimed;cimed industria s a 02 814 497 0001 07;;2002;TRUE;1;actaea racemosa;actaea racemosa l.
42;Cohosh-preto / Erva-de-são-cristóvão;REG:144930040;actaea racemosa;actaea racemosa l.;187;actaea_racemosa__ACTAEA_RACEMOSA_L.xlsx;TEPEMEN;;ACTAEA RACEMOSA L.;REGISTRADO;144930040;25351.049181/2003-74;AIRELA INDÚSTRIA FARMACÊUTICA LTDA. - 01.858.973/0001-29;Ativo;01/2029;actaea racemosa;incluido_alias_completo;Ativo;144930040;25351 049181 2003 74;tepemen;airela industria farmaceutica ltda 01 858 973 0001 29;actaea racemosa l;2003;TRUE;1;actaea racemosa;actaea racemosa l.
42;Cohosh-preto / Erva-de-são-cristóvão;REG:145010002;actaea racemosa;actaea racemosa l.;187;actaea_racemosa__ACTAEA_RACEMOSA_L.xlsx;CIMICIFUGA BRASMED;;;REGISTRADO;145010002;25351.060915/2003-76;BRASMED BOTÂNICA E FARMACÊUTICA LTDA - 00.660.703/0001-46;Inativo;09/2009;actaea racemosa;incluido_alias_completo;Inativo;145010002;25351 060915 2003 76;cimicifuga brasmed;brasmed botanica e farmaceutica ltda 00 660 703 0001 46;;2003;TRUE;1;actaea racemosa;actaea racemosa l.
42;Cohosh-preto / Erva-de-são-cristóvão;REG:154000042;actaea racemosa;actaea racemosa l.;187;actaea_racemosa__ACTAEA_RACEMOSA_L.xlsx;MENOVITA;;;REGISTRADO;154000042;25351.000538/2003-16;LABORATÓRIO VITALAB LTDA - 56.646.953/0001-86;Inativo;09/2029;actaea racemosa;incluido_alias_completo;Inativo;154000042;25351 000538 2003 16;menovita;laboratorio vitalab ltda 56 646 953 0001 86;;2003;TRUE;1;actaea racemosa;actaea racemosa l.
42;Cohosh-preto / Erva-de-são-cristóvão;REG:158190013;actaea racemosa;actaea racemosa;188;actaea_racemosa__Actaea_racemosa.xlsx;MENCIRAX;;;REGISTRADO;158190013;25351.123103/2017-09;ARESE PHARMA LTDA. - 07.670.111/0001-54;Inativo;11/2021;actaea racemosa;incluido_alias_completo;Inativo;158190013;25351 123103 2017 09;mencirax;arese pharma ltda 07 670 111 0001 54;;2017;TRUE;1;actaea racemosa;actaea racemosa
42;Cohosh-preto / Erva-de-são-cristóvão;REG:172870473;actaea racemosa;actaea racemosa l.;187;actaea_racemosa__ACTAEA_RACEMOSA_L.xlsx;CIMICIFUGA LUPER;;;REGISTRADO;172870473;25351.515556/2011-76;Hypera S.A. - 02.932.074/0001-91;Inativo;09/2012;actaea racemosa;incluido_alias_completo;Inativo;172870473;25351 515556 2011 76;cimicifuga luper;hypera s a 02 932 074 0001 91;;2011;TRUE;1;actaea racemosa;actaea racemosa l.
43;Colônia;REG:115570069;Alpinia zerumbet;alpinia zerumbet (pers.) b.l. burtt & r.m. sm.;12;Alpinia_zerumbet__alpinia_zerumbet_pers._b.l._burtt_r.m._sm.xlsx;ZICLAGUE;;alpinia zerumbet (pers.) b.l. burtt & r.m. sm.;REGISTRADO;115570069;25351.207153/2012-85;INFAN INDUSTRIA QUIMICA FARMACEUTICA NACIONAL S/A - 08.939.548/0001-03;Ativo;05/2029;alpinia zerumbet;incluido_alias_completo;Ativo;115570069;25351 207153 2012 85;ziclague;infan industria quimica farmaceutica nacional s a 08 939 548 0001 03;alpinia zerumbet pers b l burtt r m sm;2012;TRUE;1;Alpinia zerumbet;alpinia zerumbet (pers.) b.l. burtt & r.m. sm.
44;Confrei;REG:100890358;Symphytum officinale;extrato de symphytum officinale;161;Symphytum_officinale__EXTRATO_DE_SYMPHYTUM_OFFICINALE.xlsx;FLEXIVE CDM;;;REGISTRADO;100890358;25351.050078/2009-20;MERCK S/A - 33.069.212/0001-84;Inativo;02/2025;symphytum officinale;incluido_alias_completo;Inativo;100890358;25351 050078 2009 20;flexive cdm;merck s a 33 069 212 0001 84;;2009;TRUE;1;Symphytum officinale;extrato de symphytum officinale
44;Confrei;REG:102660167;Symphytum officinale;symphytum officinale;162;Symphytum_officinale__SYMPHYTUM_OFFICINALE.xlsx;HOMEOFLAN;;;REGISTRADO;102660167;25351.540873/2008-67;FARMÁCIA E LABORATÓRIO HOMEOPÁTICO ALMEIDA PRADO LTDA - 60.862.208/0001-41;Inativo;12/2028;symphytum officinale;incluido_alias_completo;Inativo;102660167;25351 540873 2008 67;homeoflan;farmacia e laboratorio homeopatico almeida prado ltda 60 862 208 0001 41;;2008;TRUE;1;Symphytum officinale;symphytum officinale
44;Confrei;REG:103900191;Symphytum officinale;symphytum officinale;162;Symphytum_officinale__SYMPHYTUM_OFFICINALE.xlsx;MOTIX;;;REGISTRADO;103900191;25351.422047/2015-66;FARMOQUÍMICA S/A - 33.349.473/0001-58;Inativo;12/2026;symphytum officinale;incluido_alias_completo;Inativo;103900191;25351 422047 2015 66;motix;farmoquimica s a 33 349 473 0001 58;;2015;TRUE;1;Symphytum officinale;symphytum officinale
44;Confrei;REG:103900228;Symphytum officinale;symphytum officinale;162;Symphytum_officinale__SYMPHYTUM_OFFICINALE.xlsx;MOTIX;;ARNICA MONTANA L., arnica montana, CALENDULA OFFICINALIS L., HAMAMELIS VIRGINIANA L., ECHINACEA ANGUSTIFOLIA, ECHINACEA ANGUSTIFOLIA DC., ECHINACEA PURPUREA (L.) MOENCH, MATRICARIA CHAMOMILLA , MATRICARIA CHAMOMILLA L., BELLIS PERENNIS, SYMPHYTUM OFFICINALE, HYPERICUM PERFORATUM, ACHILLEA MILLEFOLIUM L., ACONITUM NAPELLUS, ATROPA BELLADONNA, Mercurius solubilis, HEPAR SULPHUR, hepar sulfuris;REGISTRADO;103900228;25351.203839/2024-24;FARMOQUÍMICA S/A - 33.349.473/0001-58;Ativo;06/2034;symphytum officinale;incluido_alias_completo;Ativo;103900228;25351 203839 2024 24;motix;farmoquimica s a 33 349 473 0001 58;arnica montana l arnica montana calendula officinalis l hamamelis virginiana l echinacea angustifolia echinacea angustifolia dc echinacea purpurea l moench matricaria chamomilla matricaria chamomilla l bellis perennis symphytum officinale hypericum perforatum achillea millefolium l aconitum napellus atropa belladonna mercurius solubilis hepar sulphur hepar sulfuris;2024;TRUE;1;Symphytum officinale;symphytum officinale
44;Confrei;REG:121420665;Symphytum officinale;symphytum officinale;162;Symphytum_officinale__SYMPHYTUM_OFFICINALE.xlsx;FLEXIVE CDM;;SYMPHYTUM OFFICINALE;REGISTRADO;121420665;25351.490400/2019-64;PROCTER & GAMBLE DO BRASIL LTDA. - 59.476.770/0001-58;Ativo;02/2030;symphytum officinale;incluido_alias_completo;Ativo;121420665;25351 490400 2019 64;flexive cdm;procter gamble do brasil ltda 59 476 770 0001 58;symphytum officinale;2019;TRUE;1;Symphytum officinale;symphytum officinale
44;Confrei;REG:128420008;Symphytum officinale;symphytum officinale;162;Symphytum_officinale__SYMPHYTUM_OFFICINALE.xlsx;TRAUMEEL S;;;REGISTRADO;128420008;25000.007786/96-04;PROBIOS COMÉRCIO IMPORTAÇÃO E EXPORTAÇÃO LTDA - 74.455.197/0001-90;Inativo;12/2006;symphytum officinale;incluido_alias_completo;Inativo;128420008;25000 007786 96 04;traumeel s;probios comercio importacao e exportacao ltda 74 455 197 0001 90;;;TRUE;1;Symphytum officinale;symphytum officinale
44;Confrei;REG:133450003;Symphytum officinale;symphytum officinale;162;Symphytum_officinale__SYMPHYTUM_OFFICINALE.xlsx;UEPEG- CONFREI;;;REGISTRADO;133450003;25351.197818/2002-57;UNIVERSIDADE ESTADUAL DE PONTA GROSSA - 80.257.355/0001-08;Inativo;10/2007;symphytum officinale;incluido_alias_completo;Inativo;133450003;25351 197818 2002 57;uepeg confrei;universidade estadual de ponta grossa 80 257 355 0001 08;;2002;TRUE;1;Symphytum officinale;symphytum officinale
44;Confrei;REG:161980007;Symphytum officinale;symphytum officinale;162;Symphytum_officinale__SYMPHYTUM_OFFICINALE.xlsx;TRAUMEEL S;;ARNICA MONTANA L., arnica montana, CALENDULA OFFICINALIS L., HAMAMELIS VIRGINIANA L., ECHINACEA ANGUSTIFOLIA DC., ECHINACEA PURPUREA, ECHINACEA PURPUREA (L.) MOENCH, MATRICARIA CHAMOMILLA , MATRICARIA CHAMOMILLA L., BELLIS PERENNIS, SYMPHYTUM OFFICINALE, HYPERICUM PERFORATUM, ACHILLEA MILLEFOLIUM L., ACONITUM NAPELLUS, ATROPA BELLADONNA, Mercurius solubilis, HEPAR SULPHUR, hepar sulfuris;REGISTRADO;161980007;25351.280113/2005-42;HEEL DO BRASIL BIOMÉDICA LTDA - 05.994.539/0001-27;Ativo;09/2028;symphytum officinale;incluido_alias_completo;Ativo;161980007;25351 280113 2005 42;traumeel s;heel do brasil biomedica ltda 05 994 539 0001 27;arnica montana l arnica montana calendula officinalis l hamamelis virginiana l echinacea angustifolia dc echinacea purpurea echinacea purpurea l moench matricaria chamomilla matricaria chamomilla l bellis perennis symphytum officinale hypericum perforatum achillea millefolium l aconitum napellus atropa belladonna mercurius solubilis hepar sulphur hepar sulfuris;2005;TRUE;1;Symphytum officinale;symphytum officinale
44;Confrei;REG:161980017;Symphytum officinale;symphytum officinale;162;Symphytum_officinale__SYMPHYTUM_OFFICINALE.xlsx;ZEEL-ARTRO;;CARTILAGO SUIS, FUNICULUS UMBILICALIS SUIS, EMBRYO SUIS , PLACENTA SUIS, DULCAMARA, SYMPHYTUM OFFICINALE, NADIDUM, COENZYME A, SANGUINARIA CANADENSIS, DIETILOXALACETATO DE SÓDIO, ACIDUM ALPHA-LIPOICUM, RHUS TOXICODENDRON, arnica montana, SULPHUR;REGISTRADO;161980017;25351.463735/2021-24;HEEL DO BRASIL BIOMÉDICA LTDA - 05.994.539/0001-27;Ativo;12/2032;symphytum officinale;incluido_alias_completo;Ativo;161980017;25351 463735 2021 24;zeel artro;heel do brasil biomedica ltda 05 994 539 0001 27;cartilago suis funiculus umbilicalis suis embryo suis placenta suis dulcamara symphytum officinale nadidum coenzyme a sanguinaria canadensis dietiloxalacetato de sodio acidum alpha lipoicum rhus toxicodendron arnica montana sulphur;2021;TRUE;1;Symphytum officinale;symphytum officinale
45;Copaíba;REG:116950004;copaiba;oleo de copaiba;254;copaiba__OLEO_DE_COPAIBA.xlsx;OLEO DE COPAIBA;VITAMED;;REGISTRADO;116950004;25001.009634/82;LABORATÓRIO FARMACÊUTICO VITAMED LTDA - 29.346.301/0001-53;Inativo;06/1998;copaiba;incluido_alias_completo;Inativo;116950004;25001 009634 82;oleo de copaiba;laboratorio farmaceutico vitamed ltda 29 346 301 0001 53;;;TRUE;1;copaiba;oleo de copaiba
47;Cranberry;REG:101470107;vaccinium macrocarpon aiton;vaccinium macrocarpon aiton;430;vaccinium_macrocarpon_aiton__VACCINIUM_MACROCARPON_AITON.xlsx;RETINOL + TOCOFEROL +ASSOC;ANTOMIOPIC;;REGISTRADO;101470107;25992.004957/71;ALLERGAN PRODUTOS FARMACÊUTICOS LTDA - 43.426.626/0001-77;Inativo;09/2000;vaccinium macrocarpon aiton;incluido_alias_completo;Inativo;101470107;25992 004957 71;retinol tocoferol assoc;allergan produtos farmaceuticos ltda 43 426 626 0001 77;;;TRUE;1;vaccinium macrocarpon aiton;vaccinium macrocarpon aiton
47;Cranberry;REG:109740295;vaccinium macrocarpon aiton;vaccinium macrocarpon aiton;430;vaccinium_macrocarpon_aiton__VACCINIUM_MACROCARPON_AITON.xlsx;ELLURA;;VACCINIUM MACROCARPON AITON;REGISTRADO;109740295;25351.150500/2020-94;BIOLAB SANUS FARMACÊUTICA LTDA - 49.475.833/0001-06;Ativo;04/2027;vaccinium macrocarpon aiton;incluido_alias_completo;Ativo;109740295;25351 150500 2020 94;ellura;biolab sanus farmaceutica ltda 49 475 833 0001 06;vaccinium macrocarpon aiton;2020;TRUE;1;vaccinium macrocarpon aiton;vaccinium macrocarpon aiton
47;Cranberry;REG:118600105;vaccinium macrocarpon aiton;vaccinium macrocarpon aiton;430;vaccinium_macrocarpon_aiton__VACCINIUM_MACROCARPON_AITON.xlsx;PHYTOCRAN;;VACCINIUM MACROCARPON AITON;REGISTRADO;118600105;25351.373459/2021-11;HERBARIUM LABORATORIO BOTANICO LTDA - 78.950.011/0001-20;Ativo;07/2033;vaccinium macrocarpon aiton;incluido_alias_completo;Ativo;118600105;25351 373459 2021 11;phytocran;herbarium laboratorio botanico ltda 78 950 011 0001 20;vaccinium macrocarpon aiton;2021;TRUE;1;vaccinium macrocarpon aiton;vaccinium macrocarpon aiton
49;Cáscara-sagrada;REG:100663381;rhamnus purshiana;rhamnus purshiana dc.;391;rhamnus_purshiana__rhamnus_purshiana_dc.xlsx;LAXSOTRIN;;;REGISTRADO;100663381;25351.169151/2002-01;LABORATORIO CATARINENSE LTDA - 84.684.620/0001-87;Inativo;08/2012;rhamnus purshiana;incluido_alias_completo;Inativo;100663381;25351 169151 2002 01;laxsotrin;laboratorio catarinense ltda 84 684 620 0001 87;;2002;TRUE;1;rhamnus purshiana;rhamnus purshiana dc.
49;Cáscara-sagrada;REG:102330003;rhamnus purshiana;rhamnus purshiana dc.;391;rhamnus_purshiana__rhamnus_purshiana_dc.xlsx;COLOMETIN;;;REGISTRADO;102330003;25991.010545/80;LABORATÓRIO SANIFER SA - 92.691.179/0001-99;Inativo;03/2007;rhamnus purshiana;incluido_alias_completo;Inativo;102330003;25991 010545 80;colometin;laboratorio sanifer sa 92 691 179 0001 99;;;TRUE;1;rhamnus purshiana;rhamnus purshiana dc.
49;Cáscara-sagrada;REG:10277002;rhamnus purshiana;rhamnus purshiana dc.;391;rhamnus_purshiana__rhamnus_purshiana_dc.xlsx;BILAGOGO;;;REGISTRADO;10277002;25991.014035/78;DAREL INDÚSTRIAS QUIMICO FARMACÊUTICO LTDA-ME - 92.691.195/0001-81;Inativo;01/2005;rhamnus purshiana;incluido_alias_completo;Inativo;10277002;25991 014035 78;bilagogo;darel industrias quimico farmaceutico ltda me 92 691 195 0001 81;;;TRUE;1;rhamnus purshiana;rhamnus purshiana dc.
49;Cáscara-sagrada;REG:103900145;rhamnus purshiana;rhamnus purshiana, de candolle (casca/pó);392;rhamnus_purshiana__rhamnus_purshiana_de_candolle_casca_pó.xlsx;ROTER;;;REGISTRADO;103900145;25351.058882/2003-02;FARMOQUÍMICA S/A - 33.349.473/0001-58;Inativo;04/2005;rhamnus purshiana;incluido_alias_completo;Inativo;103900145;25351 058882 2003 02;roter;farmoquimica s a 33 349 473 0001 58;;2003;TRUE;1;rhamnus purshiana;rhamnus purshiana, de candolle (casca/pó)
49;Cáscara-sagrada;REG:103940475;rhamnus purshiana;rhamnus purshiana dc.;391;rhamnus_purshiana__rhamnus_purshiana_dc.xlsx;SOLVOBIL;;;REGISTRADO;103940475;25991.001135/79;LABORATÓRIO AMERICANO DE FARMACOTERAPIA S/A - 61.150.819/0001-20;Inativo;10/2004;rhamnus purshiana;incluido_alias_completo;Inativo;103940475;25991 001135 79;solvobil;laboratorio americano de farmacoterapia s a 61 150 819 0001 20;;;TRUE;1;rhamnus purshiana;rhamnus purshiana dc.
49;Cáscara-sagrada;REG:104670274;rhamnus purshiana;rhamnus purshiana dc.;391;rhamnus_purshiana__rhamnus_purshiana_dc.xlsx;JURUBEBA COMPOSTO;;;REGISTRADO;104670274;25001.003628/71;LABORATORIO FARMAERVAS LTDA - 60.565.520/0001-73;Inativo;05/2007;rhamnus purshiana;incluido_alias_completo;Inativo;104670274;25001 003628 71;jurubeba composto;laboratorio farmaervas ltda 60 565 520 0001 73;;;TRUE;1;rhamnus purshiana;rhamnus purshiana dc.
49;Cáscara-sagrada;REG:104670278;rhamnus purshiana;rhamnus purshiana dc.;391;rhamnus_purshiana__rhamnus_purshiana_dc.xlsx;CHÁ DE ESPECIES LAXATIVAS FARMAERVAS;;;REGISTRADO;104670278;25001.015872/72;LABORATORIO FARMAERVAS LTDA - 60.565.520/0001-73;Inativo;05/2003;rhamnus purshiana;incluido_alias_completo;Inativo;104670278;25001 015872 72;cha de especies laxativas farmaervas;laboratorio farmaervas ltda 60 565 520 0001 73;;;TRUE;1;rhamnus purshiana;rhamnus purshiana dc.
49;Cáscara-sagrada;REG:105070020;rhamnus purshiana;rhamnus purshiana dc.;391;rhamnus_purshiana__rhamnus_purshiana_dc.xlsx;URGAMOL;;;REGISTRADO;105070020;25992.001132/38;LABORATORIO KRAEMER LTDA - 92.695.816/0001-03;Inativo;10/2009;rhamnus purshiana;incluido_alias_completo;Inativo;105070020;25992 001132 38;urgamol;laboratorio kraemer ltda 92 695 816 0001 03;;;TRUE;1;rhamnus purshiana;rhamnus purshiana dc.
49;Cáscara-sagrada;REG:105730746;rhamnus purshiana;rhamnus purshiana dc.;391;rhamnus_purshiana__rhamnus_purshiana_dc.xlsx;LAXOHERB;;;REGISTRADO;105730746;25351.107607/2020-12;ACHÉ LABORATÓRIOS FARMACÊUTICOS S.A - 60.659.463/0029-92;Inativo;09/2027;rhamnus purshiana;incluido_alias_completo;Inativo;105730746;25351 107607 2020 12;laxoherb;ache laboratorios farmaceuticos s a 60 659 463 0029 92;;2020;TRUE;1;rhamnus purshiana;rhamnus purshiana dc.
49;Cáscara-sagrada;REG:105760110;rhamnus purshiana;rhamnus purshiana dc.;391;rhamnus_purshiana__rhamnus_purshiana_dc.xlsx;PRISOVENTRIL;;;REGISTRADO;105760110;25991.011308/78;LABORATORIO SIMOES LTDA. - 33.379.884/0001-96;Inativo;05/2003;rhamnus purshiana;incluido_alias_completo;Inativo;105760110;25991 011308 78;prisoventril;laboratorio simoes ltda 33 379 884 0001 96;;;TRUE;1;rhamnus purshiana;rhamnus purshiana dc.
49;Cáscara-sagrada;REG:106390030;frangula purshiana;frangula purshiana (dc.) a. gray;277;frangula_purshiana__frangula_purshiana_dc._a._gray.xlsx;EPAREMA;;;REGISTRADO;106390030;25992.004943/34;TAKEDA PHARMA LTDA. - 60.397.775/0001-74;Inativo;10/2029;frangula purshiana;incluido_alias_completo;Inativo;106390030;25992 004943 34;eparema;takeda pharma ltda 60 397 775 0001 74;;;TRUE;2;frangula purshiana | rhamnus purshiana;frangula purshiana (dc.) a. gray | peumus boldus + rhamnus purshiana + rheum palmatum
49;Cáscara-sagrada;REG:107740004;rhamnus purshiana;rhamnus purshiana dc.;391;rhamnus_purshiana__rhamnus_purshiana_dc.xlsx;HAMAMELIS COMPOSTA;;;REGISTRADO;107740004;25025.039228/97-70;LABORATÓRIO CANGERI LTDA - 92.751.965/0001-34;Inativo;02/2008;rhamnus purshiana;incluido_alias_completo;Inativo;107740004;25025 039228 97 70;hamamelis composta;laboratorio cangeri ltda 92 751 965 0001 34;;;TRUE;1;rhamnus purshiana;rhamnus purshiana dc.
49;Cáscara-sagrada;REG:107740480;rhamnus purshiana;rhamnus purshiana dc.;391;rhamnus_purshiana__rhamnus_purshiana_dc.xlsx;LIPOTRON;;;REGISTRADO;107740480;25991.005379/80;LABORATÓRIO CANGERI LTDA - 92.751.965/0001-34;Inativo;09/2005;rhamnus purshiana;incluido_alias_completo;Inativo;107740480;25991 005379 80;lipotron;laboratorio cangeri ltda 92 751 965 0001 34;;;TRUE;1;rhamnus purshiana;rhamnus purshiana dc.
49;Cáscara-sagrada;REG:109400006;rhamnus purshiana;rhamnus purshiana dc.;391;rhamnus_purshiana__rhamnus_purshiana_dc.xlsx;BILEXYL;;;REGISTRADO;109400006;25001.013837/83;LABORATÓRIOS SINTOMED LTDA - 49.923.964/0001-09;Inativo;06/2009;rhamnus purshiana;incluido_alias_completo;Inativo;109400006;25001 013837 83;bilexyl;laboratorios sintomed ltda 49 923 964 0001 09;;;TRUE;1;rhamnus purshiana;rhamnus purshiana dc.
49;Cáscara-sagrada;REG:112700028;rhamnus purshiana;rhamnus purshiana dc.;391;rhamnus_purshiana__rhamnus_purshiana_dc.xlsx;CÁSCARA;;;REGISTRADO;112700028;25000.014234/91-85;FONTOVIT LABORATORIOS SA - 53.249.736/0001-64;Inativo;07/2006;rhamnus purshiana;incluido_alias_completo;Inativo;112700028;25000 014234 91 85;cascara;fontovit laboratorios sa 53 249 736 0001 64;;;TRUE;1;rhamnus purshiana;rhamnus purshiana dc.
49;Cáscara-sagrada;REG:115570068;rhamnus purshiana;rhamnus purshiana dc.;391;rhamnus_purshiana__rhamnus_purshiana_dc.xlsx;HEBLAX;;rhamnus purshiana dc.;REGISTRADO;115570068;25351.465417/2011-91;INFAN INDUSTRIA QUIMICA FARMACEUTICA NACIONAL S/A - 08.939.548/0001-03;Ativo;12/2027;rhamnus purshiana;incluido_alias_completo;Ativo;115570068;25351 465417 2011 91;heblax;infan industria quimica farmaceutica nacional s a 08 939 548 0001 03;rhamnus purshiana dc;2011;TRUE;1;rhamnus purshiana;rhamnus purshiana dc.
49;Cáscara-sagrada;REG:116780007;rhamnus purshiana;rhamnus purshiana dc.;391;rhamnus_purshiana__rhamnus_purshiana_dc.xlsx;CÁSCARA SAGRADA EC;;;REGISTRADO;116780007;25351.215381/2007-55;AS ERVAS CURAM INDUSTRIA FARMACEUTICA LTDA - 79.634.572/0001-82;Inativo;02/2013;rhamnus purshiana;incluido_alias_completo;Inativo;116780007;25351 215381 2007 55;cascara sagrada ec;as ervas curam industria farmaceutica ltda 79 634 572 0001 82;;2007;TRUE;1;rhamnus purshiana;rhamnus purshiana dc.
49;Cáscara-sagrada;REG:117170044;rhamnus purshiana;rhamnus purshiana dc.;391;rhamnus_purshiana__rhamnus_purshiana_dc.xlsx;BIOHEPATON;;;REGISTRADO;117170044;25351.004078/01-62;PHARMASCIENCE INDUSTRIA FARMACEUTICA S.A - 25.773.037/0001-83;Inativo;08/2006;rhamnus purshiana;incluido_alias_completo;Inativo;117170044;25351 004078 01 62;biohepaton;pharmascience industria farmaceutica s a 25 773 037 0001 83;;;TRUE;1;rhamnus purshiana;rhamnus purshiana dc.
49;Cáscara-sagrada;REG:118600009;rhamnus purshiana;rhamnus purshiana dc.;391;rhamnus_purshiana__rhamnus_purshiana_dc.xlsx;CASCARA SAGRADA HERBARIUM;;;REGISTRADO;118600009;25023.133168/91;HERBARIUM LABORATORIO BOTANICO LTDA - 78.950.011/0001-20;Inativo;10/2006;rhamnus purshiana;incluido_alias_completo;Inativo;118600009;25023 133168 91;cascara sagrada herbarium;herbarium laboratorio botanico ltda 78 950 011 0001 20;;;TRUE;1;rhamnus purshiana;rhamnus purshiana dc.
49;Cáscara-sagrada;REG:118600075;frangula purshiana;frangula purshiana (dc.) a. gray;277;frangula_purshiana__frangula_purshiana_dc._a._gray.xlsx;CÁSCARA SAGRADA HERBARIUM;;frangula purshiana (dc.) a. gray;REGISTRADO;118600075;25351.419530/2006-72;HERBARIUM LABORATORIO BOTANICO LTDA - 78.950.011/0001-20;Ativo;05/2027;frangula purshiana;incluido_alias_completo;Ativo;118600075;25351 419530 2006 72;cascara sagrada herbarium;herbarium laboratorio botanico ltda 78 950 011 0001 20;frangula purshiana dc a gray;2006;TRUE;1;frangula purshiana;frangula purshiana (dc.) a. gray
49;Cáscara-sagrada;REG:120090005;rhamnus purshiana;rhamnus purshiana dc.;391;rhamnus_purshiana__rhamnus_purshiana_dc.xlsx;CÁSCARA SAGRADA BIONATUS;CASCARA SAGRADA BIONATUS;;REGISTRADO;120090005;25000.011967/92-21;BIONATUS LABORATÓRIO BOTÂNICO LTDA - 68.032.192/0001-51;Inativo;06/2016;rhamnus purshiana;incluido_alias_completo;Inativo;120090005;25000 011967 92 21;cascara sagrada bionatus;bionatus laboratorio botanico ltda 68 032 192 0001 51;;;TRUE;1;rhamnus purshiana;rhamnus purshiana dc.
49;Cáscara-sagrada;REG:120090035;frangula purshiana;frangula purshiana (dc.) a. gray;277;frangula_purshiana__frangula_purshiana_dc._a._gray.xlsx;CÁSCARA SAGRADA BIONATUS;;frangula purshiana (dc.) a. gray;REGISTRADO;120090035;25351.124453/2021-12;BIONATUS LABORATÓRIO BOTÂNICO LTDA - 68.032.192/0001-51;Ativo;05/2033;frangula purshiana;incluido_alias_completo;Ativo;120090035;25351 124453 2021 12;cascara sagrada bionatus;bionatus laboratorio botanico ltda 68 032 192 0001 51;frangula purshiana dc a gray;2021;TRUE;1;frangula purshiana;frangula purshiana (dc.) a. gray
49;Cáscara-sagrada;REG:121020008;rhamnus purshiana;rhamnus purshiana dc.;391;rhamnus_purshiana__rhamnus_purshiana_dc.xlsx;CASCARA SAGRADA 330;;;REGISTRADO;121020008;25351.160758/2002-17;ERVAS & ERVAS LABORATÓRIO LTDA - 40.436.792/0001-66;Inativo;02/2008;rhamnus purshiana;incluido_alias_completo;Inativo;121020008;25351 160758 2002 17;cascara sagrada 330;ervas ervas laboratorio ltda 40 436 792 0001 66;;2002;TRUE;1;rhamnus purshiana;rhamnus purshiana dc.
49;Cáscara-sagrada;REG:121390016;rhamnus purshiana;rhamnus purshiana dc.;391;rhamnus_purshiana__rhamnus_purshiana_dc.xlsx;CASCARA SAGRADA YANTEN;;;REGISTRADO;121390016;25351.174927/2002-04;LABORATORIO YANTEN LTDA - 84.830.074/0001-45;Inativo;01/2008;rhamnus purshiana;incluido_alias_completo;Inativo;121390016;25351 174927 2002 04;cascara sagrada yanten;laboratorio yanten ltda 84 830 074 0001 45;;2002;TRUE;1;rhamnus purshiana;rhamnus purshiana dc.
49;Cáscara-sagrada;REG:122830091;rhamnus purshiana;peumus boldus + rhamnus purshiana + rheum palmatum;390;rhamnus_purshiana__peumus_boldus_rhamnus_purshiana_rheum_palmatum.xlsx;FIGADOBIL;;;REGISTRADO;122830091;25001.013782/82;DM INDÚSTRIA FARMACÊUTICA LTDA - 67.866.665/0002-34;Inativo;03/2008;rhamnus purshiana;incluido_alias_completo;Inativo;122830091;25001 013782 82;figadobil;dm industria farmaceutica ltda 67 866 665 0002 34;;;TRUE;1;rhamnus purshiana;peumus boldus + rhamnus purshiana + rheum palmatum
49;Cáscara-sagrada;REG:122830097;rhamnus purshiana;rhamnus purshiana dc.;391;rhamnus_purshiana__rhamnus_purshiana_dc.xlsx;LICOR DE CACAU XAVIER;LICOR DE CACAU VERMIFUGO XAVIER;;REGISTRADO;122830097;25000.004779/77;DM INDÚSTRIA FARMACÊUTICA LTDA - 67.866.665/0002-34;Inativo;05/2010;rhamnus purshiana;incluido_alias_completo;Inativo;122830097;25000 004779 77;licor de cacau xavier;dm industria farmaceutica ltda 67 866 665 0002 34;;;TRUE;1;rhamnus purshiana;rhamnus purshiana dc.
49;Cáscara-sagrada;REG:123970009;frangula purshiana;frangula purshiana (dc.) a. gray;277;frangula_purshiana__frangula_purshiana_dc._a._gray.xlsx;CÁSCARA SAGRADA ORIENT;;;REGISTRADO;123970009;25000.002105/96-40;ORIENT MIX FITOTERÁPICOS DO BRASIL LTDA. - 73.657.876/0001-89;Inativo;04/2013;frangula purshiana;incluido_alias_completo;Inativo;123970009;25000 002105 96 40;cascara sagrada orient;orient mix fitoterapicos do brasil ltda 73 657 876 0001 89;;;TRUE;1;frangula purshiana;frangula purshiana (dc.) a. gray
49;Cáscara-sagrada;REG:126090142;rhamnus purshiana;rhamnus purshiana dc.;391;rhamnus_purshiana__rhamnus_purshiana_dc.xlsx;CASCARA SAGRADA AMAZON ERVAS;;;REGISTRADO;126090142;25351.067930/2003-45;AMAZON ERVAS LABORATÓRIO BOTÂNICO LTDA - 05.501.937/0001-64;Inativo;06/2009;rhamnus purshiana;incluido_alias_completo;Inativo;126090142;25351 067930 2003 45;cascara sagrada amazon ervas;amazon ervas laboratorio botanico ltda 05 501 937 0001 64;;2003;TRUE;1;rhamnus purshiana;rhamnus purshiana dc.
49;Cáscara-sagrada;REG:126430005;rhamnus purshiana;rhamnus purshiana dc.;391;rhamnus_purshiana__rhamnus_purshiana_dc.xlsx;RHAMNUS PURSHIANA;CASCARA SAGRADA EXTRATIVA;;REGISTRADO;126430005;25351.016796/01-63;GERBRÁS INGREDIENTES LTDA. - 47.479.852/0001-77;Inativo;02/2007;rhamnus purshiana;incluido_alias_completo;Inativo;126430005;25351 016796 01 63;rhamnus purshiana;gerbras ingredientes ltda 47 479 852 0001 77;;;TRUE;1;rhamnus purshiana;rhamnus purshiana dc.
49;Cáscara-sagrada;REG:127580032;rhamnus purshiana;rhamnus purshiana dc.;391;rhamnus_purshiana__rhamnus_purshiana_dc.xlsx;CASCAFLAZ;;;REGISTRADO;127580032;25351.040687/01-94;LABORATÓRIO FARMACÊUTICO CARESSE LTDA ME - 56.930.811/0001-46;Inativo;06/2007;rhamnus purshiana;incluido_alias_completo;Inativo;127580032;25351 040687 01 94;cascaflaz;laboratorio farmaceutico caresse ltda me 56 930 811 0001 46;;;TRUE;1;rhamnus purshiana;rhamnus purshiana dc.
49;Cáscara-sagrada;REG:136390037;rhamnus purshiana;rhamnus purshiana dc.;391;rhamnus_purshiana__rhamnus_purshiana_dc.xlsx;PURGALAX;;;REGISTRADO;136390037;25351.145389/2009-93;PRONATUS DO AMAZ.IND. COM. PROD. FARM. COSM. LTDA - 14.186.324/0001-70;Inativo;03/2015;rhamnus purshiana;incluido_alias_completo;Inativo;136390037;25351 145389 2009 93;purgalax;pronatus do amaz ind com prod farm cosm ltda 14 186 324 0001 70;;2009;TRUE;1;rhamnus purshiana;rhamnus purshiana dc.
49;Cáscara-sagrada;REG:137070004;rhamnus purshiana;rhamnus purshiana dc.;391;rhamnus_purshiana__rhamnus_purshiana_dc.xlsx;CASCARA SAGRADA FLORA  MEDICINAL;CÁSCARA SAGRADA FLORA MEDICINAL;;REGISTRADO;137070004;25351.022381/00-10;FLORA MEDICINAL J. MONTEIRO DA SILVA LTDA - 02.007.074/0001-85;Inativo;02/2006;rhamnus purshiana;incluido_alias_completo;Inativo;137070004;25351 022381 00 10;cascara sagrada flora medicinal;flora medicinal j monteiro da silva ltda 02 007 074 0001 85;;;TRUE;1;rhamnus purshiana;rhamnus purshiana dc.
49;Cáscara-sagrada;REG:138100036;rhamnus purshiana;rhamnus purshiana dc.;391;rhamnus_purshiana__rhamnus_purshiana_dc.xlsx;LAXOHERB;;;REGISTRADO;138100036;25351.221189/2004-55;LABORATORIO QUIMICO FARMACEUTICO TIARAJU LTDA. - 94.022.654/0001-60;Inativo;09/2027;rhamnus purshiana;incluido_alias_completo;Inativo;138100036;25351 221189 2004 55;laxoherb;laboratorio quimico farmaceutico tiaraju ltda 94 022 654 0001 60;;2004;TRUE;1;rhamnus purshiana;rhamnus purshiana dc.
49;Cáscara-sagrada;REG:140580005;rhamnus purshiana;rhamnus purshiana dc.;391;rhamnus_purshiana__rhamnus_purshiana_dc.xlsx;CASCARA SAGRADA;;;REGISTRADO;140580005;25351.167833/2002-71;LABORATORIO NATURIZZA LTDA - 01.807.328/0001-87;Inativo;10/2007;rhamnus purshiana;incluido_alias_completo;Inativo;140580005;25351 167833 2002 71;cascara sagrada;laboratorio naturizza ltda 01 807 328 0001 87;;2002;TRUE;1;rhamnus purshiana;rhamnus purshiana dc.
49;Cáscara-sagrada;REG:142570032;rhamnus purshiana;rhamnus purshiana dc.;391;rhamnus_purshiana__rhamnus_purshiana_dc.xlsx;CASCALAX;;;REGISTRADO;142570032;25351.021622/01-21;LUCIOMED FARMACÊUTICA DO BRASIL LTDA - 01.845.448/0001-79;Inativo;05/2007;rhamnus purshiana;incluido_alias_completo;Inativo;142570032;25351 021622 01 21;cascalax;luciomed farmaceutica do brasil ltda 01 845 448 0001 79;;;TRUE;1;rhamnus purshiana;rhamnus purshiana dc.
49;Cáscara-sagrada;REG:144930048;rhamnus purshiana;rhamnus purshiana dc.;391;rhamnus_purshiana__rhamnus_purshiana_dc.xlsx;VERILAX;;;REGISTRADO;144930048;25351.068250/2003-49;AIRELA INDÚSTRIA FARMACÊUTICA LTDA. - 01.858.973/0001-29;Inativo;09/2014;rhamnus purshiana;incluido_alias_completo;Inativo;144930048;25351 068250 2003 49;verilax;airela industria farmaceutica ltda 01 858 973 0001 29;;2003;TRUE;1;rhamnus purshiana;rhamnus purshiana dc.
49;Cáscara-sagrada;REG:145010004;rhamnus purshiana;rhamnus purshiana dc.;391;rhamnus_purshiana__rhamnus_purshiana_dc.xlsx;CASCARA SAGRADA BRASMED;;;REGISTRADO;145010004;25351.060851/2003-11;BRASMED BOTÂNICA E FARMACÊUTICA LTDA - 00.660.703/0001-46;Inativo;09/2009;rhamnus purshiana;incluido_alias_completo;Inativo;145010004;25351 060851 2003 11;cascara sagrada brasmed;brasmed botanica e farmaceutica ltda 00 660 703 0001 46;;2003;TRUE;1;rhamnus purshiana;rhamnus purshiana dc.
49;Cáscara-sagrada;REG:149160003;rhamnus purshiana;rhamnus purshiana, de candolle (casca/pó);392;rhamnus_purshiana__rhamnus_purshiana_de_candolle_casca_pó.xlsx;ROTER;;;REGISTRADO;149160003;25991.001362/66;ZEST FARMACÊUTICA LTDA - 03.557.772/0001-17;Inativo;04/2005;rhamnus purshiana;incluido_alias_completo;Inativo;149160003;25991 001362 66;roter;zest farmaceutica ltda 03 557 772 0001 17;;;TRUE;1;rhamnus purshiana;rhamnus purshiana, de candolle (casca/pó)
49;Cáscara-sagrada;REG:149590007;rhamnus purshiana;rhamnus purshiana dc.;391;rhamnus_purshiana__rhamnus_purshiana_dc.xlsx;CASCARA  SAGRADA FLORA AMAZON;;;REGISTRADO;149590007;25351.014507/2003-42;FLORA AMAZON PRODUTOS NATURAIS LTDA - 03.661.862/0001-53;Inativo;12/2008;rhamnus purshiana;incluido_alias_completo;Inativo;149590007;25351 014507 2003 42;cascara sagrada flora amazon;flora amazon produtos naturais ltda 03 661 862 0001 53;;2003;TRUE;1;rhamnus purshiana;rhamnus purshiana dc.
49;Cáscara-sagrada;REG:154000045;rhamnus purshiana;rhamnus purshiana dc.;391;rhamnus_purshiana__rhamnus_purshiana_dc.xlsx;LAXAVITA;;;REGISTRADO;154000045;25351.215067/2005-19;LABORATÓRIO VITALAB LTDA - 56.646.953/0001-86;Inativo;09/2010;rhamnus purshiana;incluido_alias_completo;Inativo;154000045;25351 215067 2005 19;laxavita;laboratorio vitalab ltda 56 646 953 0001 86;;2005;TRUE;1;rhamnus purshiana;rhamnus purshiana dc.
49;Cáscara-sagrada;REG:155050001;rhamnus purshiana;rhamnus purshiana dc.;391;rhamnus_purshiana__rhamnus_purshiana_dc.xlsx;Affinato Ledal;;;REGISTRADO;155050001;25351.035351/2003-33;LEDAL QUÍMICA DO BRASIL LTDA - 02.725.983/0001-59;Inativo;12/2008;rhamnus purshiana;incluido_alias_completo;Inativo;155050001;25351 035351 2003 33;affinato ledal;ledal quimica do brasil ltda 02 725 983 0001 59;;2003;TRUE;1;rhamnus purshiana;rhamnus purshiana dc.
49;Cáscara-sagrada;REG:155590008;rhamnus purshiana;rhamnus purshiana dc.;391;rhamnus_purshiana__rhamnus_purshiana_dc.xlsx;CÁSCARA SAGRADA FLORA  MEDICINAL;CÁSCARA SAGRADA FLORA MEDICINAL;;REGISTRADO;155590008;25351.010792/2004-11;INDUSTRIA E COMERCIO DE COSMETICOS NATURA LTDA - 00.190.373/0001-72;Inativo;02/2006;rhamnus purshiana;incluido_alias_completo;Inativo;155590008;25351 010792 2004 11;cascara sagrada flora medicinal;industria e comercio de cosmeticos natura ltda 00 190 373 0001 72;;2004;TRUE;1;rhamnus purshiana;rhamnus purshiana dc.
49;Cáscara-sagrada;REG:178170911;frangula purshiana;frangula purshiana (dc.) a. gray;277;frangula_purshiana__frangula_purshiana_dc._a._gray.xlsx;EPAREMA;;rheum palmatum l., frangula purshiana (dc.) a. gray , peumus boldus molina;REGISTRADO;178170911;25351.109957/2021-02;COSMED INDUSTRIA DE COSMETICOS E MEDICAMENTOS S.A. - 61.082.426/0002-07;Ativo;10/2029;frangula purshiana;incluido_alias_completo;Ativo;178170911;25351 109957 2021 02;eparema;cosmed industria de cosmeticos e medicamentos s a 61 082 426 0002 07;rheum palmatum l frangula purshiana dc a gray peumus boldus molina;2021;TRUE;1;frangula purshiana;frangula purshiana (dc.) a. gray
50;Cúrcuma / Açafrão-da-terra;REG:100610053;curcuma;curcuma zedoaria rosc.;259;curcuma__curcuma_zedoaria_rosc.xlsx;CHOLEODORON WELEDA;;;REGISTRADO;100610053;25992.015871/75;WELEDA DO BRASIL LABORATÓRIO E FARMÁCIA LTDA - 56.992.217/0001-80;Inativo;01/2007;curcuma;incluido_alias_completo;Inativo;100610053;25992 015871 75;choleodoron weleda;weleda do brasil laboratorio e farmacia ltda 56 992 217 0001 80;;;TRUE;1;curcuma;curcuma zedoaria rosc.
50;Cúrcuma / Açafrão-da-terra;REG:105730442;curcuma;curcuma longa l.;258;curcuma__Curcuma_longa_L.xlsx;MOTORE;;Curcuma longa L. , CURCUMA LONGA L.;REGISTRADO;105730442;25351.682452/2011-76;ACHÉ LABORATÓRIOS FARMACÊUTICOS S.A - 60.659.463/0029-92;Ativo;12/2027;curcuma longa;incluido_alias_completo;Ativo;105730442;25351 682452 2011 76;motore;ache laboratorios farmaceuticos s a 60 659 463 0029 92;curcuma longa l curcuma longa l;2011;TRUE;2;curcuma | curcuma longa;curcuma longa l.
50;Cúrcuma / Açafrão-da-terra;REG:167730683;curcuma longa;curcuma longa l.;260;curcuma_longa__curcuma_longa_l.xlsx;CUMIAH;;curcuma longa l.;REGISTRADO;167730683;25351.519486/2022-10;LEGRAND PHARMA INDÚSTRIA FARMACÊUTICA LTDA - 05.044.984/0001-26;Ativo;03/2033;curcuma longa;incluido_alias_completo;Ativo;167730683;25351 519486 2022 10;cumiah;legrand pharma industria farmaceutica ltda 05 044 984 0001 26;curcuma longa l;2022;TRUE;1;curcuma longa;curcuma longa l.
52;Equinácea;REG:100610041;Echinacea angustifolia;echinacea angustifolia dc.;58;Echinacea_angustifolia__echinacea_angustifolia_dc.xlsx;WECESIN;WECESIN PÓ WELEDA, WECESIN SPRAY;;REGISTRADO;100610041;25992.019318/75;WELEDA DO BRASIL LABORATÓRIO E FARMÁCIA LTDA - 56.992.217/0001-80;Inativo;08/2010;echinacea angustifolia;incluido_alias_completo;Inativo;100610041;25992 019318 75;wecesin;weleda do brasil laboratorio e farmacia ltda 56 992 217 0001 80;;;TRUE;1;Echinacea angustifolia;echinacea angustifolia dc.
52;Equinácea;REG:102350587;Echinacea purpurea;echinacea purpurea (l.) moench;60;Echinacea_purpurea__echinacea_purpurea_l._moench.xlsx;FITOCOLD;;;REGISTRADO;102350587;25351.165654/2002-07;EMS S/A - 57.507.378/0003-65;Inativo;02/2008;echinacea purpurea;incluido_alias_completo;Inativo;102350587;25351 165654 2002 07;fitocold;ems s a 57 507 378 0003 65;;2002;TRUE;1;Echinacea purpurea;echinacea purpurea (l.) moench
52;Equinácea;REG:103700374;Echinacea purpurea;echinacea purpurea (l.) moench;60;Echinacea_purpurea__echinacea_purpurea_l._moench.xlsx;IMUNOCEL;;;REGISTRADO;103700374;25351.006595/02-66;LABORATÓRIO TEUTO BRASILEIRO S/A - 17.159.229/0001-76;Inativo;07/2007;echinacea purpurea;incluido_alias_completo;Inativo;103700374;25351 006595 02 66;imunocel;laboratorio teuto brasileiro s a 17 159 229 0001 76;;;TRUE;1;Echinacea purpurea;echinacea purpurea (l.) moench
52;Equinácea;REG:103900191;Echinacea angustifolia;echinacea angustifolia dc.;58;Echinacea_angustifolia__echinacea_angustifolia_dc.xlsx;MOTIX;;;REGISTRADO;103900191;25351.422047/2015-66;FARMOQUÍMICA S/A - 33.349.473/0001-58;Inativo;12/2026;echinacea angustifolia;incluido_alias_completo;Inativo;103900191;25351 422047 2015 66;motix;farmoquimica s a 33 349 473 0001 58;;2015;TRUE;2;Echinacea angustifolia | Echinacea purpurea;echinacea angustifolia dc. | echinacea purpurea (l.) moench
52;Equinácea;REG:103900228;Echinacea angustifolia;echinacea angustifolia;57;Echinacea_angustifolia__ECHINACEA_ANGUSTIFOLIA.xlsx;MOTIX;;ARNICA MONTANA L., arnica montana, CALENDULA OFFICINALIS L., HAMAMELIS VIRGINIANA L., ECHINACEA ANGUSTIFOLIA, ECHINACEA ANGUSTIFOLIA DC., ECHINACEA PURPUREA (L.) MOENCH, MATRICARIA CHAMOMILLA , MATRICARIA CHAMOMILLA L., BELLIS PERENNIS, SYMPHYTUM OFFICINALE, HYPERICUM PERFORATUM, ACHILLEA MILLEFOLIUM L., ACONITUM NAPELLUS, ATROPA BELLADONNA, Mercurius solubilis, HEPAR SULPHUR, hepar sulfuris;REGISTRADO;103900228;25351.203839/2024-24;FARMOQUÍMICA S/A - 33.349.473/0001-58;Ativo;06/2034;echinacea angustifolia;incluido_alias_completo;Ativo;103900228;25351 203839 2024 24;motix;farmoquimica s a 33 349 473 0001 58;arnica montana l arnica montana calendula officinalis l hamamelis virginiana l echinacea angustifolia echinacea angustifolia dc echinacea purpurea l moench matricaria chamomilla matricaria chamomilla l bellis perennis symphytum officinale hypericum perforatum achillea millefolium l aconitum napellus atropa belladonna mercurius solubilis hepar sulphur hepar sulfuris;2024;TRUE;3;Echinacea angustifolia | Echinacea purpurea;echinacea angustifolia | echinacea angustifolia dc. | echinacea purpurea (l.) moench
52;Equinácea;REG:105730743;Echinacea purpurea;echinacea purpurea (l.) moench;60;Echinacea_purpurea__echinacea_purpurea_l._moench.xlsx;EQUINÁCEA TIARAJU;;;REGISTRADO;105730743;25351.107553/2020-95;ACHÉ LABORATÓRIOS FARMACÊUTICOS S.A - 60.659.463/0029-92;Inativo;07/2028;echinacea purpurea;incluido_alias_completo;Inativo;105730743;25351 107553 2020 95;equinacea tiaraju;ache laboratorios farmaceuticos s a 60 659 463 0029 92;;2020;TRUE;1;Echinacea purpurea;echinacea purpurea (l.) moench
52;Equinácea;REG:110220011;Echinacea purpurea;echinacea purpurea (l.) moench;60;Echinacea_purpurea__echinacea_purpurea_l._moench.xlsx;ECNAN;;;REGISTRADO;110220011;25351.003994/02-75;HENSA-FARMA S.A - INDÚSTRIA QUÍMICA E FARMACÊUTICA - 06.270.144/0001-44;Inativo;09/2007;echinacea purpurea;incluido_alias_completo;Inativo;110220011;25351 003994 02 75;ecnan;hensa farma s a industria quimica e farmaceutica 06 270 144 0001 44;;;TRUE;1;Echinacea purpurea;echinacea purpurea (l.) moench
52;Equinácea;REG:114620015;Echinacea purpurea;echinacea purpurea (l.) moench;60;Echinacea_purpurea__echinacea_purpurea_l._moench.xlsx;KMUNE;;echinacea purpurea (l.) moench;REGISTRADO;114620015;25351.608603/2018-32;MYRALIS INDÚSTRIA FARMACÊUTICA LTDA - 17.440.261/0001-25;Ativo;09/2026;echinacea purpurea;incluido_alias_completo;Ativo;114620015;25351 608603 2018 32;kmune;myralis industria farmaceutica ltda 17 440 261 0001 25;echinacea purpurea l moench;2018;TRUE;1;Echinacea purpurea;echinacea purpurea (l.) moench
52;Equinácea;REG:116950028;Echinacea purpurea;echinacea purpurea (l.) moench;60;Echinacea_purpurea__echinacea_purpurea_l._moench.xlsx;PRYMOX;;;REGISTRADO;116950028;25351.053967/2003-96;LABORATÓRIO FARMACÊUTICO VITAMED LTDA - 29.346.301/0001-53;Inativo;02/2029;echinacea purpurea;incluido_alias_completo;Inativo;116950028;25351 053967 2003 96;prymox;laboratorio farmaceutico vitamed ltda 29 346 301 0001 53;;2003;TRUE;1;Echinacea purpurea;echinacea purpurea (l.) moench
52;Equinácea;REG:118600008;Echinacea purpurea;echinacea purpurea (l.) moench;60;Echinacea_purpurea__echinacea_purpurea_l._moench.xlsx;IMUNNAL;;;REGISTRADO;118600008;25023.230130/95;HERBARIUM LABORATORIO BOTANICO LTDA - 78.950.011/0001-20;Inativo;10/2006;echinacea purpurea;incluido_alias_completo;Inativo;118600008;25023 230130 95;imunnal;herbarium laboratorio botanico ltda 78 950 011 0001 20;;;TRUE;1;Echinacea purpurea;echinacea purpurea (l.) moench
52;Equinácea;REG:118600034;Echinacea purpurea;echinacea purpurea (l.) moench;60;Echinacea_purpurea__echinacea_purpurea_l._moench.xlsx;TINTURA DE EQUINACEA HERBARIUM;TINT. DE EQUINACEA HERBARIUM;;REGISTRADO;118600034;25351.021202/01-36;HERBARIUM LABORATORIO BOTANICO LTDA - 78.950.011/0001-20;Inativo;12/2007;echinacea purpurea;incluido_alias_completo;Inativo;118600034;25351 021202 01 36;tintura de equinacea herbarium;herbarium laboratorio botanico ltda 78 950 011 0001 20;;;TRUE;1;Echinacea purpurea;echinacea purpurea (l.) moench
52;Equinácea;REG:118610116;Echinacea purpurea;echinacea purpurea (l.) moench;60;Echinacea_purpurea__echinacea_purpurea_l._moench.xlsx;ENAX;ENAX CÁPSULA GELATINOSA DURA, ENAX COMPRIMIDO REVESTIDO, ENAX XAROPE;;REGISTRADO;118610116;25351.021615/01-66;ATIVUS FARMACÊUTICA LTDA - 64.088.172/0001-41;Inativo;11/2017;echinacea purpurea;incluido_alias_completo;Inativo;118610116;25351 021615 01 66;enax;ativus farmaceutica ltda 64 088 172 0001 41;;;TRUE;1;Echinacea purpurea;echinacea purpurea (l.) moench
52;Equinácea;REG:118610248;Echinacea purpurea;echinacea purpurea (l.) moench;60;Echinacea_purpurea__echinacea_purpurea_l._moench.xlsx;IMUNAX;;;REGISTRADO;118610248;25351.438145/2005-43;ATIVUS FARMACÊUTICA LTDA - 64.088.172/0001-41;Inativo;12/2010;echinacea purpurea;incluido_alias_completo;Inativo;118610248;25351 438145 2005 43;imunax;ativus farmaceutica ltda 64 088 172 0001 41;;2005;TRUE;1;Echinacea purpurea;echinacea purpurea (l.) moench
52;Equinácea;REG:118610270;Echinacea purpurea;echinacea purpurea (l.) moench;60;Echinacea_purpurea__echinacea_purpurea_l._moench.xlsx;IMUNAX;;;REGISTRADO;118610270;25351.571016/2010-39;ATIVUS FARMACÊUTICA LTDA - 64.088.172/0001-41;Inativo;09/2021;echinacea purpurea;incluido_alias_completo;Inativo;118610270;25351 571016 2010 39;imunax;ativus farmaceutica ltda 64 088 172 0001 41;;2010;TRUE;1;Echinacea purpurea;echinacea purpurea (l.) moench
52;Equinácea;REG:120090016;Echinacea purpurea;echinacea purpurea (l.) moench;60;Echinacea_purpurea__echinacea_purpurea_l._moench.xlsx;EQUINACEA BIONATUS;;;REGISTRADO;120090016;25351.012334/01-86;BIONATUS LABORATÓRIO BOTÂNICO LTDA - 68.032.192/0001-51;Inativo;03/2012;echinacea purpurea;incluido_alias_completo;Inativo;120090016;25351 012334 01 86;equinacea bionatus;bionatus laboratorio botanico ltda 68 032 192 0001 51;;;TRUE;1;Echinacea purpurea;echinacea purpurea (l.) moench
52;Equinácea;REG:120190131;Echinacea purpurea;echinacea purpurea (l.) moench;60;Echinacea_purpurea__echinacea_purpurea_l._moench.xlsx;IMUNOGREEN;;;REGISTRADO;120190131;25351.169987/2002-05;GREENPHARMA QUÍMICA E FARMACÊUTICA LTDA - 33.408.105/0001-33;Inativo;11/2007;echinacea purpurea;incluido_alias_completo;Inativo;120190131;25351 169987 2002 05;imunogreen;greenpharma quimica e farmaceutica ltda 33 408 105 0001 33;;2002;TRUE;1;Echinacea purpurea;echinacea purpurea (l.) moench
52;Equinácea;REG:121070005;Echinacea purpurea;echinacea purpurea (l.) moench;60;Echinacea_purpurea__echinacea_purpurea_l._moench.xlsx;IMUNOFEN;;;REGISTRADO;121070005;25351.022031/2003-13;APIS FLORA INDUSTRIAL  E COMERCIAL LTDA - 49.345.358/0001-45;Inativo;10/2008;echinacea purpurea;incluido_alias_completo;Inativo;121070005;25351 022031 2003 13;imunofen;apis flora industrial e comercial ltda 49 345 358 0001 45;;2003;TRUE;1;Echinacea purpurea;echinacea purpurea (l.) moench
52;Equinácea;REG:123970024;Echinacea purpurea;echinacea purpurea (l.) moench;60;Echinacea_purpurea__echinacea_purpurea_l._moench.xlsx;ECHINACEA ORIENT;;;REGISTRADO;123970024;25351.003977/2005-42;ORIENT MIX FITOTERÁPICOS DO BRASIL LTDA. - 73.657.876/0001-89;Inativo;05/2010;echinacea purpurea;incluido_alias_completo;Inativo;123970024;25351 003977 2005 42;echinacea orient;orient mix fitoterapicos do brasil ltda 73 657 876 0001 89;;2005;TRUE;1;Echinacea purpurea;echinacea purpurea (l.) moench
52;Equinácea;REG:128420008;Echinacea angustifolia;echinacea angustifolia dc.;58;Echinacea_angustifolia__echinacea_angustifolia_dc.xlsx;TRAUMEEL S;;;REGISTRADO;128420008;25000.007786/96-04;PROBIOS COMÉRCIO IMPORTAÇÃO E EXPORTAÇÃO LTDA - 74.455.197/0001-90;Inativo;12/2006;echinacea angustifolia;incluido_alias_completo;Inativo;128420008;25000 007786 96 04;traumeel s;probios comercio importacao e exportacao ltda 74 455 197 0001 90;;;TRUE;2;Echinacea angustifolia | Echinacea purpurea;echinacea angustifolia dc. | echinacea purpurea (l.) moench
52;Equinácea;REG:128420015;Echinacea angustifolia;echinacea angustifolia dc.;58;Echinacea_angustifolia__echinacea_angustifolia_dc.xlsx;TONSILLA COMPOSITUM N;;;REGISTRADO;128420015;25000.018606/98-46;PROBIOS COMÉRCIO IMPORTAÇÃO E EXPORTAÇÃO LTDA - 74.455.197/0001-90;Inativo;04/2007;echinacea angustifolia;incluido_alias_completo;Inativo;128420015;25000 018606 98 46;tonsilla compositum n;probios comercio importacao e exportacao ltda 74 455 197 0001 90;;;TRUE;1;Echinacea angustifolia;echinacea angustifolia dc.
52;Equinácea;REG:128420022;Echinacea angustifolia;echinacea angustifolia dc.;58;Echinacea_angustifolia__echinacea_angustifolia_dc.xlsx;GALIUM - HEEL N;;;REGISTRADO;128420022;25000.007783/96-16;PROBIOS COMÉRCIO IMPORTAÇÃO E EXPORTAÇÃO LTDA - 74.455.197/0001-90;Inativo;05/2007;echinacea angustifolia;incluido_alias_completo;Inativo;128420022;25000 007783 96 16;galium heel n;probios comercio importacao e exportacao ltda 74 455 197 0001 90;;;TRUE;1;Echinacea angustifolia;echinacea angustifolia dc.
52;Equinácea;REG:128420036;Echinacea angustifolia;echinacea angustifolia dc.;58;Echinacea_angustifolia__echinacea_angustifolia_dc.xlsx;ECHINACEA COMPOSITUM S N;;;REGISTRADO;128420036;25351.201971/2002-96;PROBIOS COMÉRCIO IMPORTAÇÃO E EXPORTAÇÃO LTDA - 74.455.197/0001-90;Inativo;11/2007;echinacea angustifolia;incluido_alias_completo;Inativo;128420036;25351 201971 2002 96;echinacea compositum s n;probios comercio importacao e exportacao ltda 74 455 197 0001 90;;2002;TRUE;1;Echinacea angustifolia;echinacea angustifolia dc.
52;Equinácea;REG:137070006;Echinacea purpurea;echinacea purpurea (l.) moench;60;Echinacea_purpurea__echinacea_purpurea_l._moench.xlsx;EQUINACEA FLORA MEDICINAL;;;REGISTRADO;137070006;25351.025545/00-43;FLORA MEDICINAL J. MONTEIRO DA SILVA LTDA - 02.007.074/0001-85;Inativo;03/2006;echinacea purpurea;incluido_alias_completo;Inativo;137070006;25351 025545 00 43;equinacea flora medicinal;flora medicinal j monteiro da silva ltda 02 007 074 0001 85;;;TRUE;1;Echinacea purpurea;echinacea purpurea (l.) moench
52;Equinácea;REG:138100021;Echinacea purpurea;echinacea purpurea (l.) moench;60;Echinacea_purpurea__echinacea_purpurea_l._moench.xlsx;EQUINÁCEA TIARAJU;;;REGISTRADO;138100021;25025.002382/2002-29;LABORATORIO QUIMICO FARMACEUTICO TIARAJU LTDA. - 94.022.654/0001-60;Inativo;07/2028;echinacea purpurea;incluido_alias_completo;Inativo;138100021;25025 002382 2002 29;equinacea tiaraju;laboratorio quimico farmaceutico tiaraju ltda 94 022 654 0001 60;;2002;TRUE;1;Echinacea purpurea;echinacea purpurea (l.) moench
52;Equinácea;REG:144930077;Echinacea purpurea;echinacea purpurea (l.) moench;60;Echinacea_purpurea__echinacea_purpurea_l._moench.xlsx;PRYMOX;;echinacea purpurea (l.) moench;REGISTRADO;144930077;25351.648937/2023-14;AIRELA INDÚSTRIA FARMACÊUTICA LTDA. - 01.858.973/0001-29;Ativo;02/2029;echinacea purpurea;incluido_alias_completo;Ativo;144930077;25351 648937 2023 14;prymox;airela industria farmaceutica ltda 01 858 973 0001 29;echinacea purpurea l moench;2023;TRUE;1;Echinacea purpurea;echinacea purpurea (l.) moench
52;Equinácea;REG:145010020;Echinacea purpurea;echinacea purpurea (l.) moench;60;Echinacea_purpurea__echinacea_purpurea_l._moench.xlsx;EQUINACEA BRASMED;;;REGISTRADO;145010020;25351.062554/2003-01;BRASMED BOTÂNICA E FARMACÊUTICA LTDA - 00.660.703/0001-46;Inativo;09/2009;echinacea purpurea;incluido_alias_completo;Inativo;145010020;25351 062554 2003 01;equinacea brasmed;brasmed botanica e farmaceutica ltda 00 660 703 0001 46;;2003;TRUE;1;Echinacea purpurea;echinacea purpurea (l.) moench
52;Equinácea;REG:154000038;Echinacea purpurea;echinacea purpurea (l.) moench;60;Echinacea_purpurea__echinacea_purpurea_l._moench.xlsx;RESFRINON;;;REGISTRADO;154000038;25351.004450/2003-73;LABORATÓRIO VITALAB LTDA - 56.646.953/0001-86;Inativo;05/2008;echinacea purpurea;incluido_alias_completo;Inativo;154000038;25351 004450 2003 73;resfrinon;laboratorio vitalab ltda 56 646 953 0001 86;;2003;TRUE;1;Echinacea purpurea;echinacea purpurea (l.) moench
52;Equinácea;REG:154000051;Echinacea purpurea;echinacea purpurea (l.) moench;60;Echinacea_purpurea__echinacea_purpurea_l._moench.xlsx;ECHINACEA VITALAB;;echinacea purpurea (l.) moench;REGISTRADO;154000051;25351.000407/2010-33;LABORATÓRIO VITALAB LTDA - 56.646.953/0001-86;Ativo;09/2032;echinacea purpurea;incluido_alias_completo;Ativo;154000051;25351 000407 2010 33;echinacea vitalab;laboratorio vitalab ltda 56 646 953 0001 86;echinacea purpurea l moench;2010;TRUE;1;Echinacea purpurea;echinacea purpurea (l.) moench
52;Equinácea;REG:155240006;Echinacea purpurea;echinacea purpurea (l.) moench;60;Echinacea_purpurea__echinacea_purpurea_l._moench.xlsx;ECHINACEA PURPUREA;;;REGISTRADO;155240006;25351.444552/2005-90;HEALTY IMPORT 2001 COMÉRCIO, IMPORTAÇÃO E EXPORTAÇÃO LTDA - ME - 03.176.912/0001-07;Inativo;10/2006;echinacea purpurea;incluido_alias_completo;Inativo;155240006;25351 444552 2005 90;echinacea purpurea;healty import 2001 comercio importacao e exportacao ltda me 03 176 912 0001 07;;2005;TRUE;1;Echinacea purpurea;echinacea purpurea (l.) moench
52;Equinácea;REG:155590007;Echinacea purpurea;echinacea purpurea (l.) moench;60;Echinacea_purpurea__echinacea_purpurea_l._moench.xlsx;EQUINACEA FLORA MEDICINAL;;;REGISTRADO;155590007;25351.009398/2004-22;INDUSTRIA E COMERCIO DE COSMETICOS NATURA LTDA - 00.190.373/0001-72;Inativo;03/2006;echinacea purpurea;incluido_alias_completo;Inativo;155590007;25351 009398 2004 22;equinacea flora medicinal;industria e comercio de cosmeticos natura ltda 00 190 373 0001 72;;2004;TRUE;1;Echinacea purpurea;echinacea purpurea (l.) moench
52;Equinácea;REG:158190010;Echinacea purpurea;echinacea purpurea (l.) moench;60;Echinacea_purpurea__echinacea_purpurea_l._moench.xlsx;ENAX;ENAX COMPRIMIDO REVESTIDO, ENAX XAROPE;echinacea purpurea (l.) moench;REGISTRADO;158190010;25351.062601/2017-05;ARESE PHARMA LTDA. - 07.670.111/0001-54;Ativo;11/2027;echinacea purpurea;incluido_alias_completo;Ativo;158190010;25351 062601 2017 05;enax;arese pharma ltda 07 670 111 0001 54;echinacea purpurea l moench;2017;TRUE;1;Echinacea purpurea;echinacea purpurea (l.) moench
52;Equinácea;REG:161980007;Echinacea purpurea;echinacea purpurea;59;Echinacea_purpurea__ECHINACEA_PURPUREA.xlsx;TRAUMEEL S;;ARNICA MONTANA L., arnica montana, CALENDULA OFFICINALIS L., HAMAMELIS VIRGINIANA L., ECHINACEA ANGUSTIFOLIA DC., ECHINACEA PURPUREA, ECHINACEA PURPUREA (L.) MOENCH, MATRICARIA CHAMOMILLA , MATRICARIA CHAMOMILLA L., BELLIS PERENNIS, SYMPHYTUM OFFICINALE, HYPERICUM PERFORATUM, ACHILLEA MILLEFOLIUM L., ACONITUM NAPELLUS, ATROPA BELLADONNA, Mercurius solubilis, HEPAR SULPHUR, hepar sulfuris;REGISTRADO;161980007;25351.280113/2005-42;HEEL DO BRASIL BIOMÉDICA LTDA - 05.994.539/0001-27;Ativo;09/2028;echinacea purpurea;incluido_alias_completo;Ativo;161980007;25351 280113 2005 42;traumeel s;heel do brasil biomedica ltda 05 994 539 0001 27;arnica montana l arnica montana calendula officinalis l hamamelis virginiana l echinacea angustifolia dc echinacea purpurea echinacea purpurea l moench matricaria chamomilla matricaria chamomilla l bellis perennis symphytum officinale hypericum perforatum achillea millefolium l aconitum napellus atropa belladonna mercurius solubilis hepar sulphur hepar sulfuris;2005;TRUE;3;Echinacea angustifolia | Echinacea purpurea;echinacea angustifolia dc. | echinacea purpurea | echinacea purpurea (l.) moench
53;Erva-baleeira/ Baleeira / camarinha / catinga-de-barão / córdia / baleeira-cambará / erva-preta / maria-milagrosa / maria-preta / salicínia / catinga-preta / maria-rezadeira / camaroneira-do-brejo;REG:105730341;Cordia verbenacea;cordia verbenacea dc.;50;Cordia_verbenacea__cordia_verbenacea_dc.xlsx;ACHEFLAN;;cordia verbenacea dc.;REGISTRADO;105730341;25351.148578/2004-29;ACHÉ LABORATÓRIOS FARMACÊUTICOS S.A - 60.659.463/0029-92;Ativo;11/2029;cordia verbenacea;incluido_alias_completo;Ativo;105730341;25351 148578 2004 29;acheflan;ache laboratorios farmaceuticos s a 60 659 463 0029 92;cordia verbenacea dc;2004;TRUE;2;cordia | Cordia verbenacea;cordia verbenacea dc.
53;Erva-baleeira/ Baleeira / camarinha / catinga-de-barão / córdia / baleeira-cambará / erva-preta / maria-milagrosa / maria-preta / salicínia / catinga-preta / maria-rezadeira / camaroneira-do-brejo;REG:105730634;Cordia verbenacea;cordia verbenacea dc.;50;Cordia_verbenacea__cordia_verbenacea_dc.xlsx;CORDIAFLAN;;cordia verbenacea dc.;REGISTRADO;105730634;25351.012072/2019-69;ACHÉ LABORATÓRIOS FARMACÊUTICOS S.A - 60.659.463/0029-92;Ativo;03/2027;cordia verbenacea;incluido_alias_completo;Ativo;105730634;25351 012072 2019 69;cordiaflan;ache laboratorios farmaceuticos s a 60 659 463 0029 92;cordia verbenacea dc;2019;TRUE;2;cordia | Cordia verbenacea;cordia verbenacea dc.
53;Erva-baleeira/ Baleeira / camarinha / catinga-de-barão / córdia / baleeira-cambará / erva-preta / maria-milagrosa / maria-preta / salicínia / catinga-preta / maria-rezadeira / camaroneira-do-brejo;REG:112130434;Cordia verbenacea;cordia verbenacea dc.;50;Cordia_verbenacea__cordia_verbenacea_dc.xlsx;CORDIAFLAN;;;REGISTRADO;112130434;25351.654433/2010-28;BIOSINTÉTICA FARMACÊUTICA LTDA - 53.162.095/0001-06;Inativo;03/2022;cordia verbenacea;incluido_alias_completo;Inativo;112130434;25351 654433 2010 28;cordiaflan;biosintetica farmaceutica ltda 53 162 095 0001 06;;2010;TRUE;2;cordia | Cordia verbenacea;cordia verbenacea dc.
56;Erva-de-bicho;REG:100770015;Polygonum acre;polygonum acre h.b.k.;130;Polygonum_acre__polygonum_acre_h.b.k.xlsx;POLIGONUM ACRE COMPOSTO CIBECOL;;;REGISTRADO;100770015;25000.011657/71;CIBECOL INDUSTRIAL FARMACÊUTICA LTDA - 92.943.992/0001-09;Inativo;09/2006;polygonum acre;incluido_alias_completo;Inativo;100770015;25000 011657 71;poligonum acre composto cibecol;cibecol industrial farmaceutica ltda 92 943 992 0001 09;;;TRUE;1;Polygonum acre;polygonum acre h.b.k.
56;Erva-de-bicho;REG:101430073;Polygonum punctatum;polygonum punctatum h.lév;133;Polygonum_punctatum__Polygonum_punctatum_H.Lév.xlsx;COMPLEXO SENNA ALMEIDA PRADO Nº 46;;PICOSSULFATO DE SÓDIO, CÁSSIA SENNA, Polygonum punctatum H.Lév, COMPLEMENTO;REGISTRADO;101430073;25351.333883/2023-87;MEGALABS FARMACEUTICA S.A. - 33.026.055/0001-20;Ativo;06/2026;polygonum punctatum;incluido_alias_completo;Ativo;101430073;25351 333883 2023 87;complexo senna almeida prado n 46;megalabs farmaceutica s a 33 026 055 0001 20;picossulfato de sodio cassia senna polygonum punctatum h lev complemento;2023;TRUE;1;Polygonum punctatum;polygonum punctatum h.lév
56;Erva-de-bicho;REG:102660006;Polygonum punctatum;polygonum punctatum h.lév;133;Polygonum_punctatum__Polygonum_punctatum_H.Lév.xlsx;COMPLEXO HOMEPÁTICO AESCULUS ALMEIDA PRADO 20;;;REGISTRADO;102660006;25992.016569/67;FARMÁCIA E LABORATÓRIO HOMEOPÁTICO ALMEIDA PRADO LTDA - 60.862.208/0001-41;Inativo;09/2009;polygonum punctatum;incluido_alias_completo;Inativo;102660006;25992 016569 67;complexo homepatico aesculus almeida prado 20;farmacia e laboratorio homeopatico almeida prado ltda 60 862 208 0001 41;;;TRUE;1;Polygonum punctatum;polygonum punctatum h.lév
56;Erva-de-bicho;REG:102660015;Polygonum punctatum;polygonum punctatum h.lév;133;Polygonum_punctatum__Polygonum_punctatum_H.Lév.xlsx;HEMORROIMED;;;REGISTRADO;102660015;25992.005360/75;FARMÁCIA E LABORATÓRIO HOMEOPÁTICO ALMEIDA PRADO LTDA - 60.862.208/0001-41;Inativo;06/2000;polygonum punctatum;incluido_alias_completo;Inativo;102660015;25992 005360 75;hemorroimed;farmacia e laboratorio homeopatico almeida prado ltda 60 862 208 0001 41;;;TRUE;1;Polygonum punctatum;polygonum punctatum h.lév
56;Erva-de-bicho;REG:102660051;Polygonum punctatum;polygonum punctatum h.lév;133;Polygonum_punctatum__Polygonum_punctatum_H.Lév.xlsx;COMPLEXO SENNA ALMEIDA PRADO Nº 46;COMPLEXO SENNA ALMEIDA PRADO 46;;REGISTRADO;102660051;25992.018898/70;FARMÁCIA E LABORATÓRIO HOMEOPÁTICO ALMEIDA PRADO LTDA - 60.862.208/0001-41;Inativo;06/2026;polygonum punctatum;incluido_alias_completo;Inativo;102660051;25992 018898 70;complexo senna almeida prado n 46;farmacia e laboratorio homeopatico almeida prado ltda 60 862 208 0001 41;;;TRUE;1;Polygonum punctatum;polygonum punctatum h.lév
56;Erva-de-bicho;REG:102660156;Polygonum punctatum;polygonum punctatum h.lév;133;Polygonum_punctatum__Polygonum_punctatum_H.Lév.xlsx;HEMORROIMED;;;REGISTRADO;102660156;25351.356734/2006-95;FARMÁCIA E LABORATÓRIO HOMEOPÁTICO ALMEIDA PRADO LTDA - 60.862.208/0001-41;Inativo;08/2027;polygonum punctatum;incluido_alias_completo;Inativo;102660156;25351 356734 2006 95;hemorroimed;farmacia e laboratorio homeopatico almeida prado ltda 60 862 208 0001 41;;2006;TRUE;1;Polygonum punctatum;polygonum punctatum h.lév
56;Erva-de-bicho;REG:102660172;Polygonum punctatum;polygonum punctatum h.lév;133;Polygonum_punctatum__Polygonum_punctatum_H.Lév.xlsx;COMPLEXO HOMEOPÁTICO AESCULUS ALMEIDA PRADO 20;;;REGISTRADO;102660172;25351.513838/2010-51;FARMÁCIA E LABORATÓRIO HOMEOPÁTICO ALMEIDA PRADO LTDA - 60.862.208/0001-41;Inativo;01/2027;polygonum punctatum;incluido_alias_completo;Inativo;102660172;25351 513838 2010 51;complexo homeopatico aesculus almeida prado 20;farmacia e laboratorio homeopatico almeida prado ltda 60 862 208 0001 41;;2010;TRUE;1;Polygonum punctatum;polygonum punctatum h.lév
56;Erva-de-bicho;REG:111990004;Polygonum acre;polygonum acre h.b.k.;130;Polygonum_acre__polygonum_acre_h.b.k.xlsx;CASTANHA DA ÍNDIA COMPOSTA;;aesculus hippocastanum l., smilax papiracea, polygonum acre h.b.k., rutina;REGISTRADO;111990004;25001.010933/79;MAKROFARMA QUIMICA FARMACEUTICA LTDA - 33.223.157/0001-35;Ativo;10/2027;polygonum acre;incluido_alias_completo;Ativo;111990004;25001 010933 79;castanha da india composta;makrofarma quimica farmaceutica ltda 33 223 157 0001 35;aesculus hippocastanum l smilax papiracea polygonum acre h b k rutina;;TRUE;1;Polygonum acre;polygonum acre h.b.k.
56;Erva-de-bicho;REG:111990032;Polygonum punctatum;polygonum punctatum elliot;132;Polygonum_punctatum__Polygonum_punctatum_Elliot.xlsx;VASTONIC;;AESCULUS HIPPOCASTANUM L., Polygonum punctatum Elliot, Smilax papyracea Duhamel., RUTOSÍDEO;REGISTRADO;111990032;25351.866302/2021-27;MAKROFARMA QUIMICA FARMACEUTICA LTDA - 33.223.157/0001-35;Ativo;12/2032;polygonum punctatum;incluido_alias_completo;Ativo;111990032;25351 866302 2021 27;vastonic;makrofarma quimica farmaceutica ltda 33 223 157 0001 35;aesculus hippocastanum l polygonum punctatum elliot smilax papyracea duhamel rutosideo;2021;TRUE;1;Polygonum punctatum;polygonum punctatum elliot
57;Espinheira-santa;REG:100770042;Maytenus ilicifolia;maytenus ilicifolia mart.ex.reiss;95;Maytenus_ilicifolia__MAYTENUS_ILICIFOLIA_MART.EX.REISS.xlsx;MAYTENUS COMPOSTO;;;REGISTRADO;100770042;25992.000112/71;CIBECOL INDUSTRIAL FARMACÊUTICA LTDA - 92.943.992/0001-09;Inativo;01/2005;maytenus ilicifolia;incluido_alias_completo;Inativo;100770042;25992 000112 71;maytenus composto;cibecol industrial farmaceutica ltda 92 943 992 0001 09;;;TRUE;1;Maytenus ilicifolia;maytenus ilicifolia mart.ex.reiss
57;Espinheira-santa;REG:100770049;Maytenus ilicifolia;maytenus ilicifolia mart.ex.reiss;95;Maytenus_ilicifolia__MAYTENUS_ILICIFOLIA_MART.EX.REISS.xlsx;ESPINHEIRA SANTA;;;REGISTRADO;100770049;25351.701630/2008-10;CIBECOL INDUSTRIAL FARMACÊUTICA LTDA - 92.943.992/0001-09;Inativo;09/2014;maytenus ilicifolia;incluido_alias_completo;Inativo;100770049;25351 701630 2008 10;espinheira santa;cibecol industrial farmaceutica ltda 92 943 992 0001 09;;2008;TRUE;1;Maytenus ilicifolia;maytenus ilicifolia mart.ex.reiss
57;Espinheira-santa;REG:104150038;Maytenus ilicifolia;maytenus ilicifolia mart.ex.reiss;95;Maytenus_ilicifolia__MAYTENUS_ILICIFOLIA_MART.EX.REISS.xlsx;STOMAX;;;REGISTRADO;104150038;25001.000500/84;LABORATORIO HANEMANIANA VERITAS LTDA - 33.790.981/0001-77;Inativo;03/2004;maytenus ilicifolia;incluido_alias_completo;Inativo;104150038;25001 000500 84;stomax;laboratorio hanemaniana veritas ltda 33 790 981 0001 77;;;TRUE;1;Maytenus ilicifolia;maytenus ilicifolia mart.ex.reiss
57;Espinheira-santa;REG:104730030;Maytenus ilicifolia;maytenus ilicifolia mart.ex.reiss;95;Maytenus_ilicifolia__MAYTENUS_ILICIFOLIA_MART.EX.REISS.xlsx;TINTURA DE ESPINHEIRA DIVINA COMPOSTA KLEIN;;;REGISTRADO;104730030;25991.010923/79;VIDORA FARMACÊUTICA LTDA - 92.762.277/0001-70;Inativo;07/2008;maytenus ilicifolia;incluido_alias_completo;Inativo;104730030;25991 010923 79;tintura de espinheira divina composta klein;vidora farmaceutica ltda 92 762 277 0001 70;;;TRUE;1;Maytenus ilicifolia;maytenus ilicifolia mart.ex.reiss
57;Espinheira-santa;REG:104730031;Monteverdia ilicifolia;monteverdia ilicifolia (mart. ex reissek) biral;106;Monteverdia_ilicifolia__monteverdia_ilicifolia_mart._ex_reissek_biral.xlsx;ESPINHEIRA SANTA;;monteverdia ilicifolia (mart. ex reissek) biral;REGISTRADO;104730031;25351.413143/2007-11;VIDORA FARMACÊUTICA LTDA - 92.762.277/0001-70;Ativo;12/2027;monteverdia ilicifolia;incluido_alias_completo;Ativo;104730031;25351 413143 2007 11;espinheira santa;vidora farmaceutica ltda 92 762 277 0001 70;monteverdia ilicifolia mart ex reissek biral;2007;TRUE;1;Monteverdia ilicifolia;monteverdia ilicifolia (mart. ex reissek) biral
57;Espinheira-santa;REG:104730038;Maytenus ilicifolia;maytenus ilicifolia mart.ex.reiss;95;Maytenus_ilicifolia__MAYTENUS_ILICIFOLIA_MART.EX.REISS.xlsx;TINTURA DE ESPINHEIRA DIVINA COMPOSTA;;MAYTENUS ILICIFOLIA MART.EX.REISS, MONTEVERDIA ILICIFOLIA (MART. EX REISSEK) BIRAL, JATEORHIZA PALMATA (LAM.) MIERS;REGISTRADO;104730038;25351.621770/2009-92;VIDORA FARMACÊUTICA LTDA - 92.762.277/0001-70;Ativo;11/2035;maytenus ilicifolia;incluido_alias_completo;Ativo;104730038;25351 621770 2009 92;tintura de espinheira divina composta;vidora farmaceutica ltda 92 762 277 0001 70;maytenus ilicifolia mart ex reiss monteverdia ilicifolia mart ex reissek biral jateorhiza palmata lam miers;2009;TRUE;2;Maytenus ilicifolia | Monteverdia ilicifolia;maytenus ilicifolia mart.ex.reiss | monteverdia ilicifolia (mart. ex reissek) biral
57;Espinheira-santa;REG:105110015;Maytenus ilicifolia;maytenus ilicifolia mart.ex.reiss;95;Maytenus_ilicifolia__MAYTENUS_ILICIFOLIA_MART.EX.REISS.xlsx;ESPINHEIRA SANTA;;;REGISTRADO;105110015;25001.018730/85;LABORATORIOS REUNIDOS PARANA LTDA - 76.487.198/0001-41;Inativo;01/2005;maytenus ilicifolia;incluido_alias_completo;Inativo;105110015;25001 018730 85;espinheira santa;laboratorios reunidos parana ltda 76 487 198 0001 41;;;TRUE;1;Maytenus ilicifolia;maytenus ilicifolia mart.ex.reiss
57;Espinheira-santa;REG:105290013;Maytenus ilicifolia;maytenus ilicifolia mart.ex.reiss;95;Maytenus_ilicifolia__MAYTENUS_ILICIFOLIA_MART.EX.REISS.xlsx;DISPESAN;;;REGISTRADO;105290013;25351.196763/2002-68;EASELABS LABORATORIO FARMACEUTICO LTDA. - 17.299.140/0001-05;Inativo;01/2008;maytenus ilicifolia;incluido_alias_completo;Inativo;105290013;25351 196763 2002 68;dispesan;easelabs laboratorio farmaceutico ltda 17 299 140 0001 05;;2002;TRUE;1;Maytenus ilicifolia;maytenus ilicifolia mart.ex.reiss
57;Espinheira-santa;REG:106240233;Maytenus ilicifolia;maytenus ilicifolia mart.ex.reiss;95;Maytenus_ilicifolia__MAYTENUS_ILICIFOLIA_MART.EX.REISS.xlsx;ESPIMIL;;;REGISTRADO;106240233;25351.046599/2004-19;INDÚSTRIA FARMACÊUTICA MILIAN LTDA - 29.333.218/0001-40;Inativo;01/2010;maytenus ilicifolia;incluido_alias_completo;Inativo;106240233;25351 046599 2004 19;espimil;industria farmaceutica milian ltda 29 333 218 0001 40;;2004;TRUE;1;Maytenus ilicifolia;maytenus ilicifolia mart.ex.reiss
57;Espinheira-santa;REG:116780005;Maytenus ilicifolia;maytenus ilicifolia mart.ex.reiss;95;Maytenus_ilicifolia__MAYTENUS_ILICIFOLIA_MART.EX.REISS.xlsx;ESPINHEIRA SANTA EC;;;REGISTRADO;116780005;25351.424432/2006-57;AS ERVAS CURAM INDUSTRIA FARMACEUTICA LTDA - 79.634.572/0001-82;Inativo;12/2012;maytenus ilicifolia;incluido_alias_completo;Inativo;116780005;25351 424432 2006 57;espinheira santa ec;as ervas curam industria farmaceutica ltda 79 634 572 0001 82;;2006;TRUE;1;Maytenus ilicifolia;maytenus ilicifolia mart.ex.reiss
57;Espinheira-santa;REG:116780018;Monteverdia ilicifolia;monteverdia ilicifolia (mart. ex reissek) biral;106;Monteverdia_ilicifolia__monteverdia_ilicifolia_mart._ex_reissek_biral.xlsx;GASTROPLANTAS;;;REGISTRADO;116780018;25351.010355/2010-50;AS ERVAS CURAM INDUSTRIA FARMACEUTICA LTDA - 79.634.572/0001-82;Inativo;03/2016;monteverdia ilicifolia;incluido_alias_completo;Inativo;116780018;25351 010355 2010 50;gastroplantas;as ervas curam industria farmaceutica ltda 79 634 572 0001 82;;2010;TRUE;1;Monteverdia ilicifolia;monteverdia ilicifolia (mart. ex reissek) biral
57;Espinheira-santa;REG:117170061;Maytenus ilicifolia;maytenus ilicifolia mart.ex.reiss;95;Maytenus_ilicifolia__MAYTENUS_ILICIFOLIA_MART.EX.REISS.xlsx;GASTRONAN;;;REGISTRADO;117170061;25351.324573/2005-90;PHARMASCIENCE INDUSTRIA FARMACEUTICA S.A - 25.773.037/0001-83;Inativo;11/2025;maytenus ilicifolia;incluido_alias_completo;Inativo;117170061;25351 324573 2005 90;gastronan;pharmascience industria farmaceutica s a 25 773 037 0001 83;;2005;TRUE;2;Maytenus ilicifolia | Monteverdia ilicifolia;maytenus ilicifolia mart.ex.reiss | monteverdia ilicifolia (mart. ex reissek) biral
57;Espinheira-santa;REG:118600043;Monteverdia ilicifolia;monteverdia ilicifolia (mart. ex reissek) biral;106;Monteverdia_ilicifolia__monteverdia_ilicifolia_mart._ex_reissek_biral.xlsx;ESPINHEIRA SANTA HERBARIUM;;monteverdia ilicifolia (mart. ex reissek) biral;REGISTRADO;118600043;25351.221599/2002-34;HERBARIUM LABORATORIO BOTANICO LTDA - 78.950.011/0001-20;Ativo;06/2028;monteverdia ilicifolia;incluido_alias_completo;Ativo;118600043;25351 221599 2002 34;espinheira santa herbarium;herbarium laboratorio botanico ltda 78 950 011 0001 20;monteverdia ilicifolia mart ex reissek biral;2002;TRUE;1;Monteverdia ilicifolia;monteverdia ilicifolia (mart. ex reissek) biral
57;Espinheira-santa;REG:118610241;Maytenus ilicifolia;maytenus ilicifolia mart.ex.reiss;95;Maytenus_ilicifolia__MAYTENUS_ILICIFOLIA_MART.EX.REISS.xlsx;MAYTEN;;;REGISTRADO;118610241;25351.152073/2005-40;ATIVUS FARMACÊUTICA LTDA - 64.088.172/0001-41;Inativo;09/2015;maytenus ilicifolia;incluido_alias_completo;Inativo;118610241;25351 152073 2005 40;mayten;ativus farmaceutica ltda 64 088 172 0001 41;;2005;TRUE;1;Maytenus ilicifolia;maytenus ilicifolia mart.ex.reiss
57;Espinheira-santa;REG:120090014;Monteverdia ilicifolia;monteverdia ilicifolia (mart. ex reissek) biral;106;Monteverdia_ilicifolia__monteverdia_ilicifolia_mart._ex_reissek_biral.xlsx;GASTRILESS BIONATUS;;;REGISTRADO;120090014;25000.001332/93-23;BIONATUS LABORATÓRIO BOTÂNICO LTDA - 68.032.192/0001-51;Inativo;09/2016;monteverdia ilicifolia;incluido_alias_completo;Inativo;120090014;25000 001332 93 23;gastriless bionatus;bionatus laboratorio botanico ltda 68 032 192 0001 51;;;TRUE;1;Monteverdia ilicifolia;monteverdia ilicifolia (mart. ex reissek) biral
57;Espinheira-santa;REG:120090036;Monteverdia ilicifolia;monteverdia ilicifolia (mart. ex reissek) biral;106;Monteverdia_ilicifolia__monteverdia_ilicifolia_mart._ex_reissek_biral.xlsx;GASTRILESS;;monteverdia ilicifolia (mart. ex reissek) biral;REGISTRADO;120090036;25351.628876/2021-07;BIONATUS LABORATÓRIO BOTÂNICO LTDA - 68.032.192/0001-51;Ativo;07/2033;monteverdia ilicifolia;incluido_alias_completo;Ativo;120090036;25351 628876 2021 07;gastriless;bionatus laboratorio botanico ltda 68 032 192 0001 51;monteverdia ilicifolia mart ex reissek biral;2021;TRUE;1;Monteverdia ilicifolia;monteverdia ilicifolia (mart. ex reissek) biral
57;Espinheira-santa;REG:121070007;Monteverdia ilicifolia;monteverdia ilicifolia (mart. ex reissek) biral;106;Monteverdia_ilicifolia__monteverdia_ilicifolia_mart._ex_reissek_biral.xlsx;GASTROSIL;;;REGISTRADO;121070007;25351.016852/2004-00;APIS FLORA INDUSTRIAL  E COMERCIAL LTDA - 49.345.358/0001-45;Inativo;05/2030;monteverdia ilicifolia;incluido_alias_completo;Inativo;121070007;25351 016852 2004 00;gastrosil;apis flora industrial e comercial ltda 49 345 358 0001 45;;2004;TRUE;1;Monteverdia ilicifolia;monteverdia ilicifolia (mart. ex reissek) biral
57;Espinheira-santa;REG:123970036;Maytenus ilicifolia;maytenus ilicifolia mart.ex.reiss;95;Maytenus_ilicifolia__MAYTENUS_ILICIFOLIA_MART.EX.REISS.xlsx;ESPINHEIRA SANTA ORIENT;;;REGISTRADO;123970036;25351.267293/2006-58;ORIENT MIX FITOTERÁPICOS DO BRASIL LTDA. - 73.657.876/0001-89;Inativo;09/2029;maytenus ilicifolia;incluido_alias_completo;Inativo;123970036;25351 267293 2006 58;espinheira santa orient;orient mix fitoterapicos do brasil ltda 73 657 876 0001 89;;2006;TRUE;1;Maytenus ilicifolia;maytenus ilicifolia mart.ex.reiss
57;Espinheira-santa;REG:136390036;Maytenus ilicifolia;maytenus ilicifolia mart.ex.reiss;95;Maytenus_ilicifolia__MAYTENUS_ILICIFOLIA_MART.EX.REISS.xlsx;GASTROFIM;;;REGISTRADO;136390036;25351.143489/2009-00;PRONATUS DO AMAZ.IND. COM. PROD. FARM. COSM. LTDA - 14.186.324/0001-70;Inativo;02/2015;maytenus ilicifolia;incluido_alias_completo;Inativo;136390036;25351 143489 2009 00;gastrofim;pronatus do amaz ind com prod farm cosm ltda 14 186 324 0001 70;;2009;TRUE;1;Maytenus ilicifolia;maytenus ilicifolia mart.ex.reiss
57;Espinheira-santa;REG:137070010;Maytenus ilicifolia;maytenus ilicifolia mart.ex.reiss;95;Maytenus_ilicifolia__MAYTENUS_ILICIFOLIA_MART.EX.REISS.xlsx;ESPINHEIRA SANTA FL MEDICINAL;ESPINHEIRA  SANTA FLORA MEDICINAL;;REGISTRADO;137070010;25351.024051/00-88;FLORA MEDICINAL J. MONTEIRO DA SILVA LTDA - 02.007.074/0001-85;Inativo;06/2006;maytenus ilicifolia;incluido_alias_completo;Inativo;137070010;25351 024051 00 88;espinheira santa fl medicinal;flora medicinal j monteiro da silva ltda 02 007 074 0001 85;;;TRUE;1;Maytenus ilicifolia;maytenus ilicifolia mart.ex.reiss
57;Espinheira-santa;REG:138100032;Maytenus ilicifolia;maytenus ilicifolia mart.ex.reiss;95;Maytenus_ilicifolia__MAYTENUS_ILICIFOLIA_MART.EX.REISS.xlsx;GASTROHERB;;;REGISTRADO;138100032;25351.477019/2005-12;LABORATORIO QUIMICO FARMACEUTICO TIARAJU LTDA. - 94.022.654/0001-60;Inativo;03/2016;maytenus ilicifolia;incluido_alias_completo;Inativo;138100032;25351 477019 2005 12;gastroherb;laboratorio quimico farmaceutico tiaraju ltda 94 022 654 0001 60;;2005;TRUE;1;Maytenus ilicifolia;maytenus ilicifolia mart.ex.reiss
57;Espinheira-santa;REG:138410053;Monteverdia ilicifolia;monteverdia ilicifolia (mart. ex reissek) biral;106;Monteverdia_ilicifolia__monteverdia_ilicifolia_mart._ex_reissek_biral.xlsx;ESPINHEIRA SANTA NATULAB;;monteverdia ilicifolia (mart. ex reissek) biral;REGISTRADO;138410053;25351.096103/2012-43;NATULAB LABORATORIO S.A - 02.456.955/0001-83;Ativo;04/2028;monteverdia ilicifolia;incluido_alias_completo;Ativo;138410053;25351 096103 2012 43;espinheira santa natulab;natulab laboratorio s a 02 456 955 0001 83;monteverdia ilicifolia mart ex reissek biral;2012;TRUE;1;Monteverdia ilicifolia;monteverdia ilicifolia (mart. ex reissek) biral
57;Espinheira-santa;REG:144930046;Monteverdia ilicifolia;monteverdia ilicifolia (mart. ex reissek) biral;106;Monteverdia_ilicifolia__monteverdia_ilicifolia_mart._ex_reissek_biral.xlsx;ULCERAZINE;;;REGISTRADO;144930046;25351.000354/2004-37;AIRELA INDÚSTRIA FARMACÊUTICA LTDA. - 01.858.973/0001-29;Inativo;05/2029;monteverdia ilicifolia;incluido_alias_completo;Inativo;144930046;25351 000354 2004 37;ulcerazine;airela industria farmaceutica ltda 01 858 973 0001 29;;2004;TRUE;1;Monteverdia ilicifolia;monteverdia ilicifolia (mart. ex reissek) biral
57;Espinheira-santa;REG:145010011;Maytenus ilicifolia;maytenus ilicifolia mart.ex.reiss;95;Maytenus_ilicifolia__MAYTENUS_ILICIFOLIA_MART.EX.REISS.xlsx;ESPINHEIRA-SANTA BRASMED;;;REGISTRADO;145010011;25351.062563/2003-93;BRASMED BOTÂNICA E FARMACÊUTICA LTDA - 00.660.703/0001-46;Inativo;09/2009;maytenus ilicifolia;incluido_alias_completo;Inativo;145010011;25351 062563 2003 93;espinheira santa brasmed;brasmed botanica e farmaceutica ltda 00 660 703 0001 46;;2003;TRUE;1;Maytenus ilicifolia;maytenus ilicifolia mart.ex.reiss
57;Espinheira-santa;REG:154000043;Maytenus ilicifolia;maytenus ilicifolia mart.ex.reiss;95;Maytenus_ilicifolia__MAYTENUS_ILICIFOLIA_MART.EX.REISS.xlsx;GASTRINON;;MAYTENUS ILICIFOLIA MART.EX.REISS, MONTEVERDIA ILICIFOLIA (MART. EX REISSEK) BIRAL;REGISTRADO;154000043;25351.000557/2003-42;LABORATÓRIO VITALAB LTDA - 56.646.953/0001-86;Ativo;09/2029;maytenus ilicifolia;incluido_alias_completo;Ativo;154000043;25351 000557 2003 42;gastrinon;laboratorio vitalab ltda 56 646 953 0001 86;maytenus ilicifolia mart ex reiss monteverdia ilicifolia mart ex reissek biral;2003;TRUE;2;Maytenus ilicifolia | Monteverdia ilicifolia;maytenus ilicifolia mart.ex.reiss | monteverdia ilicifolia (mart. ex reissek) biral
57;Espinheira-santa;REG:154000049;Maytenus ilicifolia;maytenus ilicifolia mart.ex.reiss;95;Maytenus_ilicifolia__MAYTENUS_ILICIFOLIA_MART.EX.REISS.xlsx;BOLDO COMPOSTO;;;REGISTRADO;154000049;25351.429335/2005-70;LABORATÓRIO VITALAB LTDA - 56.646.953/0001-86;Inativo;06/2011;maytenus ilicifolia;incluido_alias_completo;Inativo;154000049;25351 429335 2005 70;boldo composto;laboratorio vitalab ltda 56 646 953 0001 86;;2005;TRUE;1;Maytenus ilicifolia;maytenus ilicifolia mart.ex.reiss
57;Espinheira-santa;REG:155590010;Maytenus ilicifolia;maytenus ilicifolia mart.ex.reiss;95;Maytenus_ilicifolia__MAYTENUS_ILICIFOLIA_MART.EX.REISS.xlsx;ESPINHEIRA SANTA FLORA MEDICINAL;;;REGISTRADO;155590010;25351.011541/2004-46;INDUSTRIA E COMERCIO DE COSMETICOS NATURA LTDA - 00.190.373/0001-72;Inativo;06/2006;maytenus ilicifolia;incluido_alias_completo;Inativo;155590010;25351 011541 2004 46;espinheira santa flora medicinal;industria e comercio de cosmeticos natura ltda 00 190 373 0001 72;;2004;TRUE;1;Maytenus ilicifolia;maytenus ilicifolia mart.ex.reiss
58;Espinheiro-branco / Pirliteiro / Cratego/ Carapeteiro;REG:100660043;crataegus rhipidophylla;crataegus rhipidophylla gand.;257;crataegus_rhipidophylla__crataegus_rhipidophylla_gand.xlsx;PHYTOCALM;;;REGISTRADO;100660043;25992.026222/75;LABORATORIO CATARINENSE LTDA - 84.684.620/0001-87;Inativo;09/2006;crataegus rhipidophylla;incluido_alias_completo;Inativo;100660043;25992 026222 75;phytocalm;laboratorio catarinense ltda 84 684 620 0001 87;;;TRUE;1;crataegus rhipidophylla;crataegus rhipidophylla gand.
58;Espinheiro-branco / Pirliteiro / Cratego/ Carapeteiro;REG:101550098;crataegus rhipidophylla;crataegus rhipidophylla gand.;257;crataegus_rhipidophylla__crataegus_rhipidophylla_gand.xlsx;PASALIX;;passiflora incarnata l., salix alba l., crataegus rhipidophylla gand.;REGISTRADO;101550098;25001.007471/87;MARJAN INDÚSTRIA E COMÉRCIO LTDA - 60.726.692/0001-81;Ativo;05/2030;crataegus rhipidophylla;incluido_alias_completo;Ativo;101550098;25001 007471 87;pasalix;marjan industria e comercio ltda 60 726 692 0001 81;passiflora incarnata l salix alba l crataegus rhipidophylla gand;;TRUE;1;crataegus rhipidophylla;crataegus rhipidophylla gand.
58;Espinheiro-branco / Pirliteiro / Cratego/ Carapeteiro;REG:102030019;crataegus rhipidophylla;crataegus rhipidophylla gand.;257;crataegus_rhipidophylla__crataegus_rhipidophylla_gand.xlsx;PASSIFLORA COMPOSTA;;;REGISTRADO;102030019;25001.009953/82;INFABRA INDUSTRIA FARMACEUTICA BRASILEIRA LTDA - 42.341.149/0001-84;Inativo;09/2003;crataegus rhipidophylla;incluido_alias_completo;Inativo;102030019;25001 009953 82;passiflora composta;infabra industria farmaceutica brasileira ltda 42 341 149 0001 84;;;TRUE;1;crataegus rhipidophylla;crataegus rhipidophylla gand.
58;Espinheiro-branco / Pirliteiro / Cratego/ Carapeteiro;REG:102350298;crataegus rhipidophylla;crataegus rhipidophylla gand.;257;crataegus_rhipidophylla__crataegus_rhipidophylla_gand.xlsx;SOMINEX;;;REGISTRADO;102350298;25001.009175/85;EMS S/A - 57.507.378/0003-65;Inativo;02/2006;crataegus rhipidophylla;incluido_alias_completo;Inativo;102350298;25001 009175 85;sominex;ems s a 57 507 378 0003 65;;;TRUE;1;crataegus rhipidophylla;crataegus rhipidophylla gand.
58;Espinheiro-branco / Pirliteiro / Cratego/ Carapeteiro;REG:102351035;crataegus rhipidophylla;crataegus rhipidophylla gand.;257;crataegus_rhipidophylla__crataegus_rhipidophylla_gand.xlsx;SOMINEX COMPOSTO;;;REGISTRADO;102351035;25351.689510/2009-17;EMS S/A - 57.507.378/0003-65;Inativo;06/2016;crataegus rhipidophylla;incluido_alias_completo;Inativo;102351035;25351 689510 2009 17;sominex composto;ems s a 57 507 378 0003 65;;2009;TRUE;1;crataegus rhipidophylla;crataegus rhipidophylla gand.
58;Espinheiro-branco / Pirliteiro / Cratego/ Carapeteiro;REG:102351343;crataegus rhipidophylla;crataegus rhipidophylla gand.;257;crataegus_rhipidophylla__crataegus_rhipidophylla_gand.xlsx;SOMINEX COMPOSTO;;valeriana officinalis l., crataegus rhipidophylla gand., passiflora incarnata l.;REGISTRADO;102351343;25351.367681/2018-71;EMS S/A - 57.507.378/0003-65;Ativo;04/2030;crataegus rhipidophylla;incluido_alias_completo;Ativo;102351343;25351 367681 2018 71;sominex composto;ems s a 57 507 378 0003 65;valeriana officinalis l crataegus rhipidophylla gand passiflora incarnata l;2018;TRUE;1;crataegus rhipidophylla;crataegus rhipidophylla gand.
58;Espinheiro-branco / Pirliteiro / Cratego/ Carapeteiro;REG:102470029;crataegus rhipidophylla;crataegus rhipidophylla gand.;257;crataegus_rhipidophylla__crataegus_rhipidophylla_gand.xlsx;HIDRATAEGUS;;;REGISTRADO;102470029;25992.012134/74;HOMEOPATIA WALDEMIRO PEREIRA LABORATORIO INDUSTRIAL FARMACEUTICO LTDA - 76.440.528/0001-43;Inativo;02/2005;crataegus rhipidophylla;incluido_alias_completo;Inativo;102470029;25992 012134 74;hidrataegus;homeopatia waldemiro pereira laboratorio industrial farmaceutico ltda 76 440 528 0001 43;;;TRUE;1;crataegus rhipidophylla;crataegus rhipidophylla gand.
58;Espinheiro-branco / Pirliteiro / Cratego/ Carapeteiro;REG:102470053;crataegus rhipidophylla;crataegus rhipidophylla gand.;257;crataegus_rhipidophylla__crataegus_rhipidophylla_gand.xlsx;CARDIOPAX GOTAS;;;REGISTRADO;102470053;25001.021329/84;HOMEOPATIA WALDEMIRO PEREIRA LABORATORIO INDUSTRIAL FARMACEUTICO LTDA - 76.440.528/0001-43;Inativo;01/2020;crataegus rhipidophylla;incluido_alias_completo;Inativo;102470053;25001 021329 84;cardiopax gotas;homeopatia waldemiro pereira laboratorio industrial farmaceutico ltda 76 440 528 0001 43;;;TRUE;1;crataegus rhipidophylla;crataegus rhipidophylla gand.
58;Espinheiro-branco / Pirliteiro / Cratego/ Carapeteiro;REG:102980331;crataegus rhipidophylla;crataegus rhipidophylla gand.;257;crataegus_rhipidophylla__crataegus_rhipidophylla_gand.xlsx;PASIC;;;REGISTRADO;102980331;25351.020698/2003-81;CRISTÁLIA PRODUTOS QUÍMICOS FARMACÊUTICOS LTDA. - 44.734.671/0001-51;Inativo;09/2008;crataegus rhipidophylla;incluido_alias_completo;Inativo;102980331;25351 020698 2003 81;pasic;cristalia produtos quimicos farmaceuticos ltda 44 734 671 0001 51;;2003;TRUE;1;crataegus rhipidophylla;crataegus rhipidophylla gand.
58;Espinheiro-branco / Pirliteiro / Cratego/ Carapeteiro;REG:103970024;crataegus rhipidophylla;crataegus rhipidophylla gand.;257;crataegus_rhipidophylla__crataegus_rhipidophylla_gand.xlsx;PASSIFLORINE;;;REGISTRADO;103970024;25991.001085/80;PRODUTOS FARMACÊUTICOS MILLET ROUX - 33.388.182/0001-79;Inativo;06/2006;crataegus rhipidophylla;incluido_alias_completo;Inativo;103970024;25991 001085 80;passiflorine;produtos farmaceuticos millet roux 33 388 182 0001 79;;;TRUE;1;crataegus rhipidophylla;crataegus rhipidophylla gand.
58;Espinheiro-branco / Pirliteiro / Cratego/ Carapeteiro;REG:104760010;crataegus rhipidophylla;crataegus rhipidophylla gand.;257;crataegus_rhipidophylla__crataegus_rhipidophylla_gand.xlsx;CARDIOSETYL;;;REGISTRADO;104760010;25991.001927/77;LABORATORIO QUIMICO FARMACEUTICO BARROS LTDA - 21.573.449/0001-19;Inativo;04/2004;crataegus rhipidophylla;incluido_alias_completo;Inativo;104760010;25991 001927 77;cardiosetyl;laboratorio quimico farmaceutico barros ltda 21 573 449 0001 19;;;TRUE;1;crataegus rhipidophylla;crataegus rhipidophylla gand.
58;Espinheiro-branco / Pirliteiro / Cratego/ Carapeteiro;REG:105770174;crataegus rhipidophylla;crataegus rhipidophylla gand.;257;crataegus_rhipidophylla__crataegus_rhipidophylla_gand.xlsx;CALMIPLAN;;;REGISTRADO;105770174;25351.005572/01-44;LABORATIL FARMACEUTICA LTDA - 47.100.862/0001-50;Inativo;10/2006;crataegus rhipidophylla;incluido_alias_completo;Inativo;105770174;25351 005572 01 44;calmiplan;laboratil farmaceutica ltda 47 100 862 0001 50;;;TRUE;1;crataegus rhipidophylla;crataegus rhipidophylla gand.
58;Espinheiro-branco / Pirliteiro / Cratego/ Carapeteiro;REG:105830124;crataegus rhipidophylla;crataegus rhipidophylla gand.;257;crataegus_rhipidophylla__crataegus_rhipidophylla_gand.xlsx;MARACUJA CONCENTRIX;;;REGISTRADO;105830124;25000.001066/88;GERMED FARMACEUTICA LTDA - 45.992.062/0001-65;Inativo;08/2015;crataegus rhipidophylla;incluido_alias_completo;Inativo;105830124;25000 001066 88;maracuja concentrix;germed farmaceutica ltda 45 992 062 0001 65;;;TRUE;1;crataegus rhipidophylla;crataegus rhipidophylla gand.
58;Espinheiro-branco / Pirliteiro / Cratego/ Carapeteiro;REG:109740168;crataegus rhipidophylla;crataegus rhipidophylla gand.;257;crataegus_rhipidophylla__crataegus_rhipidophylla_gand.xlsx;SERENUS;;crataegus rhipidophylla gand., passiflora incarnata l., salix alba l.;REGISTRADO;109740168;25351.213567/2002-65;BIOLAB SANUS FARMACÊUTICA LTDA - 49.475.833/0001-06;Ativo;12/2027;crataegus rhipidophylla;incluido_alias_completo;Ativo;109740168;25351 213567 2002 65;serenus;biolab sanus farmaceutica ltda 49 475 833 0001 06;crataegus rhipidophylla gand passiflora incarnata l salix alba l;2002;TRUE;1;crataegus rhipidophylla;crataegus rhipidophylla gand.
58;Espinheiro-branco / Pirliteiro / Cratego/ Carapeteiro;REG:109740197;crataegus rhipidophylla;crataegus rhipidophylla gand.;257;crataegus_rhipidophylla__crataegus_rhipidophylla_gand.xlsx;NUIT;;;REGISTRADO;109740197;25351.418738/2005-93;BIOLAB SANUS FARMACÊUTICA LTDA - 49.475.833/0001-06;Inativo;07/2006;crataegus rhipidophylla;incluido_alias_completo;Inativo;109740197;25351 418738 2005 93;nuit;biolab sanus farmaceutica ltda 49 475 833 0001 06;;2005;TRUE;1;crataegus rhipidophylla;crataegus rhipidophylla gand.
58;Espinheiro-branco / Pirliteiro / Cratego/ Carapeteiro;REG:118190216;crataegus rhipidophylla;crataegus rhipidophylla gand.;257;crataegus_rhipidophylla__crataegus_rhipidophylla_gand.xlsx;ACALMILFITO;;valeriana officinalis l., crataegus rhipidophylla gand., passiflora incarnata l.;REGISTRADO;118190216;25351.963576/2020-82;MULTILAB INDUSTRIA E COMERCIO DE PRODUTOS FARMACEUTICOS LTDA - 92.265.552/0009-05;Ativo;03/2031;crataegus rhipidophylla;incluido_alias_completo;Ativo;118190216;25351 963576 2020 82;acalmilfito;multilab industria e comercio de produtos farmaceuticos ltda 92 265 552 0009 05;valeriana officinalis l crataegus rhipidophylla gand passiflora incarnata l;2020;TRUE;1;crataegus rhipidophylla;crataegus rhipidophylla gand.
58;Espinheiro-branco / Pirliteiro / Cratego/ Carapeteiro;REG:118600006;crataegus rhipidophylla;crataegus rhipidophylla gand.;257;crataegus_rhipidophylla__crataegus_rhipidophylla_gand.xlsx;CRATAEGUS;;;REGISTRADO;118600006;25023.220374/96;HERBARIUM LABORATORIO BOTANICO LTDA - 78.950.011/0001-20;Inativo;08/2006;crataegus rhipidophylla;incluido_alias_completo;Inativo;118600006;25023 220374 96;crataegus;herbarium laboratorio botanico ltda 78 950 011 0001 20;;;TRUE;1;crataegus rhipidophylla;crataegus rhipidophylla gand.
58;Espinheiro-branco / Pirliteiro / Cratego/ Carapeteiro;REG:118610017;crataegus rhipidophylla;crataegus rhipidophylla gand.;257;crataegus_rhipidophylla__crataegus_rhipidophylla_gand.xlsx;CALMAN;;;REGISTRADO;118610017;25992.005568/53;ATIVUS FARMACÊUTICA LTDA - 64.088.172/0001-41;Inativo;10/2019;crataegus rhipidophylla;incluido_alias_completo;Inativo;118610017;25992 005568 53;calman;ativus farmaceutica ltda 64 088 172 0001 41;;;TRUE;1;crataegus rhipidophylla;crataegus rhipidophylla gand.
58;Espinheiro-branco / Pirliteiro / Cratego/ Carapeteiro;REG:118610098;crataegus rhipidophylla;crataegus rhipidophylla gand.;257;crataegus_rhipidophylla__crataegus_rhipidophylla_gand.xlsx;DEKATIN;;;REGISTRADO;118610098;25351.008661/01-89;ATIVUS FARMACÊUTICA LTDA - 64.088.172/0001-41;Inativo;10/2011;crataegus rhipidophylla;incluido_alias_completo;Inativo;118610098;25351 008661 01 89;dekatin;ativus farmaceutica ltda 64 088 172 0001 41;;;TRUE;1;crataegus rhipidophylla;crataegus rhipidophylla gand.
58;Espinheiro-branco / Pirliteiro / Cratego/ Carapeteiro;REG:118610107;crataegus rhipidophylla;crataegus rhipidophylla gand.;257;crataegus_rhipidophylla__crataegus_rhipidophylla_gand.xlsx;FLORINY;;;REGISTRADO;118610107;25351.025343/01-18;ATIVUS FARMACÊUTICA LTDA - 64.088.172/0001-41;Inativo;05/2012;crataegus rhipidophylla;incluido_alias_completo;Inativo;118610107;25351 025343 01 18;floriny;ativus farmaceutica ltda 64 088 172 0001 41;;;TRUE;1;crataegus rhipidophylla;crataegus rhipidophylla gand.
58;Espinheiro-branco / Pirliteiro / Cratego/ Carapeteiro;REG:122830011;crataegus rhipidophylla;crataegus rhipidophylla gand.;257;crataegus_rhipidophylla__crataegus_rhipidophylla_gand.xlsx;SEDANUS;;;REGISTRADO;122830011;25991.004257/81;DM INDÚSTRIA FARMACÊUTICA LTDA - 67.866.665/0002-34;Inativo;09/2002;crataegus rhipidophylla;incluido_alias_completo;Inativo;122830011;25991 004257 81;sedanus;dm industria farmaceutica ltda 67 866 665 0002 34;;;TRUE;1;crataegus rhipidophylla;crataegus rhipidophylla gand.
58;Espinheiro-branco / Pirliteiro / Cratego/ Carapeteiro;REG:122830100;crataegus rhipidophylla;crataegus rhipidophylla gand.;257;crataegus_rhipidophylla__crataegus_rhipidophylla_gand.xlsx;MARACUGINA COMPOSTA;;;REGISTRADO;122830100;25001.025729/84;DM INDÚSTRIA FARMACÊUTICA LTDA - 67.866.665/0002-34;Inativo;10/2012;crataegus rhipidophylla;incluido_alias_completo;Inativo;122830100;25001 025729 84;maracugina composta;dm industria farmaceutica ltda 67 866 665 0002 34;;;TRUE;1;crataegus rhipidophylla;crataegus rhipidophylla gand.
58;Espinheiro-branco / Pirliteiro / Cratego/ Carapeteiro;REG:123960007;crataegus rhipidophylla;crataegus rhipidophylla gand.;257;crataegus_rhipidophylla__crataegus_rhipidophylla_gand.xlsx;CORORELL;;;REGISTRADO;123960007;25351.004126/01-11;KUR HOTEL - CLÍNICA GRAMADO LTDA - 87.210.084/0001-76;Inativo;04/2007;crataegus rhipidophylla;incluido_alias_completo;Inativo;123960007;25351 004126 01 11;cororell;kur hotel clinica gramado ltda 87 210 084 0001 76;;;TRUE;1;crataegus rhipidophylla;crataegus rhipidophylla gand.
58;Espinheiro-branco / Pirliteiro / Cratego/ Carapeteiro;REG:123970019;crataegus rhipidophylla;crataegus rhipidophylla gand.;257;crataegus_rhipidophylla__crataegus_rhipidophylla_gand.xlsx;CRATAEGUS ORIENT;;;REGISTRADO;123970019;25351.199060/2002-91;ORIENT MIX FITOTERÁPICOS DO BRASIL LTDA. - 73.657.876/0001-89;Inativo;06/2008;crataegus rhipidophylla;incluido_alias_completo;Inativo;123970019;25351 199060 2002 91;crataegus orient;orient mix fitoterapicos do brasil ltda 73 657 876 0001 89;;2002;TRUE;1;crataegus rhipidophylla;crataegus rhipidophylla gand.
58;Espinheiro-branco / Pirliteiro / Cratego/ Carapeteiro;REG:128420023;crataegus rhipidophylla;crataegus rhipidophylla gand.;257;crataegus_rhipidophylla__crataegus_rhipidophylla_gand.xlsx;CRALONIN GOTAS ORAIS;CRALONIN;;REGISTRADO;128420023;25000.018602/98-95;PROBIOS COMÉRCIO IMPORTAÇÃO E EXPORTAÇÃO LTDA - 74.455.197/0001-90;Inativo;07/2007;crataegus rhipidophylla;incluido_alias_completo;Inativo;128420023;25000 018602 98 95;cralonin gotas orais;probios comercio importacao e exportacao ltda 74 455 197 0001 90;;;TRUE;1;crataegus rhipidophylla;crataegus rhipidophylla gand.
58;Espinheiro-branco / Pirliteiro / Cratego/ Carapeteiro;REG:128420045;crataegus rhipidophylla;crataegus rhipidophylla gand.;257;crataegus_rhipidophylla__crataegus_rhipidophylla_gand.xlsx;VALERIANAHEEL;;;REGISTRADO;128420045;25000.005329/98-75;PROBIOS COMÉRCIO IMPORTAÇÃO E EXPORTAÇÃO LTDA - 74.455.197/0001-90;Inativo;01/2008;crataegus rhipidophylla;incluido_alias_completo;Inativo;128420045;25000 005329 98 75;valerianaheel;probios comercio importacao e exportacao ltda 74 455 197 0001 90;;;TRUE;1;crataegus rhipidophylla;crataegus rhipidophylla gand.
58;Espinheiro-branco / Pirliteiro / Cratego/ Carapeteiro;REG:137070011;crataegus rhipidophylla;crataegus rhipidophylla gand.;257;crataegus_rhipidophylla__crataegus_rhipidophylla_gand.xlsx;CRATAEGUS FLORA MEDICINAL;;;REGISTRADO;137070011;25351.025295/00-88;FLORA MEDICINAL J. MONTEIRO DA SILVA LTDA - 02.007.074/0001-85;Inativo;06/2006;crataegus rhipidophylla;incluido_alias_completo;Inativo;137070011;25351 025295 00 88;crataegus flora medicinal;flora medicinal j monteiro da silva ltda 02 007 074 0001 85;;;TRUE;1;crataegus rhipidophylla;crataegus rhipidophylla gand.
58;Espinheiro-branco / Pirliteiro / Cratego/ Carapeteiro;REG:137640173;crataegus rhipidophylla;crataegus rhipidophylla gand.;257;crataegus_rhipidophylla__crataegus_rhipidophylla_gand.xlsx;CALMAN;;crataegus rhipidophylla gand., passiflora incarnata l., salix alba l.;REGISTRADO;137640173;25351.339409/2017-52;ASPEN PHARMA INDÚSTRIA FARMACÊUTICA LTDA - 02.433.631/0001-20;Ativo;10/2029;crataegus rhipidophylla;incluido_alias_completo;Ativo;137640173;25351 339409 2017 52;calman;aspen pharma industria farmaceutica ltda 02 433 631 0001 20;crataegus rhipidophylla gand passiflora incarnata l salix alba l;2017;TRUE;1;crataegus rhipidophylla;crataegus rhipidophylla gand.
58;Espinheiro-branco / Pirliteiro / Cratego/ Carapeteiro;REG:138410031;crataegus rhipidophylla;crataegus rhipidophylla gand.;257;crataegus_rhipidophylla__crataegus_rhipidophylla_gand.xlsx;SEAKALM;;;REGISTRADO;138410031;25351.004426/2006-87;NATULAB LABORATORIO S.A - 02.456.955/0001-83;Inativo;;crataegus rhipidophylla;incluido_alias_completo;Inativo;138410031;25351 004426 2006 87;seakalm;natulab laboratorio s a 02 456 955 0001 83;;2006;TRUE;1;crataegus rhipidophylla;crataegus rhipidophylla gand.
58;Espinheiro-branco / Pirliteiro / Cratego/ Carapeteiro;REG:145010007;crataegus rhipidophylla;crataegus rhipidophylla gand.;257;crataegus_rhipidophylla__crataegus_rhipidophylla_gand.xlsx;CRATAEGUS  BRASMED;;;REGISTRADO;145010007;25351.060885/2003-06;BRASMED BOTÂNICA E FARMACÊUTICA LTDA - 00.660.703/0001-46;Inativo;09/2009;crataegus rhipidophylla;incluido_alias_completo;Inativo;145010007;25351 060885 2003 06;crataegus brasmed;brasmed botanica e farmaceutica ltda 00 660 703 0001 46;;2003;TRUE;1;crataegus rhipidophylla;crataegus rhipidophylla gand.
58;Espinheiro-branco / Pirliteiro / Cratego/ Carapeteiro;REG:155590006;crataegus rhipidophylla;crataegus rhipidophylla gand.;257;crataegus_rhipidophylla__crataegus_rhipidophylla_gand.xlsx;CRATAEGUS FLORA MEDICINAL;;;REGISTRADO;155590006;25351.009096/2004-54;INDUSTRIA E COMERCIO DE COSMETICOS NATURA LTDA - 00.190.373/0001-72;Inativo;06/2006;crataegus rhipidophylla;incluido_alias_completo;Inativo;155590006;25351 009096 2004 54;crataegus flora medicinal;industria e comercio de cosmeticos natura ltda 00 190 373 0001 72;;2004;TRUE;1;crataegus rhipidophylla;crataegus rhipidophylla gand.
58;Espinheiro-branco / Pirliteiro / Cratego/ Carapeteiro;REG:172870051;crataegus rhipidophylla;crataegus rhipidophylla gand.;257;crataegus_rhipidophylla__crataegus_rhipidophylla_gand.xlsx;MARACUGINA COMPOSTA;;;REGISTRADO;172870051;25351.137607/2008-51;Hypera S.A. - 02.932.074/0001-91;Inativo;10/2012;crataegus rhipidophylla;incluido_alias_completo;Inativo;172870051;25351 137607 2008 51;maracugina composta;hypera s a 02 932 074 0001 91;;2008;TRUE;1;crataegus rhipidophylla;crataegus rhipidophylla gand.
58;Espinheiro-branco / Pirliteiro / Cratego/ Carapeteiro;REG:178170014;crataegus rhipidophylla;crataegus rhipidophylla gand.;257;crataegus_rhipidophylla__crataegus_rhipidophylla_gand.xlsx;MARACUGINA COMPOSTA;;;REGISTRADO;178170014;25351.637597/2009-94;COSMED INDUSTRIA DE COSMETICOS E MEDICAMENTOS S.A. - 61.082.426/0002-07;Inativo;10/2012;crataegus rhipidophylla;incluido_alias_completo;Inativo;178170014;25351 637597 2009 94;maracugina composta;cosmed industria de cosmeticos e medicamentos s a 61 082 426 0002 07;;2009;TRUE;1;crataegus rhipidophylla;crataegus rhipidophylla gand.
59;Eucalipto;REG:100470048;eucalipto;eucaliptol;274;eucalipto__EUCALIPTOL.xlsx;GRIPOMATINE;;;REGISTRADO;100470048;25992.004744/42;SANDOZ DO BRASIL INDÚSTRIA FARMACÊUTICA LTDA - 61.286.647/0001-16;Inativo;01/2005;;incluido_excecao;Inativo;100470048;25992 004744 42;gripomatine;sandoz do brasil industria farmaceutica ltda 61 286 647 0001 16;;;FALSE;1;eucalipto;eucaliptol
59;Eucalipto;REG:100470095;eucalipto;eucaliptol;274;eucalipto__EUCALIPTOL.xlsx;TRIPULMIN;;;REGISTRADO;100470095;25991.003898/80;SANDOZ DO BRASIL INDÚSTRIA FARMACÊUTICA LTDA - 61.286.647/0001-16;Inativo;01/1995;;incluido_excecao;Inativo;100470095;25991 003898 80;tripulmin;sandoz do brasil industria farmaceutica ltda 61 286 647 0001 16;;;FALSE;1;eucalipto;eucaliptol
59;Eucalipto;REG:100490075;eucalipto;eucaliptol;274;eucalipto__EUCALIPTOL.xlsx;ANGI-A-MID;;;REGISTRADO;100490075;25000.003572/97-31;LABORATÓRIO SAÚDE LTDA - 91.671.792/0001-81;Inativo;12/2008;;incluido_excecao;Inativo;100490075;25000 003572 97 31;angi a mid;laboratorio saude ltda 91 671 792 0001 81;;;FALSE;1;eucalipto;eucaliptol
59;Eucalipto;REG:100610022;Eucalyptus globulus;eucalyptus globulus;66;Eucalyptus_globulus__EUCALYPTUS_GLOBULUS.xlsx;INFLUDO;;EUCALIPTUS GLOBULUS  Labill, EUCALYPTUS GLOBULUS , BRYONIA ALBA, ACONITUM NAPELLUS, EUPATORIUM PERFOLIATUM, PHOSPHORUS;REGISTRADO;100610022;25001.010707/75;WELEDA DO BRASIL LABORATÓRIO E FARMÁCIA LTDA - 56.992.217/0001-80;Ativo;08/2035;eucalyptus globulus;incluido_alias_completo;Ativo;100610022;25001 010707 75;infludo;weleda do brasil laboratorio e farmacia ltda 56 992 217 0001 80;eucaliptus globulus labill eucalyptus globulus bryonia alba aconitum napellus eupatorium perfoliatum phosphorus;;TRUE;1;Eucalyptus globulus;eucalyptus globulus
59;Eucalipto;REG:100610042;Eucalyptus globulus;eucalyptus globulus;66;Eucalyptus_globulus__EUCALYPTUS_GLOBULUS.xlsx;INFLUDORON;;FERRUM PHOSPHORICUM, ACONITUM NAPELLUS, BRYONIA ALBA, BRYONIA ALBA L., EUCALIPTUS GLOBULUS  Labill, EUCALYPTUS GLOBULUS , EUPATORIUM PERFOLIATUM, EUPATORIUM PERFOLIATUM L.;REGISTRADO;100610042;25992.019313/75;WELEDA DO BRASIL LABORATÓRIO E FARMÁCIA LTDA - 56.992.217/0001-80;Ativo;07/2027;eucalyptus globulus;incluido_alias_completo;Ativo;100610042;25992 019313 75;infludoron;weleda do brasil laboratorio e farmacia ltda 56 992 217 0001 80;ferrum phosphoricum aconitum napellus bryonia alba bryonia alba l eucaliptus globulus labill eucalyptus globulus eupatorium perfoliatum eupatorium perfoliatum l;;TRUE;1;Eucalyptus globulus;eucalyptus globulus
59;Eucalipto;REG:101430003;eucalipto;eucaliptol;274;eucalipto__EUCALIPTOL.xlsx;BROMIL;BROMIL GRIP, BROMIL MENTOL, BROMIL LIMÃO, BROMIL LARANJA, BROMIL BALSÂMICO;;REGISTRADO;101430003;25991.006029/77;MEGALABS FARMACEUTICA S.A. - 33.026.055/0001-20;Inativo;;;incluido_excecao;Inativo;101430003;25991 006029 77;bromil;megalabs farmaceutica s a 33 026 055 0001 20;;;FALSE;1;eucalipto;eucaliptol
59;Eucalipto;REG:101430027;eucalipto;eucaliptol;274;eucalipto__EUCALIPTOL.xlsx;PENETRO;PENETRO INALANTE, PENETRO POMADA DERMATÓLOGICA, PENETRO PASTILHA, PENETRO XAROPE;EUCALIPTOL, HIDRATO DE TERPINA, ÓLEO DE EUCALYPTUS CITRIODORA, MENTOL, TERPINA, terpina monoidratada, CANFOSSULFONATO DE SÓDIO, BENZOCAÍNA, CLORETO DE AMÔNIO, CÂNFORA, ÁCIDO BENZÓICO;REGISTRADO;101430027;25992.005760/52;MEGALABS FARMACEUTICA S.A. - 33.026.055/0001-20;Ativo;02/2028;;incluido_excecao;Ativo;101430027;25992 005760 52;penetro;megalabs farmaceutica s a 33 026 055 0001 20;eucaliptol hidrato de terpina oleo de eucalyptus citriodora mentol terpina terpina monoidratada canfossulfonato de sodio benzocaina cloreto de amonio canfora acido benzoico;;FALSE;1;eucalipto;eucaliptol
59;Eucalipto;REG:101500050;eucalipto;eucaliptol;274;eucalipto__EUCALIPTOL.xlsx;ACTI-VALDA;;;REGISTRADO;101500050;25000.007641/98-85;LABORATORIO CANONNE LTDA - 33.043.282/0001-63;Inativo;05/2003;;incluido_excecao;Inativo;101500050;25000 007641 98 85;acti valda;laboratorio canonne ltda 33 043 282 0001 63;;;FALSE;1;eucalipto;eucaliptol
59;Eucalipto;REG:102350097;eucalipto;eucaliptol;274;eucalipto__EUCALIPTOL.xlsx;INHALANTE  EUCALIPTOL;;;REGISTRADO;102350097;25001.012970/82;EMS S/A - 57.507.378/0003-65;Inativo;12/2010;;incluido_excecao;Inativo;102350097;25001 012970 82;inhalante eucaliptol;ems s a 57 507 378 0003 65;;;FALSE;1;eucalipto;eucaliptol
59;Eucalipto;REG:102351107;eucalipto;eucaliptol;274;eucalipto__EUCALIPTOL.xlsx;BROMIL;;MENTOL, terpina monoidratada, EUCALIPTOL;REGISTRADO;102351107;25351.674980/2010-62;EMS S/A - 57.507.378/0003-65;Ativo;08/2035;;incluido_excecao;Ativo;102351107;25351 674980 2010 62;bromil;ems s a 57 507 378 0003 65;mentol terpina monoidratada eucaliptol;2010;FALSE;1;eucalipto;eucaliptol
59;Eucalipto;REG:102640027;eucalipto;eucaliptol;274;eucalipto__EUCALIPTOL.xlsx;EUCALIPTUS E GOMENOL COMPOSTO;;;REGISTRADO;102640027;25001.001277/78;MILLER INDUSTRIAL FTCA LTDA - 33.191.735/0001-07;Inativo;11/2009;;incluido_excecao;Inativo;102640027;25001 001277 78;eucaliptus e gomenol composto;miller industrial ftca ltda 33 191 735 0001 07;;;FALSE;1;eucalipto;eucaliptol
59;Eucalipto;REG:102640053;eucalipto;eucaliptol;274;eucalipto__EUCALIPTOL.xlsx;VITA BRONC;;;REGISTRADO;102640053;25992.007740/61;MILLER INDUSTRIAL FTCA LTDA - 33.191.735/0001-07;Inativo;04/2011;;incluido_excecao;Inativo;102640053;25992 007740 61;vita bronc;miller industrial ftca ltda 33 191 735 0001 07;;;FALSE;1;eucalipto;eucaliptol
59;Eucalipto;REG:103410030;eucalipto;eucaliptol;274;eucalipto__EUCALIPTOL.xlsx;GYNECOLINA;;;REGISTRADO;103410030;25991.008185/80;TRB PHARMA INDÚSTRIA QUÍMICA E FARMACÊUTICA LTDA - 61.455.192/0001-15;Inativo;05/2012;;incluido_excecao;Inativo;103410030;25991 008185 80;gynecolina;trb pharma industria quimica e farmaceutica ltda 61 455 192 0001 15;;;FALSE;1;eucalipto;eucaliptol
59;Eucalipto;REG:104150039;eucalipto;eucaliptol;274;eucalipto__EUCALIPTOL.xlsx;AXOL;;;REGISTRADO;104150039;25992.004156/79;LABORATORIO HANEMANIANA VERITAS LTDA - 33.790.981/0001-77;Inativo;11/2007;;incluido_excecao;Inativo;104150039;25992 004156 79;axol;laboratorio hanemaniana veritas ltda 33 790 981 0001 77;;;FALSE;1;eucalipto;eucaliptol
59;Eucalipto;REG:104440115;eucalipto;eucaliptol;274;eucalipto__EUCALIPTOL.xlsx;OZONYL;;;REGISTRADO;104440115;25992.004013/37;LABORATÓRIO GROSS S. A. - 33.145.194/0001-72;Inativo;05/1973;;incluido_excecao;Inativo;104440115;25992 004013 37;ozonyl;laboratorio gross s a 33 145 194 0001 72;;;FALSE;1;eucalipto;eucaliptol
59;Eucalipto;REG:104810031;eucalipto;eucalipto;273;eucalipto__EUCALIPTO.xlsx;MENTALOL;;MENTOL, CÂNFORA, EUCALIPTO;REGISTRADO;104810031;25001.003750/84-02;1FARMA INDUSTRIA FARMACEUTICA LTDA - 48.113.906/0001-49;Ativo;07/2029;eucalipto;incluido_alias_completo;Ativo;104810031;25001 003750 84 02;mentalol;1farma industria farmaceutica ltda 48 113 906 0001 49;mentol canfora eucalipto;;TRUE;1;eucalipto;eucalipto
59;Eucalipto;REG:105070017;eucalipto;eucalipto;273;eucalipto__EUCALIPTO.xlsx;SINOLINA;;;REGISTRADO;105070017;25992.005369/19-35;LABORATORIO KRAEMER LTDA - 92.695.816/0001-03;Inativo;10/2004;eucalipto;incluido_alias_completo;Inativo;105070017;25992 005369 19 35;sinolina;laboratorio kraemer ltda 92 695 816 0001 03;;;TRUE;1;eucalipto;eucalipto
59;Eucalipto;REG:105070029;eucalipto;essência de eucalipto;272;eucalipto__ESSÊNCIA_DE_EUCALIPTO.xlsx;BECOLINA;;;REGISTRADO;105070029;25992.000461/39;LABORATORIO KRAEMER LTDA - 92.695.816/0001-03;Inativo;10/2004;eucalipto;incluido_alias_completo;Inativo;105070029;25992 000461 39;becolina;laboratorio kraemer ltda 92 695 816 0001 03;;;TRUE;1;eucalipto;essência de eucalipto
59;Eucalipto;REG:105730320;eucalipto;eucaliptol;274;eucalipto__EUCALIPTOL.xlsx;KAMILLOL;;;REGISTRADO;105730320;25351.072769/2004-11;ACHÉ LABORATÓRIOS FARMACÊUTICOS S.A - 60.659.463/0029-92;Inativo;01/2005;;incluido_excecao;Inativo;105730320;25351 072769 2004 11;kamillol;ache laboratorios farmaceuticos s a 60 659 463 0029 92;;2004;FALSE;1;eucalipto;eucaliptol
59;Eucalipto;REG:105730355;eucalipto;eucaliptol;274;eucalipto__EUCALIPTOL.xlsx;TRANSPULMIN;;;REGISTRADO;105730355;25351.067246/2003-63;ACHÉ LABORATÓRIOS FARMACÊUTICOS S.A - 60.659.463/0029-92;Inativo;08/2019;;incluido_excecao;Inativo;105730355;25351 067246 2003 63;transpulmin;ache laboratorios farmaceuticos s a 60 659 463 0029 92;;2003;FALSE;1;eucalipto;eucaliptol
59;Eucalipto;REG:105830471;eucalipto;eucaliptol;274;eucalipto__EUCALIPTOL.xlsx;BROMIL;;;REGISTRADO;105830471;25351.176446/2002-25;GERMED FARMACEUTICA LTDA - 45.992.062/0001-65;Inativo;08/2015;;incluido_excecao;Inativo;105830471;25351 176446 2002 25;bromil;germed farmaceutica ltda 45 992 062 0001 65;;2002;FALSE;1;eucalipto;eucaliptol
59;Eucalipto;REG:106240116;eucalipto;extrato fluido de eucalipto;275;eucalipto__EXTRATO_FLUIDO_DE_EUCALIPTO.xlsx;UNITOSSE;;;REGISTRADO;106240116;25351.200164/2002-56;INDÚSTRIA FARMACÊUTICA MILIAN LTDA - 29.333.218/0001-40;Inativo;03/2013;eucalipto;incluido_alias_completo;Inativo;106240116;25351 200164 2002 56;unitosse;industria farmaceutica milian ltda 29 333 218 0001 40;;2002;TRUE;2;eucalipto;eucaliptol | extrato fluido de eucalipto
59;Eucalipto;REG:108580024;eucalipto;eucaliptol;274;eucalipto__EUCALIPTOL.xlsx;FIMGRIPE;;;REGISTRADO;108580024;25001.004077/80;PRODOTTI LABORATÓRIO FARMACÊUTICO LTDA. - 51.603.488/0001-82;Inativo;08/2002;;incluido_excecao;Inativo;108580024;25001 004077 80;fimgripe;prodotti laboratorio farmaceutico ltda 51 603 488 0001 82;;;FALSE;1;eucalipto;eucaliptol
59;Eucalipto;REG:113000246;eucalipto;eucaliptol;274;eucalipto__EUCALIPTOL.xlsx;YATROPAN;;;REGISTRADO;113000246;25992.007871/45;SANOFI-AVENTIS FARMACÊUTICA LTDA - 02.685.377/0001-57;Inativo;08/2009;;incluido_excecao;Inativo;113000246;25992 007871 45;yatropan;sanofi aventis farmaceutica ltda 02 685 377 0001 57;;;FALSE;1;eucalipto;eucaliptol
59;Eucalipto;REG:117170036;eucalipto;óleo essencial de eucalipto;276;eucalipto__ÓLEO_ESSENCIAL_DE_EUCALIPTO.xlsx;NASORUB;;;REGISTRADO;117170036;25351.011384/00-38;PHARMASCIENCE INDUSTRIA FARMACEUTICA S.A - 25.773.037/0001-83;Inativo;10/2005;eucalipto;incluido_alias_completo;Inativo;117170036;25351 011384 00 38;nasorub;pharmascience industria farmaceutica s a 25 773 037 0001 83;;;TRUE;1;eucalipto;óleo essencial de eucalipto
59;Eucalipto;REG:120290001;eucalipto;óleo essencial de eucalipto;276;eucalipto__ÓLEO_ESSENCIAL_DE_EUCALIPTO.xlsx;RAPID GEL;;;REGISTRADO;120290001;25000.011352/95-29;INDUSTRIA FARMACEUTICA E PERFUMARIA BIOKOSMA LTDA - 64.668.981/0001-22;Inativo;03/2004;eucalipto;incluido_alias_completo;Inativo;120290001;25000 011352 95 29;rapid gel;industria farmaceutica e perfumaria biokosma ltda 64 668 981 0001 22;;;TRUE;1;eucalipto;óleo essencial de eucalipto
59;Eucalipto;REG:121070010;Eucalyptus globulus;eucalyptus globulus labill.;67;Eucalyptus_globulus__eucalyptus_globulus_labill.xlsx;EUCAPROL;EUCAPROL MEL;eucalyptus globulus labill.;REGISTRADO;121070010;25351.193420/2011-46;APIS FLORA INDUSTRIAL  E COMERCIAL LTDA - 49.345.358/0001-45;Ativo;12/2027;eucalyptus globulus;incluido_alias_completo;Ativo;121070010;25351 193420 2011 46;eucaprol;apis flora industrial e comercial ltda 49 345 358 0001 45;eucalyptus globulus labill;2011;TRUE;1;Eucalyptus globulus;eucalyptus globulus labill.
59;Eucalipto;REG:121170028;eucalipto;eucaliptol;274;eucalipto__EUCALIPTOL.xlsx;TRANSPULMIN;TRANSPULMIN AEROSOL, TRANSPULMIN XAROPE, TRANSPULMIN BALSAMO, TRANSPULMIN SUPOSITORIO, TRANSPULMIN XAROPE ADULTO, TRANSPULMIN UNGUENTO, TRANSPULMIM PASTILHAS;;REGISTRADO;121170028;25992.000199/26;ASTA MÉDICA LTDA - 71.524.631/0001-58;Inativo;08/2009;;incluido_excecao;Inativo;121170028;25992 000199 26;transpulmin;asta medica ltda 71 524 631 0001 58;;;FALSE;1;eucalipto;eucaliptol
59;Eucalipto;REG:121170061;eucalipto;eucaliptol;274;eucalipto__EUCALIPTOL.xlsx;KAMILLOL;;;REGISTRADO;121170061;25991.013471/80;ASTA MÉDICA LTDA - 71.524.631/0001-58;Inativo;01/2005;;incluido_excecao;Inativo;121170061;25991 013471 80;kamillol;asta medica ltda 71 524 631 0001 58;;;FALSE;1;eucalipto;eucaliptol
59;Eucalipto;REG:121430003;eucalipto;eucalipto;273;eucalipto__EUCALIPTO.xlsx;VICK VAPORUB;;;REGISTRADO;121430003;25351.014847/00-41;PROCTER & GAMBLE HIGIENE E COSMÉTICOS LTDA - 67.712.562/0001-39;Inativo;08/2010;eucalipto;incluido_alias_completo;Inativo;121430003;25351 014847 00 41;vick vaporub;procter gamble higiene e cosmeticos ltda 67 712 562 0001 39;;;TRUE;1;eucalipto;eucalipto
59;Eucalipto;REG:125210014;eucalipto;eucaliptol;274;eucalipto__EUCALIPTOL.xlsx;FIMODEX;;;REGISTRADO;125210014;25992.003588/34;BALLDARASSI IND E COM DE PRODS FARMACEUTICOS LTDA - 72.719.396/0001-32;Inativo;09/2002;;incluido_excecao;Inativo;125210014;25992 003588 34;fimodex;balldarassi ind e com de prods farmaceuticos ltda 72 719 396 0001 32;;;FALSE;1;eucalipto;eucaliptol
59;Eucalipto;REG:154000035;Eucalyptus globulus;eucalyptus globulus labill.;67;Eucalyptus_globulus__eucalyptus_globulus_labill.xlsx;BRONQUIVITA;;eucaliptus globulus  labill, eucalyptus globulus labill.;REGISTRADO;154000035;25351.015284/2003-31;LABORATÓRIO VITALAB LTDA - 56.646.953/0001-86;Ativo;04/2028;eucalyptus globulus;incluido_alias_completo;Ativo;154000035;25351 015284 2003 31;bronquivita;laboratorio vitalab ltda 56 646 953 0001 86;eucaliptus globulus labill eucalyptus globulus labill;2003;TRUE;1;Eucalyptus globulus;eucalyptus globulus labill.
59;Eucalipto;REG:154000044;eucalipto;eucaliptol;274;eucalipto__EUCALIPTOL.xlsx;BRONQUILIV;;;REGISTRADO;154000044;25351.011038/2003-18;LABORATÓRIO VITALAB LTDA - 56.646.953/0001-86;Inativo;10/2009;;incluido_excecao;Inativo;154000044;25351 011038 2003 18;bronquiliv;laboratorio vitalab ltda 56 646 953 0001 86;;2003;FALSE;1;eucalipto;eucaliptol
60;Feverfew / Tanaceto;REG:100490029;artemisia;artemisia absinthium l.;221;artemisia__artemisia_absinthium_l.xlsx;PIOLIN;XAMPU, SABONETE;;REGISTRADO;100490029;25001.003139/85;LABORATÓRIO SAÚDE LTDA - 91.671.792/0001-81;Inativo;05/2004;artemisia;incluido_alias_completo;Inativo;100490029;25001 003139 85;piolin;laboratorio saude ltda 91 671 792 0001 81;;;TRUE;1;artemisia;artemisia absinthium l.
60;Feverfew / Tanaceto;REG:100610091;artemisia;artemisia absinthium l.;221;artemisia__artemisia_absinthium_l.xlsx;NAUSYN;;;REGISTRADO;100610091;25351.426148/2009-33;WELEDA DO BRASIL LABORATÓRIO E FARMÁCIA LTDA - 56.992.217/0001-80;Inativo;04/2015;artemisia;incluido_alias_completo;Inativo;100610091;25351 426148 2009 33;nausyn;weleda do brasil laboratorio e farmacia ltda 56 992 217 0001 80;;2009;TRUE;1;artemisia;artemisia absinthium l.
60;Feverfew / Tanaceto;REG:100663385;Tanacetum parthenium;tanacetum parthenium (l.) sch.bip.;168;Tanacetum_parthenium__tanacetum_parthenium_l._sch.bip.xlsx;TANAFEW;;;REGISTRADO;100663385;25351.211644/2002-42;LABORATORIO CATARINENSE LTDA - 84.684.620/0001-87;Inativo;10/2008;tanacetum parthenium;incluido_alias_completo;Inativo;100663385;25351 211644 2002 42;tanafew;laboratorio catarinense ltda 84 684 620 0001 87;;2002;TRUE;1;Tanacetum parthenium;tanacetum parthenium (l.) sch.bip.
60;Feverfew / Tanaceto;REG:102350565;Tanacetum parthenium;tanacetum parthenium (l.) sch.bip.;168;Tanacetum_parthenium__tanacetum_parthenium_l._sch.bip.xlsx;FITODRIL;;;REGISTRADO;102350565;25351.165315/2002-12;EMS S/A - 57.507.378/0003-65;Inativo;11/2007;tanacetum parthenium;incluido_alias_completo;Inativo;102350565;25351 165315 2002 12;fitodril;ems s a 57 507 378 0003 65;;2002;TRUE;1;Tanacetum parthenium;tanacetum parthenium (l.) sch.bip.
60;Feverfew / Tanaceto;REG:102512419;artemisia;artemisia absinthium l.;221;artemisia__artemisia_absinthium_l.xlsx;DIGESTAR;;;REGISTRADO;102512419;25001.010071/80;BRASMEDICA SA IND FTCA - 60.889.557/0001-57;Inativo;10/2000;artemisia;incluido_alias_completo;Inativo;102512419;25001 010071 80;digestar;brasmedica sa ind ftca 60 889 557 0001 57;;;TRUE;1;artemisia;artemisia absinthium l.
60;Feverfew / Tanaceto;REG:104041969;Tanacetum parthenium;tanacetum parthenium (l.) sch.bip.;168;Tanacetum_parthenium__tanacetum_parthenium_l._sch.bip.xlsx;TANACETO LUPER;;;REGISTRADO;104041969;25351.268717/2004-30;LUPER INDÚSTRIA FARMACÊUTICA LTDA - 61.299.111/0001-35;Inativo;07/2010;tanacetum parthenium;incluido_alias_completo;Inativo;104041969;25351 268717 2004 30;tanaceto luper;luper industria farmaceutica ltda 61 299 111 0001 35;;2004;TRUE;1;Tanacetum parthenium;tanacetum parthenium (l.) sch.bip.
60;Feverfew / Tanaceto;REG:109740133;Tanacetum parthenium;tanacetum parthenium (l.) sch.bip.;168;Tanacetum_parthenium__tanacetum_parthenium_l._sch.bip.xlsx;MIGREX;;;REGISTRADO;109740133;25000.001299/99-45;BIOLAB SANUS FARMACÊUTICA LTDA - 49.475.833/0001-06;Inativo;07/2006;tanacetum parthenium;incluido_alias_completo;Inativo;109740133;25000 001299 99 45;migrex;biolab sanus farmaceutica ltda 49 475 833 0001 06;;;TRUE;1;Tanacetum parthenium;tanacetum parthenium (l.) sch.bip.
60;Feverfew / Tanaceto;REG:110220004;Tanacetum parthenium;tanacetum parthenium (l.) sch.bip.;168;Tanacetum_parthenium__tanacetum_parthenium_l._sch.bip.xlsx;TANACIL;;;REGISTRADO;110220004;25351.022552/01-83;HENSA-FARMA S.A - INDÚSTRIA QUÍMICA E FARMACÊUTICA - 06.270.144/0001-44;Inativo;03/2007;tanacetum parthenium;incluido_alias_completo;Inativo;110220004;25351 022552 01 83;tanacil;hensa farma s a industria quimica e farmaceutica 06 270 144 0001 44;;;TRUE;1;Tanacetum parthenium;tanacetum parthenium (l.) sch.bip.
60;Feverfew / Tanaceto;REG:116780019;Tanacetum parthenium;tanacetum parthenium (l.) sch.bip.;168;Tanacetum_parthenium__tanacetum_parthenium_l._sch.bip.xlsx;TANACETO EC;;;REGISTRADO;116780019;25351.451979/2009-68;AS ERVAS CURAM INDUSTRIA FARMACEUTICA LTDA - 79.634.572/0001-82;Inativo;03/2027;tanacetum parthenium;incluido_alias_completo;Inativo;116780019;25351 451979 2009 68;tanaceto ec;as ervas curam industria farmaceutica ltda 79 634 572 0001 82;;2009;TRUE;1;Tanacetum parthenium;tanacetum parthenium (l.) sch.bip.
60;Feverfew / Tanaceto;REG:118600010;Tanacetum parthenium;tanacetum parthenium (l.) sch.bip.;168;Tanacetum_parthenium__tanacetum_parthenium_l._sch.bip.xlsx;TINTURA DE TANACETUM HERBARIUM;TANACETO GOTAS HERBARIUM;;REGISTRADO;118600010;25351.021300/01-55;HERBARIUM LABORATORIO BOTANICO LTDA - 78.950.011/0001-20;Inativo;12/2006;tanacetum parthenium;incluido_alias_completo;Inativo;118600010;25351 021300 01 55;tintura de tanacetum herbarium;herbarium laboratorio botanico ltda 78 950 011 0001 20;;;TRUE;1;Tanacetum parthenium;tanacetum parthenium (l.) sch.bip.
60;Feverfew / Tanaceto;REG:118600016;Tanacetum parthenium;tanacetum parthenium (l.) sch.bip.;168;Tanacetum_parthenium__tanacetum_parthenium_l._sch.bip.xlsx;TANACETO HERBARIUM;;;REGISTRADO;118600016;25023.220143/99;HERBARIUM LABORATORIO BOTANICO LTDA - 78.950.011/0001-20;Inativo;07/2007;tanacetum parthenium;incluido_alias_completo;Inativo;118600016;25023 220143 99;tanaceto herbarium;herbarium laboratorio botanico ltda 78 950 011 0001 20;;;TRUE;1;Tanacetum parthenium;tanacetum parthenium (l.) sch.bip.
60;Feverfew / Tanaceto;REG:118610100;Tanacetum parthenium;tanacetum parthenium (l.) sch.bip.;168;Tanacetum_parthenium__tanacetum_parthenium_l._sch.bip.xlsx;TENLIV;;;REGISTRADO;118610100;25351.008660/01-16;ATIVUS FARMACÊUTICA LTDA - 64.088.172/0001-41;Inativo;02/2017;tanacetum parthenium;incluido_alias_completo;Inativo;118610100;25351 008660 01 16;tenliv;ativus farmaceutica ltda 64 088 172 0001 41;;;TRUE;1;Tanacetum parthenium;tanacetum parthenium (l.) sch.bip.
60;Feverfew / Tanaceto;REG:118610255;Tanacetum parthenium;tanacetum parthenium (l.) sch.bip.;168;Tanacetum_parthenium__tanacetum_parthenium_l._sch.bip.xlsx;TAMION;;;REGISTRADO;118610255;25351.464520/2005-19;ATIVUS FARMACÊUTICA LTDA - 64.088.172/0001-41;Inativo;07/2011;tanacetum parthenium;incluido_alias_completo;Inativo;118610255;25351 464520 2005 19;tamion;ativus farmaceutica ltda 64 088 172 0001 41;;2005;TRUE;1;Tanacetum parthenium;tanacetum parthenium (l.) sch.bip.
60;Feverfew / Tanaceto;REG:123970021;Tanacetum parthenium;tanacetum parthenium (l.) sch.bip.;168;Tanacetum_parthenium__tanacetum_parthenium_l._sch.bip.xlsx;TANACETUM  ORIENT;;;REGISTRADO;123970021;25351.215375/2002-93;ORIENT MIX FITOTERÁPICOS DO BRASIL LTDA. - 73.657.876/0001-89;Inativo;10/2013;tanacetum parthenium;incluido_alias_completo;Inativo;123970021;25351 215375 2002 93;tanacetum orient;orient mix fitoterapicos do brasil ltda 73 657 876 0001 89;;2002;TRUE;1;Tanacetum parthenium;tanacetum parthenium (l.) sch.bip.
60;Feverfew / Tanaceto;REG:132650028;Tanacetum parthenium;tanacetum parthenium (l.) sch.bip.;168;Tanacetum_parthenium__tanacetum_parthenium_l._sch.bip.xlsx;TP - A;FEVER FEW;;REGISTRADO;132650028;25351.060781/2003-93;COLBRÁS INDÚSTRIA E COMÉRCIO LTDA - 00.413.925/0001-64;Inativo;06/2009;tanacetum parthenium;incluido_alias_completo;Inativo;132650028;25351 060781 2003 93;tp a;colbras industria e comercio ltda 00 413 925 0001 64;;2003;TRUE;1;Tanacetum parthenium;tanacetum parthenium (l.) sch.bip.
60;Feverfew / Tanaceto;REG:143810077;Tanacetum parthenium;tanacetum parthenium (l.) sch.bip.;168;Tanacetum_parthenium__tanacetum_parthenium_l._sch.bip.xlsx;ENXAMED;;;REGISTRADO;143810077;25351.171803/2002-69;CIMED INDUSTRIA S.A - 02.814.497/0001-07;Inativo;08/2007;tanacetum parthenium;incluido_alias_completo;Inativo;143810077;25351 171803 2002 69;enxamed;cimed industria s a 02 814 497 0001 07;;2002;TRUE;1;Tanacetum parthenium;tanacetum parthenium (l.) sch.bip.
60;Feverfew / Tanaceto;REG:144930049;Tanacetum parthenium;tanacetum parthenium (l.) sch.bip.;168;Tanacetum_parthenium__tanacetum_parthenium_l._sch.bip.xlsx;ENXAZIN;;;REGISTRADO;144930049;25351.002115/2004-11;AIRELA INDÚSTRIA FARMACÊUTICA LTDA. - 01.858.973/0001-29;Inativo;09/2019;tanacetum parthenium;incluido_alias_completo;Inativo;144930049;25351 002115 2004 11;enxazin;airela industria farmaceutica ltda 01 858 973 0001 29;;2004;TRUE;1;Tanacetum parthenium;tanacetum parthenium (l.) sch.bip.
60;Feverfew / Tanaceto;REG:145010013;Tanacetum parthenium;tanacetum parthenium (l.) sch.bip.;168;Tanacetum_parthenium__tanacetum_parthenium_l._sch.bip.xlsx;TANACETO BRASMED;;;REGISTRADO;145010013;25351.060845/2003-56;BRASMED BOTÂNICA E FARMACÊUTICA LTDA - 00.660.703/0001-46;Inativo;09/2009;tanacetum parthenium;incluido_alias_completo;Inativo;145010013;25351 060845 2003 56;tanaceto brasmed;brasmed botanica e farmaceutica ltda 00 660 703 0001 46;;2003;TRUE;1;Tanacetum parthenium;tanacetum parthenium (l.) sch.bip.
61;Folha-da-fortuna;REG:100610071;Bryophyllum calycinum;bryophyllum calycinum;25;Bryophyllum_calycinum__BRYOPHYLLUM_CALYCINUM.xlsx;BRYOPHYLLUM WELEDA;;;REGISTRADO;100610071;25351.005936/01-69;WELEDA DO BRASIL LABORATÓRIO E FARMÁCIA LTDA - 56.992.217/0001-80;Inativo;12/2007;bryophyllum calycinum;incluido_alias_completo;Inativo;100610071;25351 005936 01 69;bryophyllum weleda;weleda do brasil laboratorio e farmacia ltda 56 992 217 0001 80;;;TRUE;1;Bryophyllum calycinum;bryophyllum calycinum
61;Folha-da-fortuna;REG:100610085;Bryophyllum calycinum;bryophyllum calycinum;25;Bryophyllum_calycinum__BRYOPHYLLUM_CALYCINUM.xlsx;BRYOPHYLLUM ARGENTO CULTUM;;BRYOPHYLLUM CALYCINUM;REGISTRADO;100610085;25351.708706/2008-20;WELEDA DO BRASIL LABORATÓRIO E FARMÁCIA LTDA - 56.992.217/0001-80;Ativo;05/2029;bryophyllum calycinum;incluido_alias_completo;Ativo;100610085;25351 708706 2008 20;bryophyllum argento cultum;weleda do brasil laboratorio e farmacia ltda 56 992 217 0001 80;bryophyllum calycinum;2008;TRUE;1;Bryophyllum calycinum;bryophyllum calycinum
62;Funcho / Erva-doce / Funcho-amargo / Funcho-doce;REG:102860017;Foeniculum foeniculum;foeniculum foeniculum, karst;69;Foeniculum_foeniculum__foeniculum_foeniculum_karst.xlsx;ESPÉCIES PURGATIVAS LAXO FLORAL;;;REGISTRADO;102860017;25992.033646/76;LABORATORIO SAUDE LTDA - 92.786.219/0001-86;Inativo;07/2004;foeniculum foeniculum;incluido_alias_completo;Inativo;102860017;25992 033646 76;especies purgativas laxo floral;laboratorio saude ltda 92 786 219 0001 86;;;TRUE;1;Foeniculum foeniculum;foeniculum foeniculum, karst
62;Funcho / Erva-doce / Funcho-amargo / Funcho-doce;REG:102970009;Foeniculum vulgare;foeniculum vulgare gaertn.;70;Foeniculum_vulgare__foeniculum_vulgare_gaertn.xlsx;JAMAIQUINHA CHA;;;REGISTRADO;102970009;25992.002362/73;LABORATÓRIO FARMACÊUTICO PAGE LTDA - 92.765.973/0001-30;Inativo;10/2013;foeniculum vulgare;incluido_alias_completo;Inativo;102970009;25992 002362 73;jamaiquinha cha;laboratorio farmaceutico page ltda 92 765 973 0001 30;;;TRUE;1;Foeniculum vulgare;foeniculum vulgare gaertn.
62;Funcho / Erva-doce / Funcho-amargo / Funcho-doce;REG:104730026;Foeniculum vulgare;foeniculum vulgare gaertn.;70;Foeniculum_vulgare__foeniculum_vulgare_gaertn.xlsx;Chá de Espécies Laxativas Klein;;;REGISTRADO;104730026;25001.006468/72;VIDORA FARMACÊUTICA LTDA - 92.762.277/0001-70;Inativo;10/2005;foeniculum vulgare;incluido_alias_completo;Inativo;104730026;25001 006468 72;cha de especies laxativas klein;vidora farmaceutica ltda 92 762 277 0001 70;;;TRUE;1;Foeniculum vulgare;foeniculum vulgare gaertn.
62;Funcho / Erva-doce / Funcho-amargo / Funcho-doce;REG:105340002;Anethum foeniculum;anethum foeniculum l.;16;Anethum_foeniculum__anethum_foeniculum_l.xlsx;FUNCHICÓREA;;chicorium intybus, rheum palmatum l., anethum foeniculum l., cichorium intybus;REGISTRADO;105340002;25991.008573/80;Laboratório Melpoejo - 21.549.522/0001-17;Ativo;09/2025;anethum foeniculum;incluido_alias_completo;Ativo;105340002;25991 008573 80;funchicorea;laboratorio melpoejo 21 549 522 0001 17;chicorium intybus rheum palmatum l anethum foeniculum l cichorium intybus;;TRUE;1;Anethum foeniculum;anethum foeniculum l.
63;Garra-do-diabo;REG:100470356;Harpagophytum procumbens;harpagophytum procumbens dc. ex meissn.;78;Harpagophytum_procumbens__harpagophytum_procumbens_dc._ex_meissn.xlsx;INIFLAM;;;REGISTRADO;100470356;25351.015508/01-71;SANDOZ DO BRASIL INDÚSTRIA FARMACÊUTICA LTDA - 61.286.647/0001-16;Inativo;01/2007;harpagophytum procumbens;incluido_alias_completo;Inativo;100470356;25351 015508 01 71;iniflam;sandoz do brasil industria farmaceutica ltda 61 286 647 0001 16;;;TRUE;1;Harpagophytum procumbens;harpagophytum procumbens dc. ex meissn.
63;Garra-do-diabo;REG:100663384;Harpagophytum procumbens;harpagophytum procumbens (burch.) dc. ex meissn.;77;Harpagophytum_procumbens__harpagophytum_procumbens_burch._dc._ex_meissn.xlsx;TENITRAT;;;REGISTRADO;100663384;25351.165532/2002-11;LABORATORIO CATARINENSE LTDA - 84.684.620/0001-87;Inativo;02/2008;harpagophytum procumbens;incluido_alias_completo;Inativo;100663384;25351 165532 2002 11;tenitrat;laboratorio catarinense ltda 84 684 620 0001 87;;2002;TRUE;1;Harpagophytum procumbens;harpagophytum procumbens (burch.) dc. ex meissn.
63;Garra-do-diabo;REG:101180606;Harpagophytum procumbens;harpagophytum procumbens dc. ex meissn.;78;Harpagophytum_procumbens__harpagophytum_procumbens_dc._ex_meissn.xlsx;ARPADOL;;harpagophytum procumbens dc. ex meissn.;REGISTRADO;101180606;25351.516262/2006-36;APSEN FARMACEUTICA S/A - 62.462.015/0001-29;Ativo;12/2027;harpagophytum procumbens;incluido_alias_completo;Ativo;101180606;25351 516262 2006 36;arpadol;apsen farmaceutica s a 62 462 015 0001 29;harpagophytum procumbens dc ex meissn;2006;TRUE;1;Harpagophytum procumbens;harpagophytum procumbens dc. ex meissn.
63;Garra-do-diabo;REG:101550232;Harpagophytum procumbens;harpagophytum procumbens dc. ex meissn.;78;Harpagophytum_procumbens__harpagophytum_procumbens_dc._ex_meissn.xlsx;PERMEAR;;harpagophytum procumbens dc. ex meissn.;REGISTRADO;101550232;25351.031315/2003-09;MARJAN INDÚSTRIA E COMÉRCIO LTDA - 60.726.692/0001-81;Ativo;12/2028;harpagophytum procumbens;incluido_alias_completo;Ativo;101550232;25351 031315 2003 09;permear;marjan industria e comercio ltda 60 726 692 0001 81;harpagophytum procumbens dc ex meissn;2003;TRUE;1;Harpagophytum procumbens;harpagophytum procumbens dc. ex meissn.
63;Garra-do-diabo;REG:106890202;Harpagophytum procumbens;harpagophytum procumbens dc. ex meissn.;78;Harpagophytum_procumbens__harpagophytum_procumbens_dc._ex_meissn.xlsx;ARPATABS;;harpagophytum procumbens dc. ex meissn.;REGISTRADO;106890202;25351.824501/2018-62;KLEY HERTZ FARMACEUTICA S.A - 92.695.691/0001-03;Ativo;04/2030;harpagophytum procumbens;incluido_alias_completo;Ativo;106890202;25351 824501 2018 62;arpatabs;kley hertz farmaceutica s a 92 695 691 0001 03;harpagophytum procumbens dc ex meissn;2018;TRUE;1;Harpagophytum procumbens;harpagophytum procumbens dc. ex meissn.
63;Garra-do-diabo;REG:110220010;Harpagophytum procumbens;harpagophytum procumbens (burch.) dc. ex meissn.;77;Harpagophytum_procumbens__harpagophytum_procumbens_burch._dc._ex_meissn.xlsx;ELOZOK;;;REGISTRADO;110220010;25351.003995/02-38;HENSA-FARMA S.A - INDÚSTRIA QUÍMICA E FARMACÊUTICA - 06.270.144/0001-44;Inativo;09/2007;harpagophytum procumbens;incluido_alias_completo;Inativo;110220010;25351 003995 02 38;elozok;hensa farma s a industria quimica e farmaceutica 06 270 144 0001 44;;;TRUE;1;Harpagophytum procumbens;harpagophytum procumbens (burch.) dc. ex meissn.
63;Garra-do-diabo;REG:114620016;Harpagophytum procumbens;harpagophytum procumbens dc. ex meissn.;78;Harpagophytum_procumbens__harpagophytum_procumbens_dc._ex_meissn.xlsx;BIOFLAN;;harpagophytum procumbens dc. ex meissn.;REGISTRADO;114620016;25351.608496/2018-42;MYRALIS INDÚSTRIA FARMACÊUTICA LTDA - 17.440.261/0001-25;Ativo;05/2028;harpagophytum procumbens;incluido_alias_completo;Ativo;114620016;25351 608496 2018 42;bioflan;myralis industria farmaceutica ltda 17 440 261 0001 25;harpagophytum procumbens dc ex meissn;2018;TRUE;1;Harpagophytum procumbens;harpagophytum procumbens dc. ex meissn.
63;Garra-do-diabo;REG:115600248;Harpagophytum procumbens;harpagophytum procumbens dc. ex meissn. e/ou harpagophytum zeyheri decne;76;Harpagophytum_procumbens__HARPAGOPHYTUM_PROCUMBENS_DC._EX_MEISSN._E_OU_HARPAGOPHYTUM_ZEYHERI_DECNE.xlsx;HARPAGON;;HARPAGOPHYTUM PROCUMBENS DC. EX MEISSN. E/OU HARPAGOPHYTUM ZEYHERI DECNE;REGISTRADO;115600248;25351.866788/2021-01;CIFARMA CIENTÍFICA FARMACÊUTICA LTDA - 17.562.075/0001-69;Ativo;09/2032;harpagophytum procumbens;incluido_alias_completo;Ativo;115600248;25351 866788 2021 01;harpagon;cifarma cientifica farmaceutica ltda 17 562 075 0001 69;harpagophytum procumbens dc ex meissn e ou harpagophytum zeyheri decne;2021;TRUE;2;Harpagophytum procumbens | harpagophytum zeyheri;harpagophytum procumbens dc. ex meissn. e/ou harpagophytum zeyheri decne
63;Garra-do-diabo;REG:116780015;Harpagophytum procumbens;harpagophytum procumbens dc. ex meissn.;78;Harpagophytum_procumbens__harpagophytum_procumbens_dc._ex_meissn.xlsx;GARRA EC;;;REGISTRADO;116780015;25351.635611/2008-80;AS ERVAS CURAM INDUSTRIA FARMACEUTICA LTDA - 79.634.572/0001-82;Inativo;04/2029;harpagophytum procumbens;incluido_alias_completo;Inativo;116780015;25351 635611 2008 80;garra ec;as ervas curam industria farmaceutica ltda 79 634 572 0001 82;;2008;TRUE;1;Harpagophytum procumbens;harpagophytum procumbens dc. ex meissn.
63;Garra-do-diabo;REG:118600035;Harpagophytum procumbens;harpagophytum procumbens dc. ex meissn.;78;Harpagophytum_procumbens__harpagophytum_procumbens_dc._ex_meissn.xlsx;GARRA DO DIABO HERBARIUM;;;REGISTRADO;118600035;25023.230036/95;HERBARIUM LABORATORIO BOTANICO LTDA - 78.950.011/0001-20;Inativo;01/2028;harpagophytum procumbens;incluido_alias_completo;Inativo;118600035;25023 230036 95;garra do diabo herbarium;herbarium laboratorio botanico ltda 78 950 011 0001 20;;;TRUE;1;Harpagophytum procumbens;harpagophytum procumbens dc. ex meissn.
63;Garra-do-diabo;REG:118600041;Harpagophytum procumbens;harpagophytum procumbens (burch.) dc. ex meissn.;77;Harpagophytum_procumbens__harpagophytum_procumbens_burch._dc._ex_meissn.xlsx;GARRA DO DIABO GOTAS;;;REGISTRADO;118600041;25351.011439/2003-60;HERBARIUM LABORATORIO BOTANICO LTDA - 78.950.011/0001-20;Inativo;04/2008;harpagophytum procumbens;incluido_alias_completo;Inativo;118600041;25351 011439 2003 60;garra do diabo gotas;herbarium laboratorio botanico ltda 78 950 011 0001 20;;2003;TRUE;1;Harpagophytum procumbens;harpagophytum procumbens (burch.) dc. ex meissn.
63;Garra-do-diabo;REG:118600099;Harpagophytum procumbens;extrato da raiz de harpagophytum procumbens;75;Harpagophytum_procumbens__EXTRATO_DA_RAIZ_DE_HARPAGOPHYTUM_PROCUMBENS.xlsx;Artroflan;;;REGISTRADO;118600099;25351.490926/2015-52;HERBARIUM LABORATORIO BOTANICO LTDA - 78.950.011/0001-20;Inativo;03/2022;harpagophytum procumbens;incluido_alias_completo;Inativo;118600099;25351 490926 2015 52;artroflan;herbarium laboratorio botanico ltda 78 950 011 0001 20;;2015;TRUE;1;Harpagophytum procumbens;extrato da raiz de harpagophytum procumbens
63;Garra-do-diabo;REG:118610237;Harpagophytum procumbens;harpagophytum procumbens (burch.) dc. ex meissn.;77;Harpagophytum_procumbens__harpagophytum_procumbens_burch._dc._ex_meissn.xlsx;CYRD;;;REGISTRADO;118610237;25351.163463/2004-64;ATIVUS FARMACÊUTICA LTDA - 64.088.172/0001-41;Inativo;01/2015;harpagophytum procumbens;incluido_alias_completo;Inativo;118610237;25351 163463 2004 64;cyrd;ativus farmaceutica ltda 64 088 172 0001 41;;2004;TRUE;1;Harpagophytum procumbens;harpagophytum procumbens (burch.) dc. ex meissn.
63;Garra-do-diabo;REG:118610272;Harpagophytum procumbens;harpagophytum procumbens dc. ex meissn.;78;Harpagophytum_procumbens__harpagophytum_procumbens_dc._ex_meissn.xlsx;BIOFLAN;;;REGISTRADO;118610272;25351.442791/2012-81;ATIVUS FARMACÊUTICA LTDA - 64.088.172/0001-41;Inativo;05/2023;harpagophytum procumbens;incluido_alias_completo;Inativo;118610272;25351 442791 2012 81;bioflan;ativus farmaceutica ltda 64 088 172 0001 41;;2012;TRUE;2;Harpagophytum procumbens;harpagophytum procumbens (burch.) dc. ex meissn. | harpagophytum procumbens dc. ex meissn.
63;Garra-do-diabo;REG:120090013;Harpagophytum procumbens;harpagophytum procumbens dc. ex meissn.;78;Harpagophytum_procumbens__harpagophytum_procumbens_dc._ex_meissn.xlsx;REUMASIL BIONATUS;;;REGISTRADO;120090013;25000.011969/92-56;BIONATUS LABORATÓRIO BOTÂNICO LTDA - 68.032.192/0001-51;Inativo;09/2016;harpagophytum procumbens;incluido_alias_completo;Inativo;120090013;25000 011969 92 56;reumasil bionatus;bionatus laboratorio botanico ltda 68 032 192 0001 51;;;TRUE;1;Harpagophytum procumbens;harpagophytum procumbens dc. ex meissn.
63;Garra-do-diabo;REG:123970012;Harpagophytum procumbens;harpagophytum procumbens (burch.) dc. ex meissn.;77;Harpagophytum_procumbens__harpagophytum_procumbens_burch._dc._ex_meissn.xlsx;GARRA DO DIABO ORIENT;;;REGISTRADO;123970012;25351.199057/2002-78;ORIENT MIX FITOTERÁPICOS DO BRASIL LTDA. - 73.657.876/0001-89;Inativo;04/2008;harpagophytum procumbens;incluido_alias_completo;Inativo;123970012;25351 199057 2002 78;garra do diabo orient;orient mix fitoterapicos do brasil ltda 73 657 876 0001 89;;2002;TRUE;1;Harpagophytum procumbens;harpagophytum procumbens (burch.) dc. ex meissn.
63;Garra-do-diabo;REG:138410057;Harpagophytum procumbens;harpagophytum procumbens dc. ex meissn.;78;Harpagophytum_procumbens__harpagophytum_procumbens_dc._ex_meissn.xlsx;ARPYNFLAN;;harpagophytum procumbens dc. ex meissn.;REGISTRADO;138410057;25351.594570/2012-36;NATULAB LABORATORIO S.A - 02.456.955/0001-83;Ativo;07/2028;harpagophytum procumbens;incluido_alias_completo;Ativo;138410057;25351 594570 2012 36;arpynflan;natulab laboratorio s a 02 456 955 0001 83;harpagophytum procumbens dc ex meissn;2012;TRUE;1;Harpagophytum procumbens;harpagophytum procumbens dc. ex meissn.
63;Garra-do-diabo;REG:142570063;Harpagophytum procumbens;harpagophytum procumbens (burch.) dc. ex meissn.;77;Harpagophytum_procumbens__harpagophytum_procumbens_burch._dc._ex_meissn.xlsx;Reumatri;;;REGISTRADO;142570063;25351.194708/2002-33;LUCIOMED FARMACÊUTICA DO BRASIL LTDA - 01.845.448/0001-79;Inativo;12/2007;harpagophytum procumbens;incluido_alias_completo;Inativo;142570063;25351 194708 2002 33;reumatri;luciomed farmaceutica do brasil ltda 01 845 448 0001 79;;2002;TRUE;1;Harpagophytum procumbens;harpagophytum procumbens (burch.) dc. ex meissn.
63;Garra-do-diabo;REG:144930035;Harpagophytum procumbens;harpagophytum procumbens dc. ex meissn.;78;Harpagophytum_procumbens__harpagophytum_procumbens_dc._ex_meissn.xlsx;RUBOREN;;;REGISTRADO;144930035;25351.049170/2003-94;AIRELA INDÚSTRIA FARMACÊUTICA LTDA. - 01.858.973/0001-29;Inativo;12/2028;harpagophytum procumbens;incluido_alias_completo;Inativo;144930035;25351 049170 2003 94;ruboren;airela industria farmaceutica ltda 01 858 973 0001 29;;2003;TRUE;1;Harpagophytum procumbens;harpagophytum procumbens dc. ex meissn.
63;Garra-do-diabo;REG:145010022;Harpagophytum procumbens;harpagophytum procumbens (burch.) dc. ex meissn.;77;Harpagophytum_procumbens__harpagophytum_procumbens_burch._dc._ex_meissn.xlsx;GARRA DO DIABO BRASMED;;;REGISTRADO;145010022;25351.060902/2003-05;BRASMED BOTÂNICA E FARMACÊUTICA LTDA - 00.660.703/0001-46;Inativo;11/2009;harpagophytum procumbens;incluido_alias_completo;Inativo;145010022;25351 060902 2003 05;garra do diabo brasmed;brasmed botanica e farmaceutica ltda 00 660 703 0001 46;;2003;TRUE;1;Harpagophytum procumbens;harpagophytum procumbens (burch.) dc. ex meissn.
63;Garra-do-diabo;REG:154000037;Harpagophytum procumbens;harpagophytum procumbens dc. ex meissn.;78;Harpagophytum_procumbens__harpagophytum_procumbens_dc._ex_meissn.xlsx;REUMALIV;;harpagophytum procumbens (burch.) dc. ex meissn., harpagophytum procumbens dc. ex meissn.;REGISTRADO;154000037;25351.004451/2003-18;LABORATÓRIO VITALAB LTDA - 56.646.953/0001-86;Ativo;05/2028;harpagophytum procumbens;incluido_alias_completo;Ativo;154000037;25351 004451 2003 18;reumaliv;laboratorio vitalab ltda 56 646 953 0001 86;harpagophytum procumbens burch dc ex meissn harpagophytum procumbens dc ex meissn;2003;TRUE;2;Harpagophytum procumbens;harpagophytum procumbens (burch.) dc. ex meissn. | harpagophytum procumbens dc. ex meissn.
63;Garra-do-diabo;REG:154230286;Harpagophytum procumbens;harpagophytum procumbens dc. ex meissn.;78;Harpagophytum_procumbens__harpagophytum_procumbens_dc._ex_meissn.xlsx;ARPAFITO;;harpagophytum procumbens dc. ex meissn.;REGISTRADO;154230286;25351.406911/2016-47;GEOLAB INDÚSTRIA FARMACÊUTICA S/A - 03.485.572/0001-04;Ativo;02/2029;harpagophytum procumbens;incluido_alias_completo;Ativo;154230286;25351 406911 2016 47;arpafito;geolab industria farmaceutica s a 03 485 572 0001 04;harpagophytum procumbens dc ex meissn;2016;TRUE;1;Harpagophytum procumbens;harpagophytum procumbens dc. ex meissn.
63;Garra-do-diabo;REG:167730656;Harpagophytum procumbens;harpagophytum procumbens dc. ex meissn.;78;Harpagophytum_procumbens__harpagophytum_procumbens_dc._ex_meissn.xlsx;TISMO;;harpagophytum procumbens dc. ex meissn.;REGISTRADO;167730656;25351.737015/2019-96;LEGRAND PHARMA INDÚSTRIA FARMACÊUTICA LTDA - 05.044.984/0001-26;Ativo;10/2030;harpagophytum procumbens;incluido_alias_completo;Ativo;167730656;25351 737015 2019 96;tismo;legrand pharma industria farmaceutica ltda 05 044 984 0001 26;harpagophytum procumbens dc ex meissn;2019;TRUE;1;Harpagophytum procumbens;harpagophytum procumbens dc. ex meissn.
63;Garra-do-diabo;REG:178170870;Harpagophytum procumbens;harpagophytum procumbens dc. ex meissn.;78;Harpagophytum_procumbens__harpagophytum_procumbens_dc._ex_meissn.xlsx;Artroflan;;harpagophytum procumbens dc. ex meissn.;REGISTRADO;178170870;25351.062203/2019-59;COSMED INDUSTRIA DE COSMETICOS E MEDICAMENTOS S.A. - 61.082.426/0002-07;Ativo;03/2027;harpagophytum procumbens;incluido_alias_completo;Ativo;178170870;25351 062203 2019 59;artroflan;cosmed industria de cosmeticos e medicamentos s a 61 082 426 0002 07;harpagophytum procumbens dc ex meissn;2019;TRUE;1;Harpagophytum procumbens;harpagophytum procumbens dc. ex meissn.
64;Gengibre;REG:100380021;Zingiber officinale;zingiber officinale roscoe;182;Zingiber_officinale__ZINGIBER_OFFICINALE_ROSCOE.xlsx;VITASENG;;;REGISTRADO;100380021;25000.010103/90-84;BRASTERAPICA PHARMACEUTICA LTDA. - 46.179.008/0001-68;Inativo;05/2004;zingiber officinale roscoe;incluido_alias_completo;Inativo;100380021;25000 010103 90 84;vitaseng;brasterapica pharmaceutica ltda 46 179 008 0001 68;;;TRUE;2;Zingiber officinale | zingiber officinale roscoe;zingiber officinale roscoe
64;Gengibre;REG:100660015;Zingiber officinale;zingiber officinale roscoe;182;Zingiber_officinale__ZINGIBER_OFFICINALE_ROSCOE.xlsx;CATUAMA;CATARINENSE;PAULINIA CUPANA, TRICHILIA EMARGINATA (TURCZ.) C.DC., CROTON ECHIOIDEUS BAILL., CROTON HELIOTROPIIFOLIUS KUNTH, PAULLINIA CUPANA KUNTH, Trichilia catigua A.Juss., ZINGIBER OFFICINALE ROSCOE;REGISTRADO;100660015;25991.006611/80;LABORATORIO CATARINENSE LTDA - 84.684.620/0001-87;Ativo;12/2035;zingiber officinale roscoe;incluido_alias_completo;Ativo;100660015;25991 006611 80;catuama;laboratorio catarinense ltda 84 684 620 0001 87;paulinia cupana trichilia emarginata turcz c dc croton echioideus baill croton heliotropiifolius kunth paullinia cupana kunth trichilia catigua a juss zingiber officinale roscoe;;TRUE;2;Zingiber officinale | zingiber officinale roscoe;zingiber officinale roscoe
64;Gengibre;REG:102350550;Zingiber officinale;zingiber officinale roscoe;182;Zingiber_officinale__ZINGIBER_OFFICINALE_ROSCOE.xlsx;FITOGIBRE;;;REGISTRADO;102350550;25351.166687/2002-66;EMS S/A - 57.507.378/0003-65;Inativo;09/2007;zingiber officinale roscoe;incluido_alias_completo;Inativo;102350550;25351 166687 2002 66;fitogibre;ems s a 57 507 378 0003 65;;2002;TRUE;2;Zingiber officinale | zingiber officinale roscoe;zingiber officinale roscoe
64;Gengibre;REG:103900185;Zingiber officinale;zingiber officinale roscoe;182;Zingiber_officinale__ZINGIBER_OFFICINALE_ROSCOE.xlsx;GENGIMIN;;ZINGIBER OFFICINALE ROSCOE;REGISTRADO;103900185;25351.666989/2012-34;FARMOQUÍMICA S/A - 33.349.473/0001-58;Ativo;10/2028;zingiber officinale roscoe;incluido_alias_completo;Ativo;103900185;25351 666989 2012 34;gengimin;farmoquimica s a 33 349 473 0001 58;zingiber officinale roscoe;2012;TRUE;2;Zingiber officinale | zingiber officinale roscoe;zingiber officinale roscoe
64;Gengibre;REG:104400014;Zingiber officinale;zingiber officinale roscoe;182;Zingiber_officinale__ZINGIBER_OFFICINALE_ROSCOE.xlsx;BRONCOL;;;REGISTRADO;104400014;25992.007509/73;CELLERA FARMACÊUTICA S.A. - 33.173.097/0002-74;Inativo;03/2004;zingiber officinale roscoe;incluido_alias_completo;Inativo;104400014;25992 007509 73;broncol;cellera farmaceutica s a 33 173 097 0002 74;;;TRUE;2;Zingiber officinale | zingiber officinale roscoe;zingiber officinale roscoe
64;Gengibre;REG:114620038;Zingiber officinale;zingiber officinale roscoe;182;Zingiber_officinale__ZINGIBER_OFFICINALE_ROSCOE.xlsx;GINBRE;;ZINGIBER OFFICINALE ROSCOE;REGISTRADO;114620038;25351.739926/2019-58;MYRALIS INDÚSTRIA FARMACÊUTICA LTDA - 17.440.261/0001-25;Ativo;10/2030;zingiber officinale roscoe;incluido_alias_completo;Ativo;114620038;25351 739926 2019 58;ginbre;myralis industria farmaceutica ltda 17 440 261 0001 25;zingiber officinale roscoe;2019;TRUE;2;Zingiber officinale | zingiber officinale roscoe;zingiber officinale roscoe
64;Gengibre;REG:118600036;Zingiber officinale;zingiber officinale roscoe;182;Zingiber_officinale__ZINGIBER_OFFICINALE_ROSCOE.xlsx;GENGIBRE HERBARIUM;;;REGISTRADO;118600036;25351.213990/2002-65;HERBARIUM LABORATORIO BOTANICO LTDA - 78.950.011/0001-20;Inativo;01/2008;zingiber officinale roscoe;incluido_alias_completo;Inativo;118600036;25351 213990 2002 65;gengibre herbarium;herbarium laboratorio botanico ltda 78 950 011 0001 20;;2002;TRUE;2;Zingiber officinale | zingiber officinale roscoe;zingiber officinale roscoe
64;Gengibre;REG:118600096;Zingiber officinale;zingiber officinale roscoe;182;Zingiber_officinale__ZINGIBER_OFFICINALE_ROSCOE.xlsx;ZINGIB;;;REGISTRADO;118600096;25351.639790/2012-28;HERBARIUM LABORATORIO BOTANICO LTDA - 78.950.011/0001-20;Inativo;07/2018;zingiber officinale roscoe;incluido_alias_completo;Inativo;118600096;25351 639790 2012 28;zingib;herbarium laboratorio botanico ltda 78 950 011 0001 20;;2012;TRUE;2;Zingiber officinale | zingiber officinale roscoe;zingiber officinale roscoe
64;Gengibre;REG:125210032;Zingiber officinale;zingiber officinale roscoe;182;Zingiber_officinale__ZINGIBER_OFFICINALE_ROSCOE.xlsx;TESTO BALLDARASSI;;;REGISTRADO;125210032;25000.014925/97-00;BALLDARASSI IND E COM DE PRODS FARMACEUTICOS LTDA - 72.719.396/0001-32;Inativo;08/2006;zingiber officinale roscoe;incluido_alias_completo;Inativo;125210032;25000 014925 97 00;testo balldarassi;balldarassi ind e com de prods farmaceuticos ltda 72 719 396 0001 32;;;TRUE;2;Zingiber officinale | zingiber officinale roscoe;zingiber officinale roscoe
65;Ginkgo;REG:100140071;Ginkgo biloba;ginkgo biloba l.;72;Ginkgo_biloba__ginkgo_biloba_l.xlsx;GINKOBA;GINKOBA 40 MG, GINKOBA 80 MG;;REGISTRADO;100140071;25000.012827/93-88;QUIMICA FARMACEUTICA NIKKHO DO BRASIL LTDA - 33.517.558/0001-06;Inativo;05/2007;ginkgo biloba;incluido_alias_completo;Inativo;100140071;25000 012827 93 88;ginkoba;quimica farmaceutica nikkho do brasil ltda 33 517 558 0001 06;;;TRUE;2;ginkgo | Ginkgo biloba;ginkgo biloba l.
65;Ginkgo;REG:100149942;Ginkgo biloba;ginkgo biloba l.;72;Ginkgo_biloba__ginkgo_biloba_l.xlsx;GINKOBA;;;REGISTRADO;100149942;25351.614159/2008-12;QUIMICA FARMACEUTICA NIKKHO DO BRASIL LTDA - 33.517.558/0001-06;Inativo;12/2014;ginkgo biloba;incluido_alias_completo;Inativo;100149942;25351 614159 2008 12;ginkoba;quimica farmaceutica nikkho do brasil ltda 33 517 558 0001 06;;2008;TRUE;2;ginkgo | Ginkgo biloba;ginkgo biloba l.
65;Ginkgo;REG:100380107;Ginkgo biloba;ginkgo biloba l.;72;Ginkgo_biloba__ginkgo_biloba_l.xlsx;GINKGO BILOBA BRASTERAPICA;;ginkgo biloba l.;REGISTRADO;100380107;25351.873987/2016-00;BRASTERAPICA PHARMACEUTICA LTDA. - 46.179.008/0001-68;Ativo;11/2029;ginkgo biloba;incluido_alias_completo;Ativo;100380107;25351 873987 2016 00;ginkgo biloba brasterapica;brasterapica pharmaceutica ltda 46 179 008 0001 68;ginkgo biloba l;2016;TRUE;2;ginkgo | Ginkgo biloba;ginkgo biloba l.
65;Ginkgo;REG:100430574;Ginkgo biloba;ginkgo biloba l.;72;Ginkgo_biloba__ginkgo_biloba_l.xlsx;EQUITAN;;;REGISTRADO;100430574;25000.007685/88-89;EUROFARMA LABORATORIOS S.A. - 61.190.096/0001-92;Inativo;02/2006;ginkgo biloba;incluido_alias_completo;Inativo;100430574;25000 007685 88 89;equitan;eurofarma laboratorios s a 61 190 096 0001 92;;;TRUE;2;ginkgo | Ginkgo biloba;ginkgo biloba l.
65;Ginkgo;REG:100430960;Ginkgo biloba;ginkgo biloba l.;72;Ginkgo_biloba__ginkgo_biloba_l.xlsx;EQUITAM;;;REGISTRADO;100430960;25351.302053/2006-15;EUROFARMA LABORATORIOS S.A. - 61.190.096/0001-92;Inativo;12/2011;ginkgo biloba;incluido_alias_completo;Inativo;100430960;25351 302053 2006 15;equitam;eurofarma laboratorios s a 61 190 096 0001 92;;2006;TRUE;2;ginkgo | Ginkgo biloba;ginkgo biloba l.
65;Ginkgo;REG:100431205;Ginkgo biloba;ginkgo biloba l.;72;Ginkgo_biloba__ginkgo_biloba_l.xlsx;EQUITAM;;;REGISTRADO;100431205;25351.270410/2014-10;EUROFARMA LABORATORIOS S.A. - 61.190.096/0001-92;Inativo;03/2022;ginkgo biloba;incluido_alias_completo;Inativo;100431205;25351 270410 2014 10;equitam;eurofarma laboratorios s a 61 190 096 0001 92;;2014;TRUE;2;ginkgo | Ginkgo biloba;ginkgo biloba l.
65;Ginkgo;REG:100431379;Ginkgo biloba;ginkgo biloba l.;72;Ginkgo_biloba__ginkgo_biloba_l.xlsx;EQUITAM;;ginkgo biloba l.;REGISTRADO;100431379;25351.843861/2021-69;EUROFARMA LABORATORIOS S.A. - 61.190.096/0001-92;Ativo;03/2027;ginkgo biloba;incluido_alias_completo;Ativo;100431379;25351 843861 2021 69;equitam;eurofarma laboratorios s a 61 190 096 0001 92;ginkgo biloba l;2021;TRUE;2;ginkgo | Ginkgo biloba;ginkgo biloba l.
65;Ginkgo;REG:100470346;Ginkgo biloba;ginkgo biloba l.;72;Ginkgo_biloba__ginkgo_biloba_l.xlsx;BINKO;;;REGISTRADO;100470346;25351.018563/00-13;SANDOZ DO BRASIL INDÚSTRIA FARMACÊUTICA LTDA - 61.286.647/0001-16;Inativo;10/2011;ginkgo biloba;incluido_alias_completo;Inativo;100470346;25351 018563 00 13;binko;sandoz do brasil industria farmaceutica ltda 61 286 647 0001 16;;;TRUE;2;ginkgo | Ginkgo biloba;ginkgo biloba l.
65;Ginkgo;REG:100470365;Ginkgo biloba;ginkgo biloba l.;72;Ginkgo_biloba__ginkgo_biloba_l.xlsx;GINGOPUR;;;REGISTRADO;100470365;25000.034912/96-21;SANDOZ DO BRASIL INDÚSTRIA FARMACÊUTICA LTDA - 61.286.647/0001-16;Inativo;05/2007;ginkgo biloba;incluido_alias_completo;Inativo;100470365;25000 034912 96 21;gingopur;sandoz do brasil industria farmaceutica ltda 61 286 647 0001 16;;;TRUE;2;ginkgo | Ginkgo biloba;ginkgo biloba l.
65;Ginkgo;REG:100610058;Ginkgo biloba;extrato de ginkgo biloba;71;Ginkgo_biloba__EXTRATO_DE_GINKGO_BILOBA.xlsx;GINKOBILON;;;REGISTRADO;100610058;25351.009825/01-40;WELEDA DO BRASIL LABORATÓRIO E FARMÁCIA LTDA - 56.992.217/0001-80;Inativo;08/2006;ginkgo biloba;incluido_alias_completo;Inativo;100610058;25351 009825 01 40;ginkobilon;weleda do brasil laboratorio e farmacia ltda 56 992 217 0001 80;;;TRUE;2;ginkgo | Ginkgo biloba;extrato de ginkgo biloba
65;Ginkgo;REG:100663371;Ginkgo biloba;ginkgo biloba l.;72;Ginkgo_biloba__ginkgo_biloba_l.xlsx;GINKGO CATARINENSE;GINKGO BILOBA-CATARINENSE;ginkgo biloba l.;REGISTRADO;100663371;25000.021396/98-73;LABORATORIO CATARINENSE LTDA - 84.684.620/0001-87;Ativo;04/2035;ginkgo biloba;incluido_alias_completo;Ativo;100663371;25000 021396 98 73;ginkgo catarinense;laboratorio catarinense ltda 84 684 620 0001 87;ginkgo biloba l;;TRUE;2;ginkgo | Ginkgo biloba;ginkgo biloba l.
65;Ginkgo;REG:100890189;Ginkgo biloba;ginkgo biloba l.;72;Ginkgo_biloba__ginkgo_biloba_l.xlsx;EXTRATO SECO DE GINKO BILOBA L.;KIADON, KIADON 80;;REGISTRADO;100890189;25000.002378/89-83;MERCK S/A - 33.069.212/0001-84;Inativo;01/2020;ginkgo biloba;incluido_alias_completo;Inativo;100890189;25000 002378 89 83;extrato seco de ginko biloba l;merck s a 33 069 212 0001 84;;;TRUE;2;ginkgo | Ginkgo biloba;ginkgo biloba l.
65;Ginkgo;REG:101160064;Ginkgo biloba;ginkgo biloba l.;72;Ginkgo_biloba__ginkgo_biloba_l.xlsx;TANAKAN;;;REGISTRADO;101160064;25001.000192/85;KNOLL PRODS QUIMS FARMACEUTICOS LTDA. - 33.258.450/0001-38;Inativo;02/2008;ginkgo biloba;incluido_alias_completo;Inativo;101160064;25001 000192 85;tanakan;knoll prods quims farmaceuticos ltda 33 258 450 0001 38;;;TRUE;2;ginkgo | Ginkgo biloba;ginkgo biloba l.
65;Ginkgo;REG:102030062;Ginkgo biloba;ginkgo biloba l.;72;Ginkgo_biloba__ginkgo_biloba_l.xlsx;GINKOBIL;;;REGISTRADO;102030062;25000.029975/96-01;INFABRA INDUSTRIA FARMACEUTICA BRASILEIRA LTDA - 42.341.149/0001-84;Inativo;02/2005;ginkgo biloba;incluido_alias_completo;Inativo;102030062;25000 029975 96 01;ginkobil;infabra industria farmaceutica brasileira ltda 42 341 149 0001 84;;;TRUE;2;ginkgo | Ginkgo biloba;ginkgo biloba l.
65;Ginkgo;REG:102350524;Ginkgo biloba;ginkgo biloba l.;72;Ginkgo_biloba__ginkgo_biloba_l.xlsx;MEMO-GINKGO;;;REGISTRADO;102350524;25000.009124/98-12;EMS S/A - 57.507.378/0003-65;Inativo;12/2006;ginkgo biloba;incluido_alias_completo;Inativo;102350524;25000 009124 98 12;memo ginkgo;ems s a 57 507 378 0003 65;;;TRUE;2;ginkgo | Ginkgo biloba;ginkgo biloba l.
65;Ginkgo;REG:103700347;Ginkgo biloba;ginkgo biloba l.;72;Ginkgo_biloba__ginkgo_biloba_l.xlsx;GINCOLIN;;;REGISTRADO;103700347;25000.006907/96-83;LABORATÓRIO TEUTO BRASILEIRO S/A - 17.159.229/0001-76;Inativo;12/2011;ginkgo biloba;incluido_alias_completo;Inativo;103700347;25000 006907 96 83;gincolin;laboratorio teuto brasileiro s a 17 159 229 0001 76;;;TRUE;2;ginkgo | Ginkgo biloba;ginkgo biloba l.
65;Ginkgo;REG:104041971;Ginkgo biloba;ginkgo biloba l.;72;Ginkgo_biloba__ginkgo_biloba_l.xlsx;GINKOTAB;;;REGISTRADO;104041971;25351.204431/2004-26;LUPER INDÚSTRIA FARMACÊUTICA LTDA - 61.299.111/0001-35;Inativo;07/2015;ginkgo biloba;incluido_alias_completo;Inativo;104041971;25351 204431 2004 26;ginkotab;luper industria farmaceutica ltda 61 299 111 0001 35;;2004;TRUE;2;ginkgo | Ginkgo biloba;ginkgo biloba l.
65;Ginkgo;REG:104150045;Ginkgo biloba;ginkgo biloba l.;72;Ginkgo_biloba__ginkgo_biloba_l.xlsx;NATUBILOBA;;;REGISTRADO;104150045;25351.022580/2003-98;LABORATORIO HANEMANIANA VERITAS LTDA - 33.790.981/0001-77;Inativo;06/2008;ginkgo biloba;incluido_alias_completo;Inativo;104150045;25351 022580 2003 98;natubiloba;laboratorio hanemaniana veritas ltda 33 790 981 0001 77;;2003;TRUE;2;ginkgo | Ginkgo biloba;ginkgo biloba l.
65;Ginkgo;REG:104400110;Ginkgo biloba;ginkgo biloba l.;72;Ginkgo_biloba__ginkgo_biloba_l.xlsx;GIBILON;;;REGISTRADO;104400110;25000.015805/98-66;CELLERA FARMACÊUTICA S.A. - 33.173.097/0002-74;Inativo;03/2006;ginkgo biloba;incluido_alias_completo;Inativo;104400110;25000 015805 98 66;gibilon;cellera farmaceutica s a 33 173 097 0002 74;;;TRUE;2;ginkgo | Ginkgo biloba;ginkgo biloba l.
65;Ginkgo;REG:104670135;Ginkgo biloba;ginkgo biloba l.;72;Ginkgo_biloba__ginkgo_biloba_l.xlsx;GINKOFARMA;;;REGISTRADO;104670135;25351.188823/2002-79;LABORATORIO FARMAERVAS LTDA - 60.565.520/0001-73;Inativo;09/2007;ginkgo biloba;incluido_alias_completo;Inativo;104670135;25351 188823 2002 79;ginkofarma;laboratorio farmaervas ltda 60 565 520 0001 73;;2002;TRUE;2;ginkgo | Ginkgo biloba;ginkgo biloba l.
65;Ginkgo;REG:104730044;Ginkgo biloba;ginkgo biloba l.;72;Ginkgo_biloba__ginkgo_biloba_l.xlsx;GINKGO VIDORA;;ginkgo biloba l.;REGISTRADO;104730044;25351.120871/2020-41;VIDORA FARMACÊUTICA LTDA - 92.762.277/0001-70;Ativo;01/2031;ginkgo biloba;incluido_alias_completo;Ativo;104730044;25351 120871 2020 41;ginkgo vidora;vidora farmaceutica ltda 92 762 277 0001 70;ginkgo biloba l;2020;TRUE;2;ginkgo | Ginkgo biloba;ginkgo biloba l.
65;Ginkgo;REG:104971405;Ginkgo biloba;ginkgo biloba l.;72;Ginkgo_biloba__ginkgo_biloba_l.xlsx;Ginkobonin;;ginkgo biloba l.;REGISTRADO;104971405;25351.487220/2014-79;UNIÃO QUÍMICA FARMACÊUTICA NACIONAL S/A - 60.665.981/0001-18;Ativo;07/2027;ginkgo biloba;incluido_alias_completo;Ativo;104971405;25351 487220 2014 79;ginkobonin;uniao quimica farmaceutica nacional s a 60 665 981 0001 18;ginkgo biloba l;2014;TRUE;2;ginkgo | Ginkgo biloba;ginkgo biloba l.
65;Ginkgo;REG:105040054;Ginkgo biloba;ginkgo biloba l.;72;Ginkgo_biloba__ginkgo_biloba_l.xlsx;GINKGO BILOBA LABORATÓRIOS OSÓRIO DE MORAES;;ginkgo biloba l.;REGISTRADO;105040054;25351.065849/2024-55;LABORATÓRIOS OSÓRIO DE MORAES LTDA - 19.791.813/0001-75;Ativo;12/2034;ginkgo biloba;incluido_alias_completo;Ativo;105040054;25351 065849 2024 55;ginkgo biloba laboratorios osorio de moraes;laboratorios osorio de moraes ltda 19 791 813 0001 75;ginkgo biloba l;2024;TRUE;2;ginkgo | Ginkgo biloba;ginkgo biloba l.
65;Ginkgo;REG:105290001;Ginkgo biloba;ginkgo biloba l.;72;Ginkgo_biloba__ginkgo_biloba_l.xlsx;GINKOLEN;;;REGISTRADO;105290001;25351.017107/01-00;EASELABS LABORATORIO FARMACEUTICO LTDA. - 17.299.140/0001-05;Inativo;04/2007;ginkgo biloba;incluido_alias_completo;Inativo;105290001;25351 017107 01 00;ginkolen;easelabs laboratorio farmaceutico ltda 17 299 140 0001 05;;;TRUE;2;ginkgo | Ginkgo biloba;ginkgo biloba l.
65;Ginkgo;REG:105350114;Ginkgo biloba;ginkgo biloba l.;72;Ginkgo_biloba__ginkgo_biloba_l.xlsx;GINKAN;;;REGISTRADO;105350114;25351.022967/00-58;LABORATÓRIO GLOBO SA - 17.115.437/0001-73;Inativo;06/2011;ginkgo biloba;incluido_alias_completo;Inativo;105350114;25351 022967 00 58;ginkan;laboratorio globo sa 17 115 437 0001 73;;;TRUE;2;ginkgo | Ginkgo biloba;ginkgo biloba l.
65;Ginkgo;REG:105530314;Ginkgo biloba;ginkgo biloba l.;72;Ginkgo_biloba__ginkgo_biloba_l.xlsx;TANAKAN;;ginkgo biloba l.;REGISTRADO;105530314;25351.074128/2004-92;ABBOTT LABORATÓRIOS DO BRASIL LTDA - 56.998.701/0001-16;Ativo;02/2028;ginkgo biloba;incluido_alias_completo;Ativo;105530314;25351 074128 2004 92;tanakan;abbott laboratorios do brasil ltda 56 998 701 0001 16;ginkgo biloba l;2004;TRUE;2;ginkgo | Ginkgo biloba;ginkgo biloba l.
65;Ginkgo;REG:105710127;Ginkgo biloba;ginkgo biloba l.;72;Ginkgo_biloba__ginkgo_biloba_l.xlsx;TEBILOBA;;;REGISTRADO;105710127;25351.004619/01-71;BELFAR LTDA - 18.324.343/0001-77;Inativo;05/2011;ginkgo biloba;incluido_alias_completo;Inativo;105710127;25351 004619 01 71;tebiloba;belfar ltda 18 324 343 0001 77;;;TRUE;2;ginkgo | Ginkgo biloba;ginkgo biloba l.
65;Ginkgo;REG:105730296;Ginkgo biloba;ginkgo biloba l.;72;Ginkgo_biloba__ginkgo_biloba_l.xlsx;DINATON;;;REGISTRADO;105730296;25351.067244/2003-74;ACHÉ LABORATÓRIOS FARMACÊUTICOS S.A - 60.659.463/0029-92;Inativo;10/2014;ginkgo biloba;incluido_alias_completo;Inativo;105730296;25351 067244 2003 74;dinaton;ache laboratorios farmaceuticos s a 60 659 463 0029 92;;2003;TRUE;4;ginkgo | Ginkgo biloba;extrato de ginkgo biloba | ginkgo biloba l.
65;Ginkgo;REG:105770166;Ginkgo biloba;ginkgo biloba l.;72;Ginkgo_biloba__ginkgo_biloba_l.xlsx;GINBILOBA;;;REGISTRADO;105770166;25000.000894/99-63;LABORATIL FARMACEUTICA LTDA - 47.100.862/0001-50;Inativo;12/2009;ginkgo biloba;incluido_alias_completo;Inativo;105770166;25000 000894 99 63;ginbiloba;laboratil farmaceutica ltda 47 100 862 0001 50;;;TRUE;4;ginkgo | Ginkgo biloba;extrato de ginkgo biloba | ginkgo biloba l.
65;Ginkgo;REG:106240085;Ginkgo biloba;ginkgo biloba l.;72;Ginkgo_biloba__ginkgo_biloba_l.xlsx;GINKOMILLIUM;;;REGISTRADO;106240085;25351.013974/00-22;INDÚSTRIA FARMACÊUTICA MILIAN LTDA - 29.333.218/0001-40;Inativo;11/2005;ginkgo biloba;incluido_alias_completo;Inativo;106240085;25351 013974 00 22;ginkomillium;industria farmaceutica milian ltda 29 333 218 0001 40;;;TRUE;2;ginkgo | Ginkgo biloba;ginkgo biloba l.
65;Ginkgo;REG:106240238;Ginkgo biloba;ginkgo biloba l.;72;Ginkgo_biloba__ginkgo_biloba_l.xlsx;GINKOMILLIUM;;;REGISTRADO;106240238;25351.509287/2006-83;INDÚSTRIA FARMACÊUTICA MILIAN LTDA - 29.333.218/0001-40;Inativo;05/2012;ginkgo biloba;incluido_alias_completo;Inativo;106240238;25351 509287 2006 83;ginkomillium;industria farmaceutica milian ltda 29 333 218 0001 40;;2006;TRUE;2;ginkgo | Ginkgo biloba;ginkgo biloba l.
65;Ginkgo;REG:106390135;Ginkgo biloba;extrato de ginkgo biloba;71;Ginkgo_biloba__EXTRATO_DE_GINKGO_BILOBA.xlsx;TEBONIN;80 MG COMPRIMIDOS;;REGISTRADO;106390135;25992.003276/74;TAKEDA PHARMA LTDA. - 60.397.775/0001-74;Inativo;10/2025;ginkgo biloba;incluido_alias_completo;Inativo;106390135;25992 003276 74;tebonin;takeda pharma ltda 60 397 775 0001 74;;;TRUE;2;ginkgo | Ginkgo biloba;extrato de ginkgo biloba
65;Ginkgo;REG:106890121;Ginkgo biloba;ginkgo biloba l.;72;Ginkgo_biloba__ginkgo_biloba_l.xlsx;GINKOCAPS;GINKGOKAPS;ginkgo biloba l.;REGISTRADO;106890121;25351.022797/00-20;KLEY HERTZ FARMACEUTICA S.A - 92.695.691/0001-03;Ativo;05/2036;ginkgo biloba;incluido_alias_completo;Ativo;106890121;25351 022797 00 20;ginkocaps;kley hertz farmaceutica s a 92 695 691 0001 03;ginkgo biloba l;;TRUE;2;ginkgo | Ginkgo biloba;ginkgo biloba l.
65;Ginkgo;REG:109740122;Ginkgo biloba;ginkgo biloba l.;72;Ginkgo_biloba__ginkgo_biloba_l.xlsx;REATIN;;;REGISTRADO;109740122;25000.001304/99-83;BIOLAB SANUS FARMACÊUTICA LTDA - 49.475.833/0001-06;Inativo;05/2006;ginkgo biloba;incluido_alias_completo;Inativo;109740122;25000 001304 99 83;reatin;biolab sanus farmaceutica ltda 49 475 833 0001 06;;;TRUE;2;ginkgo | Ginkgo biloba;ginkgo biloba l.
65;Ginkgo;REG:110130049;Ginkgo biloba;ginkgo biloba l.;72;Ginkgo_biloba__ginkgo_biloba_l.xlsx;CLIBIUM;;;REGISTRADO;110130049;25000.000693/00-17;GLENMARK FARMACÊUTICA LTDA - 44.363.661/0001-57;Inativo;08/2010;ginkgo biloba;incluido_alias_completo;Inativo;110130049;25000 000693 00 17;clibium;glenmark farmaceutica ltda 44 363 661 0001 57;;;TRUE;2;ginkgo | Ginkgo biloba;ginkgo biloba l.
65;Ginkgo;REG:110220001;Ginkgo biloba;ginkgo biloba l.;72;Ginkgo_biloba__ginkgo_biloba_l.xlsx;OXIAN;;;REGISTRADO;110220001;25000.019792/97-87;HENSA-FARMA S.A - INDÚSTRIA QUÍMICA E FARMACÊUTICA - 06.270.144/0001-44;Inativo;10/2006;ginkgo biloba;incluido_alias_completo;Inativo;110220001;25000 019792 97 87;oxian;hensa farma s a industria quimica e farmaceutica 06 270 144 0001 44;;;TRUE;2;ginkgo | Ginkgo biloba;ginkgo biloba l.
65;Ginkgo;REG:111990022;Ginkgo biloba;ginkgo biloba l.;72;Ginkgo_biloba__ginkgo_biloba_l.xlsx;MAKROGINKGO;;;REGISTRADO;111990022;25000.001854/97-12;MAKROFARMA QUIMICA FARMACEUTICA LTDA - 33.223.157/0001-35;Inativo;04/2010;ginkgo biloba;incluido_alias_completo;Inativo;111990022;25000 001854 97 12;makroginkgo;makrofarma quimica farmaceutica ltda 33 223 157 0001 35;;;TRUE;2;ginkgo | Ginkgo biloba;ginkgo biloba l.
65;Ginkgo;REG:115600125;Ginkgo biloba;ginkgo biloba l.;72;Ginkgo_biloba__ginkgo_biloba_l.xlsx;GINCOBEM;;;REGISTRADO;115600125;25351.173703/2002-77;CIFARMA CIENTÍFICA FARMACÊUTICA LTDA - 17.562.075/0001-69;Inativo;10/2007;ginkgo biloba;incluido_alias_completo;Inativo;115600125;25351 173703 2002 77;gincobem;cifarma cientifica farmaceutica ltda 17 562 075 0001 69;;2002;TRUE;2;ginkgo | Ginkgo biloba;ginkgo biloba l.
65;Ginkgo;REG:116950025;Ginkgo biloba;ginkgo biloba l.;72;Ginkgo_biloba__ginkgo_biloba_l.xlsx;GINKGO VITAMED;;;REGISTRADO;116950025;25351.026716/00-70;LABORATÓRIO FARMACÊUTICO VITAMED LTDA - 29.346.301/0001-53;Inativo;10/2006;ginkgo biloba;incluido_alias_completo;Inativo;116950025;25351 026716 00 70;ginkgo vitamed;laboratorio farmaceutico vitamed ltda 29 346 301 0001 53;;;TRUE;2;ginkgo | Ginkgo biloba;ginkgo biloba l.
65;Ginkgo;REG:117170051;Ginkgo biloba;ginkgo biloba l.;72;Ginkgo_biloba__ginkgo_biloba_l.xlsx;Ginkgomenil;;;REGISTRADO;117170051;25351.010492/2005-13;PHARMASCIENCE INDUSTRIA FARMACEUTICA S.A - 25.773.037/0001-83;Inativo;04/2010;ginkgo biloba;incluido_alias_completo;Inativo;117170051;25351 010492 2005 13;ginkgomenil;pharmascience industria farmaceutica s a 25 773 037 0001 83;;2005;TRUE;2;ginkgo | Ginkgo biloba;ginkgo biloba l.
65;Ginkgo;REG:118190031;Ginkgo biloba;ginkgo biloba l.;72;Ginkgo_biloba__ginkgo_biloba_l.xlsx;GINKOLAB;;;REGISTRADO;118190031;25351.001296/01-27;MULTILAB INDUSTRIA E COMERCIO DE PRODUTOS FARMACEUTICOS LTDA - 92.265.552/0009-05;Inativo;04/2016;ginkgo biloba;incluido_alias_completo;Inativo;118190031;25351 001296 01 27;ginkolab;multilab industria e comercio de produtos farmaceuticos ltda 92 265 552 0009 05;;;TRUE;2;ginkgo | Ginkgo biloba;ginkgo biloba l.
65;Ginkgo;REG:118600001;Ginkgo biloba;ginkgo biloba l.;72;Ginkgo_biloba__ginkgo_biloba_l.xlsx;BIOFLAVIN;;;REGISTRADO;118600001;25023.230129/95;HERBARIUM LABORATORIO BOTANICO LTDA - 78.950.011/0001-20;Inativo;11/2010;ginkgo biloba;incluido_alias_completo;Inativo;118600001;25023 230129 95;bioflavin;herbarium laboratorio botanico ltda 78 950 011 0001 20;;;TRUE;2;ginkgo | Ginkgo biloba;ginkgo biloba l.
65;Ginkgo;REG:118600021;Ginkgo biloba;ginkgo biloba l.;72;Ginkgo_biloba__ginkgo_biloba_l.xlsx;GINKGO HERBARIUM;;;REGISTRADO;118600021;25351.032176/01-90;HERBARIUM LABORATORIO BOTANICO LTDA - 78.950.011/0001-20;Inativo;08/2007;ginkgo biloba;incluido_alias_completo;Inativo;118600021;25351 032176 01 90;ginkgo herbarium;herbarium laboratorio botanico ltda 78 950 011 0001 20;;;TRUE;2;ginkgo | Ginkgo biloba;ginkgo biloba l.
65;Ginkgo;REG:118600040;Ginkgo biloba;ginkgo biloba l.;72;Ginkgo_biloba__ginkgo_biloba_l.xlsx;BIOFLAVIN GOTAS;;;REGISTRADO;118600040;25351.011436/2003-26;HERBARIUM LABORATORIO BOTANICO LTDA - 78.950.011/0001-20;Inativo;04/2008;ginkgo biloba;incluido_alias_completo;Inativo;118600040;25351 011436 2003 26;bioflavin gotas;herbarium laboratorio botanico ltda 78 950 011 0001 20;;2003;TRUE;2;ginkgo | Ginkgo biloba;ginkgo biloba l.
65;Ginkgo;REG:118600082;Ginkgo biloba;ginkgo biloba l.;72;Ginkgo_biloba__ginkgo_biloba_l.xlsx;GINKGO HERBARIUM;;ginkgo biloba l.;REGISTRADO;118600082;25351.400903/2007-12;HERBARIUM LABORATORIO BOTANICO LTDA - 78.950.011/0001-20;Ativo;12/2027;ginkgo biloba;incluido_alias_completo;Ativo;118600082;25351 400903 2007 12;ginkgo herbarium;herbarium laboratorio botanico ltda 78 950 011 0001 20;ginkgo biloba l;2007;TRUE;2;ginkgo | Ginkgo biloba;ginkgo biloba l.
65;Ginkgo;REG:118600100;Ginkgo biloba;ginkgo biloba l.;72;Ginkgo_biloba__ginkgo_biloba_l.xlsx;TEBONIN;;ginkgo biloba l.;REGISTRADO;118600100;25351.200478/2020-31;HERBARIUM LABORATORIO BOTANICO LTDA - 78.950.011/0001-20;Ativo;10/2035;ginkgo biloba;incluido_alias_completo;Ativo;118600100;25351 200478 2020 31;tebonin;herbarium laboratorio botanico ltda 78 950 011 0001 20;ginkgo biloba l;2020;TRUE;2;ginkgo | Ginkgo biloba;ginkgo biloba l.
65;Ginkgo;REG:118610094;Ginkgo biloba;ginkgo biloba l.;72;Ginkgo_biloba__ginkgo_biloba_l.xlsx;KIRSAN;;;REGISTRADO;118610094;25351.029381/00-60;ATIVUS FARMACÊUTICA LTDA - 64.088.172/0001-41;Inativo;03/2011;ginkgo biloba;incluido_alias_completo;Inativo;118610094;25351 029381 00 60;kirsan;ativus farmaceutica ltda 64 088 172 0001 41;;;TRUE;2;ginkgo | Ginkgo biloba;ginkgo biloba l.
65;Ginkgo;REG:120090008;Ginkgo biloba;ginkgo biloba l.;72;Ginkgo_biloba__ginkgo_biloba_l.xlsx;BIOGINKGO;;;REGISTRADO;120090008;25000.019962/94-62;BIONATUS LABORATÓRIO BOTÂNICO LTDA - 68.032.192/0001-51;Inativo;06/2011;ginkgo biloba;incluido_alias_completo;Inativo;120090008;25000 019962 94 62;bioginkgo;bionatus laboratorio botanico ltda 68 032 192 0001 51;;;TRUE;2;ginkgo | Ginkgo biloba;ginkgo biloba l.
65;Ginkgo;REG:120090028;Ginkgo biloba;ginkgo biloba l.;72;Ginkgo_biloba__ginkgo_biloba_l.xlsx;BIOGINKGO BIONATUS;;ginkgo biloba l.;REGISTRADO;120090028;25351.471579/2012-13;BIONATUS LABORATÓRIO BOTÂNICO LTDA - 68.032.192/0001-51;Ativo;06/2028;ginkgo biloba;incluido_alias_completo;Ativo;120090028;25351 471579 2012 13;bioginkgo bionatus;bionatus laboratorio botanico ltda 68 032 192 0001 51;ginkgo biloba l;2012;TRUE;2;ginkgo | Ginkgo biloba;ginkgo biloba l.
65;Ginkgo;REG:120090039;Ginkgo biloba;ginkgo biloba l.;72;Ginkgo_biloba__ginkgo_biloba_l.xlsx;RITAPEELS;;ginkgo biloba l.;REGISTRADO;120090039;25351.232162/2023-51;BIONATUS LABORATÓRIO BOTÂNICO LTDA - 68.032.192/0001-51;Ativo;02/2030;ginkgo biloba;incluido_alias_completo;Ativo;120090039;25351 232162 2023 51;ritapeels;bionatus laboratorio botanico ltda 68 032 192 0001 51;ginkgo biloba l;2023;TRUE;2;ginkgo | Ginkgo biloba;ginkgo biloba l.
65;Ginkgo;REG:120190099;Ginkgo biloba;ginkgo biloba l.;72;Ginkgo_biloba__ginkgo_biloba_l.xlsx;GINKOGREEN;;;REGISTRADO;120190099;25000.014148/99-01;GREENPHARMA QUÍMICA E FARMACÊUTICA LTDA - 33.408.105/0001-33;Inativo;01/2006;ginkgo biloba;incluido_alias_completo;Inativo;120190099;25000 014148 99 01;ginkogreen;greenpharma quimica e farmaceutica ltda 33 408 105 0001 33;;;TRUE;4;ginkgo | Ginkgo biloba;extrato de ginkgo biloba | ginkgo biloba l.
65;Ginkgo;REG:121170114;Ginkgo biloba;extrato de ginkgo biloba;71;Ginkgo_biloba__EXTRATO_DE_GINKGO_BILOBA.xlsx;DINATON;;;REGISTRADO;121170114;25000.022742/96-04;ASTA MÉDICA LTDA - 71.524.631/0001-58;Inativo;10/2004;ginkgo biloba;incluido_alias_completo;Inativo;121170114;25000 022742 96 04;dinaton;asta medica ltda 71 524 631 0001 58;;;TRUE;2;ginkgo | Ginkgo biloba;extrato de ginkgo biloba
65;Ginkgo;REG:122830105;Ginkgo biloba;ginkgo biloba l.;72;Ginkgo_biloba__ginkgo_biloba_l.xlsx;MEMOREX;;;REGISTRADO;122830105;25351.022537/00-17;DM INDÚSTRIA FARMACÊUTICA LTDA - 67.866.665/0002-34;Inativo;03/2006;ginkgo biloba;incluido_alias_completo;Inativo;122830105;25351 022537 00 17;memorex;dm industria farmaceutica ltda 67 866 665 0002 34;;;TRUE;2;ginkgo | Ginkgo biloba;ginkgo biloba l.
65;Ginkgo;REG:123960010;Ginkgo biloba;ginkgo biloba l.;72;Ginkgo_biloba__ginkgo_biloba_l.xlsx;GINKGORELL;;;REGISTRADO;123960010;25351.004134/01-31;KUR HOTEL - CLÍNICA GRAMADO LTDA - 87.210.084/0001-76;Inativo;04/2007;ginkgo biloba;incluido_alias_completo;Inativo;123960010;25351 004134 01 31;ginkgorell;kur hotel clinica gramado ltda 87 210 084 0001 76;;;TRUE;2;ginkgo | Ginkgo biloba;ginkgo biloba l.
65;Ginkgo;REG:123970031;Ginkgo biloba;ginkgo biloba l.;72;Ginkgo_biloba__ginkgo_biloba_l.xlsx;GINKGO BILOBA ORIENT;;;REGISTRADO;123970031;25351.145568/2005-12;ORIENT MIX FITOTERÁPICOS DO BRASIL LTDA. - 73.657.876/0001-89;Inativo;06/2025;ginkgo biloba;incluido_alias_completo;Inativo;123970031;25351 145568 2005 12;ginkgo biloba orient;orient mix fitoterapicos do brasil ltda 73 657 876 0001 89;;2005;TRUE;2;ginkgo | Ginkgo biloba;ginkgo biloba l.
65;Ginkgo;REG:125680236;Ginkgo biloba;ginkgo biloba l.;72;Ginkgo_biloba__ginkgo_biloba_l.xlsx;GINKGO VITAL;;ginkgo biloba l.;REGISTRADO;125680236;25351.345475/2011-81;PRATI DONADUZZI & CIA LTDA - 73.856.593/0001-66;Ativo;11/2027;ginkgo biloba;incluido_alias_completo;Ativo;125680236;25351 345475 2011 81;ginkgo vital;prati donaduzzi cia ltda 73 856 593 0001 66;ginkgo biloba l;2011;TRUE;2;ginkgo | Ginkgo biloba;ginkgo biloba l.
65;Ginkgo;REG:126090146;Ginkgo biloba;ginkgo biloba l.;72;Ginkgo_biloba__ginkgo_biloba_l.xlsx;GINKGO MAX;;;REGISTRADO;126090146;25351.042740/2003-15;AMAZON ERVAS LABORATÓRIO BOTÂNICO LTDA - 05.501.937/0001-64;Inativo;09/2009;ginkgo biloba;incluido_alias_completo;Inativo;126090146;25351 042740 2003 15;ginkgo max;amazon ervas laboratorio botanico ltda 05 501 937 0001 64;;2003;TRUE;2;ginkgo | Ginkgo biloba;ginkgo biloba l.
65;Ginkgo;REG:127580024;Ginkgo biloba;ginkgo biloba l.;72;Ginkgo_biloba__ginkgo_biloba_l.xlsx;GINKOLOBA;;;REGISTRADO;127580024;25351.171556/2002-09;LABORATÓRIO FARMACÊUTICO CARESSE LTDA ME - 56.930.811/0001-46;Inativo;09/2007;ginkgo biloba;incluido_alias_completo;Inativo;127580024;25351 171556 2002 09;ginkoloba;laboratorio farmaceutico caresse ltda me 56 930 811 0001 46;;2002;TRUE;2;ginkgo | Ginkgo biloba;ginkgo biloba l.
65;Ginkgo;REG:132650011;Ginkgo biloba;ginkgo biloba l.;72;Ginkgo_biloba__ginkgo_biloba_l.xlsx;ITIÔ;;;REGISTRADO;132650011;25351.045471/2003-49;COLBRÁS INDÚSTRIA E COMÉRCIO LTDA - 00.413.925/0001-64;Inativo;11/2008;ginkgo biloba;incluido_alias_completo;Inativo;132650011;25351 045471 2003 49;itio;colbras industria e comercio ltda 00 413 925 0001 64;;2003;TRUE;2;ginkgo | Ginkgo biloba;ginkgo biloba l.
65;Ginkgo;REG:137070005;Ginkgo biloba;ginkgo biloba l.;72;Ginkgo_biloba__ginkgo_biloba_l.xlsx;GINKGO FLORA MEDICINAL;GINKO FLORA MEDICINAL;;REGISTRADO;137070005;25351.023136/00-01;FLORA MEDICINAL J. MONTEIRO DA SILVA LTDA - 02.007.074/0001-85;Inativo;03/2006;ginkgo biloba;incluido_alias_completo;Inativo;137070005;25351 023136 00 01;ginkgo flora medicinal;flora medicinal j monteiro da silva ltda 02 007 074 0001 85;;;TRUE;2;ginkgo | Ginkgo biloba;ginkgo biloba l.
65;Ginkgo;REG:137570015;Ginkgo biloba;ginkgo biloba l.;72;Ginkgo_biloba__ginkgo_biloba_l.xlsx;GINKGOVAN;;;REGISTRADO;137570015;25351.059577/2003-20;MOSTEIRO DEVAKAN PRODUTOS NATURAIS E ALIMENTICIOS LTDA - 51.487.148/0001-33;Inativo;;ginkgo biloba;incluido_alias_completo;Inativo;137570015;25351 059577 2003 20;ginkgovan;mosteiro devakan produtos naturais e alimenticios ltda 51 487 148 0001 33;;2003;TRUE;2;ginkgo | Ginkgo biloba;ginkgo biloba l.
65;Ginkgo;REG:137640086;Ginkgo biloba;ginkgo biloba l.;72;Ginkgo_biloba__ginkgo_biloba_l.xlsx;GINKOBIL;;;REGISTRADO;137640086;25351.056719/2003-05;ASPEN PHARMA INDÚSTRIA FARMACÊUTICA LTDA - 02.433.631/0001-20;Inativo;02/2005;ginkgo biloba;incluido_alias_completo;Inativo;137640086;25351 056719 2003 05;ginkobil;aspen pharma industria farmaceutica ltda 02 433 631 0001 20;;2003;TRUE;2;ginkgo | Ginkgo biloba;ginkgo biloba l.
65;Ginkgo;REG:138100022;Ginkgo biloba;ginkgo biloba l.;72;Ginkgo_biloba__ginkgo_biloba_l.xlsx;GINKHERB;;;REGISTRADO;138100022;25351.035190/01-27;LABORATORIO QUIMICO FARMACEUTICO TIARAJU LTDA. - 94.022.654/0001-60;Inativo;09/2013;ginkgo biloba;incluido_alias_completo;Inativo;138100022;25351 035190 01 27;ginkherb;laboratorio quimico farmaceutico tiaraju ltda 94 022 654 0001 60;;;TRUE;2;ginkgo | Ginkgo biloba;ginkgo biloba l.
65;Ginkgo;REG:138410026;Ginkgo biloba;ginkgo biloba l.;72;Ginkgo_biloba__ginkgo_biloba_l.xlsx;GINKGOLAB;;;REGISTRADO;138410026;25351.426037/2005-28;NATULAB LABORATORIO S.A - 02.456.955/0001-83;Inativo;12/2010;ginkgo biloba;incluido_alias_completo;Inativo;138410026;25351 426037 2005 28;ginkgolab;natulab laboratorio s a 02 456 955 0001 83;;2005;TRUE;2;ginkgo | Ginkgo biloba;ginkgo biloba l.
65;Ginkgo;REG:139330006;Ginkgo biloba;ginkgo biloba l.;72;Ginkgo_biloba__ginkgo_biloba_l.xlsx;GINKGO RESOURCE;;;REGISTRADO;139330006;25351.029995/00-41;OTTOBONI COMÉRCIO E IMPORTAÇÃO LTDA - 01.073.371/0001-66;Inativo;07/2011;ginkgo biloba;incluido_alias_completo;Inativo;139330006;25351 029995 00 41;ginkgo resource;ottoboni comercio e importacao ltda 01 073 371 0001 66;;;TRUE;2;ginkgo | Ginkgo biloba;ginkgo biloba l.
65;Ginkgo;REG:142570002;Ginkgo biloba;ginkgo biloba l.;72;Ginkgo_biloba__ginkgo_biloba_l.xlsx;NEVORIN;;;REGISTRADO;142570002;25351.027807/01-40;LUCIOMED FARMACÊUTICA DO BRASIL LTDA - 01.845.448/0001-79;Inativo;01/2007;ginkgo biloba;incluido_alias_completo;Inativo;142570002;25351 027807 01 40;nevorin;luciomed farmaceutica do brasil ltda 01 845 448 0001 79;;;TRUE;2;ginkgo | Ginkgo biloba;ginkgo biloba l.
65;Ginkgo;REG:143810067;Ginkgo biloba;ginkgo biloba l.;72;Ginkgo_biloba__ginkgo_biloba_l.xlsx;GINKOMED;;ginkgo biloba l.;REGISTRADO;143810067;25351.004799/02-35;CIMED INDUSTRIA S.A - 02.814.497/0001-07;Ativo;04/2027;ginkgo biloba;incluido_alias_completo;Ativo;143810067;25351 004799 02 35;ginkomed;cimed industria s a 02 814 497 0001 07;ginkgo biloba l;;TRUE;2;ginkgo | Ginkgo biloba;ginkgo biloba l.
65;Ginkgo;REG:144930032;Ginkgo biloba;ginkgo biloba l.;72;Ginkgo_biloba__ginkgo_biloba_l.xlsx;LEMBRITIN;;;REGISTRADO;144930032;25351.025789/2003-11;AIRELA INDÚSTRIA FARMACÊUTICA LTDA. - 01.858.973/0001-29;Inativo;11/2008;ginkgo biloba;incluido_alias_completo;Inativo;144930032;25351 025789 2003 11;lembritin;airela industria farmaceutica ltda 01 858 973 0001 29;;2003;TRUE;2;ginkgo | Ginkgo biloba;ginkgo biloba l.
65;Ginkgo;REG:145010005;Ginkgo biloba;ginkgo biloba l.;72;Ginkgo_biloba__ginkgo_biloba_l.xlsx;GINKGO BRASMED;;;REGISTRADO;145010005;25351.060875/2003-62;BRASMED BOTÂNICA E FARMACÊUTICA LTDA - 00.660.703/0001-46;Inativo;09/2009;ginkgo biloba;incluido_alias_completo;Inativo;145010005;25351 060875 2003 62;ginkgo brasmed;brasmed botanica e farmaceutica ltda 00 660 703 0001 46;;2003;TRUE;2;ginkgo | Ginkgo biloba;ginkgo biloba l.
65;Ginkgo;REG:146640007;Ginkgo biloba;ginkgo biloba l.;72;Ginkgo_biloba__ginkgo_biloba_l.xlsx;GINKGO 80 MG;;;REGISTRADO;146640007;25351.360339/2007-98;SELACHII IND. COMERCIO IMPORTAÇÃO E EXPORTAÇÃO LTDA - 74.060.765/0001-53;Inativo;04/2013;ginkgo biloba;incluido_alias_completo;Inativo;146640007;25351 360339 2007 98;ginkgo 80 mg;selachii ind comercio importacao e exportacao ltda 74 060 765 0001 53;;2007;TRUE;2;ginkgo | Ginkgo biloba;ginkgo biloba l.
65;Ginkgo;REG:146640008;Ginkgo biloba;ginkgo biloba l.;72;Ginkgo_biloba__ginkgo_biloba_l.xlsx;GINKGO;;;REGISTRADO;146640008;25351.283356/2005-32;SELACHII IND. COMERCIO IMPORTAÇÃO E EXPORTAÇÃO LTDA - 74.060.765/0001-53;Inativo;11/2010;ginkgo biloba;incluido_alias_completo;Inativo;146640008;25351 283356 2005 32;ginkgo;selachii ind comercio importacao e exportacao ltda 74 060 765 0001 53;;2005;TRUE;2;ginkgo | Ginkgo biloba;ginkgo biloba l.
65;Ginkgo;REG:146820005;Ginkgo biloba;ginkgo biloba l.;72;Ginkgo_biloba__ginkgo_biloba_l.xlsx;TEKASAN;;;REGISTRADO;146820005;25351.009256/00-15;SUN FARMACÊUTICA DO BRASIL LTDA - 05.035.244/0001-23;Inativo;09/2011;ginkgo biloba;incluido_alias_completo;Inativo;146820005;25351 009256 00 15;tekasan;sun farmaceutica do brasil ltda 05 035 244 0001 23;;;TRUE;2;ginkgo | Ginkgo biloba;ginkgo biloba l.
65;Ginkgo;REG:151840010;Ginkgo biloba;ginkgo biloba l.;72;Ginkgo_biloba__ginkgo_biloba_l.xlsx;RITAPEELS;;;REGISTRADO;151840010;25351.266561/2019-39;PHYTOLAB INDUSTRIA FARMACEUTICA LTDA - EPP - 02.817.180/0001-24;Inativo;02/2030;ginkgo biloba;incluido_alias_completo;Inativo;151840010;25351 266561 2019 39;ritapeels;phytolab industria farmaceutica ltda epp 02 817 180 0001 24;;2019;TRUE;2;ginkgo | Ginkgo biloba;ginkgo biloba l.
65;Ginkgo;REG:152090016;Ginkgo biloba;ginkgo biloba l.;72;Ginkgo_biloba__ginkgo_biloba_l.xlsx;PHYTOFLAVIN;;;REGISTRADO;152090016;25351.035894/2003-51;NUTRISEMPRE LABORATORIO DE PRODUTOS NATURAIS COMERCIO IMPORTAÇAO E EXPORTAÇAO LTDA - 82.139.403/0001-80;Inativo;10/2010;ginkgo biloba;incluido_alias_completo;Inativo;152090016;25351 035894 2003 51;phytoflavin;nutrisempre laboratorio de produtos naturais comercio importacao e exportacao ltda 82 139 403 0001 80;;2003;TRUE;2;ginkgo | Ginkgo biloba;ginkgo biloba l.
65;Ginkgo;REG:154000004;Ginkgo biloba;ginkgo biloba l.;72;Ginkgo_biloba__ginkgo_biloba_l.xlsx;GINKGO ES;;ginkgo biloba l.;REGISTRADO;154000004;25351.206846/2002-72;LABORATÓRIO VITALAB LTDA - 56.646.953/0001-86;Ativo;03/2028;ginkgo biloba;incluido_alias_completo;Ativo;154000004;25351 206846 2002 72;ginkgo es;laboratorio vitalab ltda 56 646 953 0001 86;ginkgo biloba l;2002;TRUE;2;ginkgo | Ginkgo biloba;ginkgo biloba l.
65;Ginkgo;REG:154230048;Ginkgo biloba;ginkgo biloba l.;72;Ginkgo_biloba__ginkgo_biloba_l.xlsx;FITO BILOBA;;;REGISTRADO;154230048;25351.067767/2005-82;GEOLAB INDÚSTRIA FARMACÊUTICA S/A - 03.485.572/0001-04;Inativo;05/2010;ginkgo biloba;incluido_alias_completo;Inativo;154230048;25351 067767 2005 82;fito biloba;geolab industria farmaceutica s a 03 485 572 0001 04;;2005;TRUE;2;ginkgo | Ginkgo biloba;ginkgo biloba l.
65;Ginkgo;REG:154230269;Ginkgo biloba;ginkgo biloba l.;72;Ginkgo_biloba__ginkgo_biloba_l.xlsx;Fitobiloba;;ginkgo biloba l.;REGISTRADO;154230269;25351.965696/2016-50;GEOLAB INDÚSTRIA FARMACÊUTICA S/A - 03.485.572/0001-04;Ativo;03/2028;ginkgo biloba;incluido_alias_completo;Ativo;154230269;25351 965696 2016 50;fitobiloba;geolab industria farmaceutica s a 03 485 572 0001 04;ginkgo biloba l;2016;TRUE;2;ginkgo | Ginkgo biloba;ginkgo biloba l.
65;Ginkgo;REG:155240003;Ginkgo biloba;ginkgo biloba l.;72;Ginkgo_biloba__ginkgo_biloba_l.xlsx;GINKGO BILOBA LEV;;;REGISTRADO;155240003;25351.337648/2005-01;HEALTY IMPORT 2001 COMÉRCIO, IMPORTAÇÃO E EXPORTAÇÃO LTDA - ME - 03.176.912/0001-07;Inativo;07/2006;ginkgo biloba;incluido_alias_completo;Inativo;155240003;25351 337648 2005 01;ginkgo biloba lev;healty import 2001 comercio importacao e exportacao ltda me 03 176 912 0001 07;;2005;TRUE;2;ginkgo | Ginkgo biloba;ginkgo biloba l.
65;Ginkgo;REG:155590003;Ginkgo biloba;ginkgo biloba l.;72;Ginkgo_biloba__ginkgo_biloba_l.xlsx;GINKGO FLORA MEDICINAL;;;REGISTRADO;155590003;25351.072001/2003-58;INDUSTRIA E COMERCIO DE COSMETICOS NATURA LTDA - 00.190.373/0001-72;Inativo;03/2006;ginkgo biloba;incluido_alias_completo;Inativo;155590003;25351 072001 2003 58;ginkgo flora medicinal;industria e comercio de cosmeticos natura ltda 00 190 373 0001 72;;2003;TRUE;2;ginkgo | Ginkgo biloba;ginkgo biloba l.
65;Ginkgo;REG:155840408;Ginkgo biloba;ginkgo biloba l.;72;Ginkgo_biloba__ginkgo_biloba_l.xlsx;GINKOTAB;;ginkgo biloba l.;REGISTRADO;155840408;25351.535170/2012-55;BRAINFARMA INDÚSTRIA QUÍMICA E FARMACÊUTICA S.A - 05.161.069/0001-10;Ativo;07/2035;ginkgo biloba;incluido_alias_completo;Ativo;155840408;25351 535170 2012 55;ginkotab;brainfarma industria quimica e farmaceutica s a 05 161 069 0001 10;ginkgo biloba l;2012;TRUE;2;ginkgo | Ginkgo biloba;ginkgo biloba l.
65;Ginkgo;REG:156510043;Ginkgo biloba;ginkgo biloba l.;72;Ginkgo_biloba__ginkgo_biloba_l.xlsx;GINKOBA;;ginkgo biloba l.;REGISTRADO;156510043;25351.528209/2011-22;ZYDUS NIKKHO FARMACÊUTICA LTDA - 05.254.971/0001-81;Ativo;12/2029;ginkgo biloba;incluido_alias_completo;Ativo;156510043;25351 528209 2011 22;ginkoba;zydus nikkho farmaceutica ltda 05 254 971 0001 81;ginkgo biloba l;2011;TRUE;2;ginkgo | Ginkgo biloba;ginkgo biloba l.
65;Ginkgo;REG:156510112;Ginkgo biloba;ginkgo biloba l.;72;Ginkgo_biloba__ginkgo_biloba_l.xlsx;GINKOZYD;;ginkgo biloba l.;REGISTRADO;156510112;25351.339604/2023-99;ZYDUS NIKKHO FARMACÊUTICA LTDA - 05.254.971/0001-81;Ativo;01/2034;ginkgo biloba;incluido_alias_completo;Ativo;156510112;25351 339604 2023 99;ginkozyd;zydus nikkho farmaceutica ltda 05 254 971 0001 81;ginkgo biloba l;2023;TRUE;2;ginkgo | Ginkgo biloba;ginkgo biloba l.
65;Ginkgo;REG:170420014;Ginkgo biloba;ginkgo biloba l.;72;Ginkgo_biloba__ginkgo_biloba_l.xlsx;Ginkgo biloba MCG;;ginkgo biloba l.;REGISTRADO;170420014;25351.015924/2025-18;MCG INDUSTRIA FARMACEUTICA E IMPORTAÇAO LTDA - 18.755.529/0001-80;Ativo;08/2035;ginkgo biloba;incluido_alias_completo;Ativo;170420014;25351 015924 2025 18;ginkgo biloba mcg;mcg industria farmaceutica e importacao ltda 18 755 529 0001 80;ginkgo biloba l;2025;TRUE;2;ginkgo | Ginkgo biloba;ginkgo biloba l.
65;Ginkgo;REG:172870049;Ginkgo biloba;ginkgo biloba l.;72;Ginkgo_biloba__ginkgo_biloba_l.xlsx;VITASAY PERFORMANCE;;;REGISTRADO;172870049;25351.723204/2008-29;Hypera S.A. - 02.932.074/0001-91;Inativo;08/2010;ginkgo biloba;incluido_alias_completo;Inativo;172870049;25351 723204 2008 29;vitasay performance;hypera s a 02 932 074 0001 91;;2008;TRUE;2;ginkgo | Ginkgo biloba;ginkgo biloba l.
65;Ginkgo;REG:172870477;Ginkgo biloba;ginkgo biloba l.;72;Ginkgo_biloba__ginkgo_biloba_l.xlsx;GINKOTAB;;;REGISTRADO;172870477;25351.516568/2011-43;Hypera S.A. - 02.932.074/0001-91;Inativo;07/2015;ginkgo biloba;incluido_alias_completo;Inativo;172870477;25351 516568 2011 43;ginkotab;hypera s a 02 932 074 0001 91;;2011;TRUE;2;ginkgo | Ginkgo biloba;ginkgo biloba l.
65;Ginkgo;REG:178170035;Ginkgo biloba;ginkgo biloba l.;72;Ginkgo_biloba__ginkgo_biloba_l.xlsx;VITASAY PERFORMANCE;;;REGISTRADO;178170035;25351.637591/2009-20;COSMED INDUSTRIA DE COSMETICOS E MEDICAMENTOS S.A. - 61.082.426/0002-07;Inativo;08/2010;ginkgo biloba;incluido_alias_completo;Inativo;178170035;25351 637591 2009 20;vitasay performance;cosmed industria de cosmeticos e medicamentos s a 61 082 426 0002 07;;2009;TRUE;2;ginkgo | Ginkgo biloba;ginkgo biloba l.
65;Ginkgo;REG:194270072;Ginkgo biloba;ginkgo biloba l.;72;Ginkgo_biloba__ginkgo_biloba_l.xlsx;EQUITAM;;;REGISTRADO;194270072;25351.372419/2017-33;MOMENTA FARMACÊUTICA LTDA. - 14.806.008/0001-54;Inativo;03/2027;ginkgo biloba;incluido_alias_completo;Inativo;194270072;25351 372419 2017 33;equitam;momenta farmaceutica ltda 14 806 008 0001 54;;2017;TRUE;2;ginkgo | Ginkgo biloba;ginkgo biloba l.
66;Ginseng;REG:100663377;ginseng;ginseng;287;ginseng__GINSENG.xlsx;GINSENG;EXTRATO SECO DE PANAX GINSENG;;REGISTRADO;100663377;25000.008735/99-43;LABORATORIO CATARINENSE LTDA - 84.684.620/0001-87;Inativo;02/2011;ginseng;incluido_alias_completo;Inativo;100663377;25000 008735 99 43;ginseng;laboratorio catarinense ltda 84 684 620 0001 87;;;TRUE;1;ginseng;ginseng
66;Ginseng;REG:101550205;ginseng;panax ginseng c. a. mey.;289;ginseng__panax_ginseng_c._a._mey.xlsx;VITERGAN MASTER;;;REGISTRADO;101550205;25000.010182/98-16;MARJAN INDÚSTRIA E COMÉRCIO LTDA - 60.726.692/0001-81;Inativo;04/2029;panax ginseng;incluido_alias_completo;Inativo;101550205;25000 010182 98 16;vitergan master;marjan industria e comercio ltda 60 726 692 0001 81;;;TRUE;2;ginseng | panax ginseng;panax ginseng c. a. mey.
66;Ginseng;REG:102350339;ginseng;panax ginseng c. a. mey.;289;ginseng__panax_ginseng_c._a._mey.xlsx;GEROVITAL;;retinol, vitamina a, vitamina b1, vitamina b2, vitamina b6, vitamina b12, vitamina c, vitamina d2, vitamina d3, vitamina e, biotina, nicotinamida, ácido para-aminobenzóico, pantotenato de calcio, rutina, fluoreto de cálcio, fluoreto de sódio, cálcio, sulfato ferroso, iodeto de potássio, sulfato de magnésio, sulfato de manganês, sulfato de potássio, fósforo, acetato de racealfatocoferol, cianocobalamina, cloridrato de piridoxina, colecalciferol, d-pantenol, fosfato de cálcio dibásico, nitrato de tiamina, palmitato de retinol, panax ginseng c. a. mey., riboflavina, rutosídeo, ácido ascórbico;REGISTRADO;102350339;25001.005662/84;EMS S/A - 57.507.378/0003-65;Ativo;10/2026;panax ginseng;incluido_alias_completo;Ativo;102350339;25001 005662 84;gerovital;ems s a 57 507 378 0003 65;retinol vitamina a vitamina b1 vitamina b2 vitamina b6 vitamina b12 vitamina c vitamina d2 vitamina d3 vitamina e biotina nicotinamida acido para aminobenzoico pantotenato de calcio rutina fluoreto de calcio fluoreto de sodio calcio sulfato ferroso iodeto de potassio sulfato de magnesio sulfato de manganes sulfato de potassio fosforo acetato de racealfatocoferol cianocobalamina cloridrato de piridoxina colecalciferol d pantenol fosfato de calcio dibasico nitrato de tiamina palmitato de retinol panax ginseng c a mey riboflavina rutosideo acido ascorbico;;TRUE;2;ginseng | panax ginseng;panax ginseng c. a. mey.
66;Ginseng;REG:103670095;ginseng;panax ginseng c. a. mey.;289;ginseng__panax_ginseng_c._a._mey.xlsx;GINSANA G115;GISANA G115, SOLUCAO ORAL;;REGISTRADO;103670095;25991.003887/80;BOEHRINGER INGELHEIM DO BRASIL QUÍMICA E FARMACÊUTICA LTDA. - 60.831.658/0001-77;Inativo;12/2014;panax ginseng;incluido_alias_completo;Inativo;103670095;25991 003887 80;ginsana g115;boehringer ingelheim do brasil quimica e farmaceutica ltda 60 831 658 0001 77;;;TRUE;2;ginseng | panax ginseng;panax ginseng c. a. mey.
66;Ginseng;REG:103670104;ginseng;extrato de ginseng;285;ginseng__EXTRATO_DE_GINSENG.xlsx;PHARMATON;GINSENG;;REGISTRADO;103670104;25000.000227/96-56;BOEHRINGER INGELHEIM DO BRASIL QUÍMICA E FARMACÊUTICA LTDA. - 60.831.658/0001-77;Inativo;10/2006;ginseng;incluido_alias_completo;Inativo;103670104;25000 000227 96 56;pharmaton;boehringer ingelheim do brasil quimica e farmaceutica ltda 60 831 658 0001 77;;;TRUE;1;ginseng;extrato de ginseng
66;Ginseng;REG:103670157;ginseng;extrato padronizado gi15 de panax ginseng;286;ginseng__EXTRATO_PADRONIZADO_GI15_DE_PANAX_GINSENG.xlsx;PHARMATON;;;REGISTRADO;103670157;25351.059773/2003-02;BOEHRINGER INGELHEIM DO BRASIL QUÍMICA E FARMACÊUTICA LTDA. - 60.831.658/0001-77;Inativo;08/2026;panax ginseng;incluido_alias_completo;Inativo;103670157;25351 059773 2003 02;pharmaton;boehringer ingelheim do brasil quimica e farmaceutica ltda 60 831 658 0001 77;;2003;TRUE;2;ginseng | panax ginseng;extrato padronizado gi15 de panax ginseng
66;Ginseng;REG:103700317;ginseng;panax ginseng c. a. mey.;289;ginseng__panax_ginseng_c._a._mey.xlsx;POLISENG;;;REGISTRADO;103700317;25000.035947/97-22;LABORATÓRIO TEUTO BRASILEIRO S/A - 17.159.229/0001-76;Inativo;12/2010;panax ginseng;incluido_alias_completo;Inativo;103700317;25000 035947 97 22;poliseng;laboratorio teuto brasileiro s a 17 159 229 0001 76;;;TRUE;2;ginseng | panax ginseng;panax ginseng c. a. mey.
66;Ginseng;REG:104041614;ginseng;panax ginseng c. a. mey.;289;ginseng__panax_ginseng_c._a._mey.xlsx;VIRILON;;;REGISTRADO;104041614;25992.008274/72;LUPER INDÚSTRIA FARMACÊUTICA LTDA - 61.299.111/0001-35;Inativo;08/2013;panax ginseng;incluido_alias_completo;Inativo;104041614;25992 008274 72;virilon;luper industria farmaceutica ltda 61 299 111 0001 35;;;TRUE;2;ginseng | panax ginseng;panax ginseng c. a. mey.
66;Ginseng;REG:104041973;ginseng;panax ginseng c. a. mey.;289;ginseng__panax_ginseng_c._a._mey.xlsx;GINTAB;;;REGISTRADO;104041973;25351.146452/2004-10;LUPER INDÚSTRIA FARMACÊUTICA LTDA - 61.299.111/0001-35;Inativo;08/2015;panax ginseng;incluido_alias_completo;Inativo;104041973;25351 146452 2004 10;gintab;luper industria farmaceutica ltda 61 299 111 0001 35;;2004;TRUE;2;ginseng | panax ginseng;panax ginseng c. a. mey.
66;Ginseng;REG:104400117;ginseng;panax ginseng c. a. mey.;289;ginseng__panax_ginseng_c._a._mey.xlsx;GINSEX;;;REGISTRADO;104400117;25000.028238/97-08;CELLERA FARMACÊUTICA S.A. - 33.173.097/0002-74;Inativo;06/2006;panax ginseng;incluido_alias_completo;Inativo;104400117;25000 028238 97 08;ginsex;cellera farmaceutica s a 33 173 097 0002 74;;;TRUE;2;ginseng | panax ginseng;panax ginseng c. a. mey.
66;Ginseng;REG:104670051;ginseng;panax ginseng c. a. mey.;289;ginseng__panax_ginseng_c._a._mey.xlsx;GINSENG CÁPSULAS FARMAERVAS;GINSENG;;REGISTRADO;104670051;25001.001292/84;LABORATORIO FARMAERVAS LTDA - 60.565.520/0001-73;Inativo;10/2009;panax ginseng;incluido_alias_completo;Inativo;104670051;25001 001292 84;ginseng capsulas farmaervas;laboratorio farmaervas ltda 60 565 520 0001 73;;;TRUE;2;ginseng | panax ginseng;panax ginseng c. a. mey.
66;Ginseng;REG:104971136;ginseng;extrato de ginseng;285;ginseng__EXTRATO_DE_GINSENG.xlsx;POLIVITAMINAS + SAIS MINERAIS + EXTRATO DE GINSENG;VITA-SENIOR;;REGISTRADO;104971136;25000.005012/98-39;UNIÃO QUÍMICA FARMACÊUTICA NACIONAL S/A - 60.665.981/0001-18;Inativo;12/2008;ginseng;incluido_alias_completo;Inativo;104971136;25000 005012 98 39;polivitaminas sais minerais extrato de ginseng;uniao quimica farmaceutica nacional s a 60 665 981 0001 18;;;TRUE;1;ginseng;extrato de ginseng
66;Ginseng;REG:105710131;ginseng;panax ginseng c. a. mey.;289;ginseng__panax_ginseng_c._a._mey.xlsx;GIMBEL;;;REGISTRADO;105710131;25351.173744/2002-63;BELFAR LTDA - 18.324.343/0001-77;Inativo;08/2007;panax ginseng;incluido_alias_completo;Inativo;105710131;25351 173744 2002 63;gimbel;belfar ltda 18 324 343 0001 77;;2002;TRUE;2;ginseng | panax ginseng;panax ginseng c. a. mey.
66;Ginseng;REG:105730072;ginseng;panax ginseng c. a. mey.;289;ginseng__panax_ginseng_c._a._mey.xlsx;GERIATON;;;REGISTRADO;105730072;25992.033333/76;ACHÉ LABORATÓRIOS FARMACÊUTICOS S.A - 60.659.463/0029-92;Inativo;10/2029;panax ginseng;incluido_alias_completo;Inativo;105730072;25992 033333 76;geriaton;ache laboratorios farmaceuticos s a 60 659 463 0029 92;;;TRUE;2;ginseng | panax ginseng;panax ginseng c. a. mey.
66;Ginseng;REG:105830085;ginseng;panax ginseng c. a. mey.;289;ginseng__panax_ginseng_c._a._mey.xlsx;NATUS GERIN;;;REGISTRADO;105830085;25001.002322/83;GERMED FARMACEUTICA LTDA - 45.992.062/0001-65;Inativo;03/2009;panax ginseng;incluido_alias_completo;Inativo;105830085;25001 002322 83;natus gerin;germed farmaceutica ltda 45 992 062 0001 65;;;TRUE;2;ginseng | panax ginseng;panax ginseng c. a. mey.
66;Ginseng;REG:106890008;ginseng;panax ginseng c. a. mey.;289;ginseng__panax_ginseng_c._a._mey.xlsx;BIOPLUS;;;REGISTRADO;106890008;25001.004914/79;KLEY HERTZ FARMACEUTICA S.A - 92.695.691/0001-03;Inativo;04/2010;panax ginseng;incluido_alias_completo;Inativo;106890008;25001 004914 79;bioplus;kley hertz farmaceutica s a 92 695 691 0001 03;;;TRUE;2;ginseng | panax ginseng;panax ginseng c. a. mey.
66;Ginseng;REG:106890017;ginseng;panax ginseng c. a. mey.;289;ginseng__panax_ginseng_c._a._mey.xlsx;BIOPLUS;;;REGISTRADO;106890017;25001.005201/79;KLEY HERTZ FARMACEUTICA S.A - 92.695.691/0001-03;Inativo;01/2006;panax ginseng;incluido_alias_completo;Inativo;106890017;25001 005201 79;bioplus;kley hertz farmaceutica s a 92 695 691 0001 03;;;TRUE;2;ginseng | panax ginseng;panax ginseng c. a. mey.
66;Ginseng;REG:106890145;ginseng;panax ginseng c. a. mey.;289;ginseng__panax_ginseng_c._a._mey.xlsx;BIOPLUS;;;REGISTRADO;106890145;25351.005547/2005-65;KLEY HERTZ FARMACEUTICA S.A - 92.695.691/0001-03;Inativo;03/2010;panax ginseng;incluido_alias_completo;Inativo;106890145;25351 005547 2005 65;bioplus;kley hertz farmaceutica s a 92 695 691 0001 03;;2005;TRUE;2;ginseng | panax ginseng;panax ginseng c. a. mey.
66;Ginseng;REG:107120061;ginseng;ginseng;287;ginseng__GINSENG.xlsx;GINSENG DOVER;;;REGISTRADO;107120061;25001.003694/85;DOVER FARMACEUTICA LTDA - 29.961.620/0001-79;Inativo;04/2010;ginseng;incluido_alias_completo;Inativo;107120061;25001 003694 85;ginseng dover;dover farmaceutica ltda 29 961 620 0001 79;;;TRUE;1;ginseng;ginseng
66;Ginseng;REG:109170085;ginseng;panax ginseng;288;ginseng__PANAX_GINSENG.xlsx;MOTIVOL;;;REGISTRADO;109170085;25351.218103/2009-70;MEDQUIMICA INDUSTRIA FARMACEUTICA LTDA. - 17.875.154/0001-20;Inativo;03/2025;panax ginseng;incluido_alias_completo;Inativo;109170085;25351 218103 2009 70;motivol;medquimica industria farmaceutica ltda 17 875 154 0001 20;;2009;TRUE;2;ginseng | panax ginseng;panax ginseng
66;Ginseng;REG:115600084;ginseng;ginseng;287;ginseng__GINSENG.xlsx;GERILON;;;REGISTRADO;115600084;25000.008731/99-92;CIFARMA CIENTÍFICA FARMACÊUTICA LTDA - 17.562.075/0001-69;Inativo;09/2020;ginseng;incluido_alias_completo;Inativo;115600084;25000 008731 99 92;gerilon;cifarma cientifica farmaceutica ltda 17 562 075 0001 69;;;TRUE;1;ginseng;ginseng
66;Ginseng;REG:115600194;ginseng;panax ginseng;288;ginseng__PANAX_GINSENG.xlsx;Gerilon;;PANAX GINSENG, ACETATO DE RETINOL, NITRATO DE TIAMINA, RIBOFLAVINA, NICOTINAMIDA, CLORIDRATO DE PIRIDOXINA, CIANOCOBALAMINA, ÁCIDO ASCÓRBICO, COLECALCIFEROL, ACETATO DE RACEALFATOCOFEROL, BIOTINA, PANTOTENATO DE CÁLCIO, FERRO, FLUORETO, IODO, MANGANÊS, POTÁSSIO, RUTOSÍDEO;REGISTRADO;115600194;25351.549514/2015-72;CIFARMA CIENTÍFICA FARMACÊUTICA LTDA - 17.562.075/0001-69;Ativo;06/2027;panax ginseng;incluido_alias_completo;Ativo;115600194;25351 549514 2015 72;gerilon;cifarma cientifica farmaceutica ltda 17 562 075 0001 69;panax ginseng acetato de retinol nitrato de tiamina riboflavina nicotinamida cloridrato de piridoxina cianocobalamina acido ascorbico colecalciferol acetato de racealfatocoferol biotina pantotenato de calcio ferro fluoreto iodo manganes potassio rutosideo;2015;TRUE;2;ginseng | panax ginseng;panax ginseng
66;Ginseng;REG:115600280;ginseng;panax ginseng c. a. mey.;289;ginseng__panax_ginseng_c._a._mey.xlsx;MATURE;;panax ginseng c. a. mey., acetato de retinol, nitrato de tiamina, riboflavina, nicotinamida, cloridrato de piridoxina, cianocobalamina, ácido ascórbico, colecalciferol, acetato de racealfatocoferol, biotina, pantotenato de cálcio, ferro, fluoreto, iodo, manganês, potássio, rutosídeo;REGISTRADO;115600280;25351.151704/2025-57;CIFARMA CIENTÍFICA FARMACÊUTICA LTDA - 17.562.075/0001-69;Ativo;09/2028;panax ginseng;incluido_alias_completo;Ativo;115600280;25351 151704 2025 57;mature;cifarma cientifica farmaceutica ltda 17 562 075 0001 69;panax ginseng c a mey acetato de retinol nitrato de tiamina riboflavina nicotinamida cloridrato de piridoxina cianocobalamina acido ascorbico colecalciferol acetato de racealfatocoferol biotina pantotenato de calcio ferro fluoreto iodo manganes potassio rutosideo;2025;TRUE;2;ginseng | panax ginseng;panax ginseng c. a. mey.
66;Ginseng;REG:116430001;ginseng;panax ginseng c. a. mey.;289;ginseng__panax_ginseng_c._a._mey.xlsx;KOREAN GINSENG TEA;;;REGISTRADO;116430001;25351.024459/00-78;NATIVE INDÚSTRIA LTDA - EPP - 54.603.618/0001-75;Inativo;10/2006;panax ginseng;incluido_alias_completo;Inativo;116430001;25351 024459 00 78;korean ginseng tea;native industria ltda epp 54 603 618 0001 75;;;TRUE;2;ginseng | panax ginseng;panax ginseng c. a. mey.
66;Ginseng;REG:116430002;ginseng;panax ginseng c. a. mey.;289;ginseng__panax_ginseng_c._a._mey.xlsx;KOREAN GINGSENG POWDER IN CAPSULE;;;REGISTRADO;116430002;25351.024460/00-57;NATIVE INDÚSTRIA LTDA - EPP - 54.603.618/0001-75;Inativo;01/2007;panax ginseng;incluido_alias_completo;Inativo;116430002;25351 024460 00 57;korean gingseng powder in capsule;native industria ltda epp 54 603 618 0001 75;;;TRUE;2;ginseng | panax ginseng;panax ginseng c. a. mey.
66;Ginseng;REG:117170065;ginseng;panax ginseng c. a. mey.;289;ginseng__panax_ginseng_c._a._mey.xlsx;FINEST EG;;panax ginseng c. a. mey.;REGISTRADO;117170065;25351.519472/2006-86;PHARMASCIENCE INDUSTRIA FARMACEUTICA S.A - 25.773.037/0001-83;Ativo;07/2027;panax ginseng;incluido_alias_completo;Ativo;117170065;25351 519472 2006 86;finest eg;pharmascience industria farmaceutica s a 25 773 037 0001 83;panax ginseng c a mey;2006;TRUE;2;ginseng | panax ginseng;panax ginseng c. a. mey.
66;Ginseng;REG:118600038;ginseng;panax ginseng c. a. mey.;289;ginseng__panax_ginseng_c._a._mey.xlsx;ENERSENG;;;REGISTRADO;118600038;25351.212071/2002-74;HERBARIUM LABORATORIO BOTANICO LTDA - 78.950.011/0001-20;Inativo;02/2008;panax ginseng;incluido_alias_completo;Inativo;118600038;25351 212071 2002 74;enerseng;herbarium laboratorio botanico ltda 78 950 011 0001 20;;2002;TRUE;2;ginseng | panax ginseng;panax ginseng c. a. mey.
66;Ginseng;REG:118600086;ginseng;panax ginseng c. a. mey.;289;ginseng__panax_ginseng_c._a._mey.xlsx;ENERSENG;;;REGISTRADO;118600086;25351.007885/2008-84;HERBARIUM LABORATORIO BOTANICO LTDA - 78.950.011/0001-20;Inativo;05/2018;panax ginseng;incluido_alias_completo;Inativo;118600086;25351 007885 2008 84;enerseng;herbarium laboratorio botanico ltda 78 950 011 0001 20;;2008;TRUE;2;ginseng | panax ginseng;panax ginseng c. a. mey.
66;Ginseng;REG:118610003;ginseng;panax ginseng c. a. mey.;289;ginseng__panax_ginseng_c._a._mey.xlsx;FOTILAN;FORTILAN;;REGISTRADO;118610003;25351.222652/2002-14;ATIVUS FARMACÊUTICA LTDA - 64.088.172/0001-41;Inativo;04/2018;panax ginseng;incluido_alias_completo;Inativo;118610003;25351 222652 2002 14;fotilan;ativus farmaceutica ltda 64 088 172 0001 41;;2002;TRUE;2;ginseng | panax ginseng;panax ginseng c. a. mey.
66;Ginseng;REG:118610252;ginseng;panax ginseng c. a. mey.;289;ginseng__panax_ginseng_c._a._mey.xlsx;SENFOR;;;REGISTRADO;118610252;25351.114145/2006-31;ATIVUS FARMACÊUTICA LTDA - 64.088.172/0001-41;Inativo;05/2011;panax ginseng;incluido_alias_completo;Inativo;118610252;25351 114145 2006 31;senfor;ativus farmaceutica ltda 64 088 172 0001 41;;2006;TRUE;2;ginseng | panax ginseng;panax ginseng c. a. mey.
66;Ginseng;REG:120090025;ginseng;panax ginseng c. a. mey.;289;ginseng__panax_ginseng_c._a._mey.xlsx;GINSENG BIONATUS;;panax ginseng c. a. mey.;REGISTRADO;120090025;25351.034212/01-22;BIONATUS LABORATÓRIO BOTÂNICO LTDA - 68.032.192/0001-51;Ativo;01/2036;panax ginseng;incluido_alias_completo;Ativo;120090025;25351 034212 01 22;ginseng bionatus;bionatus laboratorio botanico ltda 68 032 192 0001 51;panax ginseng c a mey;;TRUE;2;ginseng | panax ginseng;panax ginseng c. a. mey.
66;Ginseng;REG:120190137;ginseng;panax ginseng c. a. mey.;289;ginseng__panax_ginseng_c._a._mey.xlsx;GREENSENG;;;REGISTRADO;120190137;25351.169989/2002-96;GREENPHARMA QUÍMICA E FARMACÊUTICA LTDA - 33.408.105/0001-33;Inativo;02/2008;panax ginseng;incluido_alias_completo;Inativo;120190137;25351 169989 2002 96;greenseng;greenpharma quimica e farmaceutica ltda 33 408 105 0001 33;;2002;TRUE;2;ginseng | panax ginseng;panax ginseng c. a. mey.
66;Ginseng;REG:120190140;ginseng;panax ginseng c. a. mey.;289;ginseng__panax_ginseng_c._a._mey.xlsx;VIRIGREEN;;;REGISTRADO;120190140;25000.014151/99-15;GREENPHARMA QUÍMICA E FARMACÊUTICA LTDA - 33.408.105/0001-33;Inativo;06/2008;panax ginseng;incluido_alias_completo;Inativo;120190140;25000 014151 99 15;virigreen;greenpharma quimica e farmaceutica ltda 33 408 105 0001 33;;;TRUE;2;ginseng | panax ginseng;panax ginseng c. a. mey.
66;Ginseng;REG:123970013;ginseng;panax ginseng c. a. mey.;289;ginseng__panax_ginseng_c._a._mey.xlsx;GINSENG ORIENT;;;REGISTRADO;123970013;25351.186281/2002-08;ORIENT MIX FITOTERÁPICOS DO BRASIL LTDA. - 73.657.876/0001-89;Inativo;04/2013;panax ginseng;incluido_alias_completo;Inativo;123970013;25351 186281 2002 08;ginseng orient;orient mix fitoterapicos do brasil ltda 73 657 876 0001 89;;2002;TRUE;2;ginseng | panax ginseng;panax ginseng c. a. mey.
66;Ginseng;REG:128420025;ginseng;ginseng;287;ginseng__GINSENG.xlsx;TESTIS COMPOSITUM;;;REGISTRADO;128420025;25000.005317/98-96;PROBIOS COMÉRCIO IMPORTAÇÃO E EXPORTAÇÃO LTDA - 74.455.197/0001-90;Inativo;08/2007;ginseng;incluido_alias_completo;Inativo;128420025;25000 005317 98 96;testis compositum;probios comercio importacao e exportacao ltda 74 455 197 0001 90;;;TRUE;1;ginseng;ginseng
66;Ginseng;REG:128420035;ginseng;ginseng;287;ginseng__GINSENG.xlsx;GINSENG COMPOSITUM;;;REGISTRADO;128420035;25000.005325/98-14;PROBIOS COMÉRCIO IMPORTAÇÃO E EXPORTAÇÃO LTDA - 74.455.197/0001-90;Inativo;11/2007;ginseng;incluido_alias_completo;Inativo;128420035;25000 005325 98 14;ginseng compositum;probios comercio importacao e exportacao ltda 74 455 197 0001 90;;;TRUE;1;ginseng;ginseng
66;Ginseng;REG:129820001;ginseng;extrato de ginseng;285;ginseng__EXTRATO_DE_GINSENG.xlsx;POLIVITAMINAS + SAIS MINERAIS + RUTOSÍDEOS  + EXT DE GINSENG;;;REGISTRADO;129820001;25000.030916/97-11;DLW INDUSTRIA E COMERCIO LTDA - 00.302.796/0001-37;Inativo;08/2009;ginseng;incluido_alias_completo;Inativo;129820001;25000 030916 97 11;polivitaminas sais minerais rutosideos ext de ginseng;dlw industria e comercio ltda 00 302 796 0001 37;;;TRUE;1;ginseng;extrato de ginseng
66;Ginseng;REG:132650010;ginseng;panax ginseng c. a. mey.;289;ginseng__panax_ginseng_c._a._mey.xlsx;KG;;;REGISTRADO;132650010;25351.033155/2003-24;COLBRÁS INDÚSTRIA E COMÉRCIO LTDA - 00.413.925/0001-64;Inativo;11/2008;panax ginseng;incluido_alias_completo;Inativo;132650010;25351 033155 2003 24;kg;colbras industria e comercio ltda 00 413 925 0001 64;;2003;TRUE;2;ginseng | panax ginseng;panax ginseng c. a. mey.
66;Ginseng;REG:137070009;ginseng;panax ginseng c. a. mey.;289;ginseng__panax_ginseng_c._a._mey.xlsx;GINSENG FLORA MEDICINAL;GINSENG  FLORA MEDICINAL;;REGISTRADO;137070009;25351.022380/00-49;FLORA MEDICINAL J. MONTEIRO DA SILVA LTDA - 02.007.074/0001-85;Inativo;05/2006;panax ginseng;incluido_alias_completo;Inativo;137070009;25351 022380 00 49;ginseng flora medicinal;flora medicinal j monteiro da silva ltda 02 007 074 0001 85;;;TRUE;2;ginseng | panax ginseng;panax ginseng c. a. mey.
66;Ginseng;REG:138100028;ginseng;panax ginseng c. a. mey.;289;ginseng__panax_ginseng_c._a._mey.xlsx;PRASENG;;;REGISTRADO;138100028;25351.056717/2004-99;LABORATORIO QUIMICO FARMACEUTICO TIARAJU LTDA. - 94.022.654/0001-60;Inativo;04/2025;panax ginseng;incluido_alias_completo;Inativo;138100028;25351 056717 2004 99;praseng;laboratorio quimico farmaceutico tiaraju ltda 94 022 654 0001 60;;2004;TRUE;2;ginseng | panax ginseng;panax ginseng c. a. mey.
66;Ginseng;REG:138410024;ginseng;panax ginseng c. a. mey.;289;ginseng__panax_ginseng_c._a._mey.xlsx;BIOSENG;;;REGISTRADO;138410024;25351.424800/2005-86;NATULAB LABORATORIO S.A - 02.456.955/0001-83;Inativo;10/2006;panax ginseng;incluido_alias_completo;Inativo;138410024;25351 424800 2005 86;bioseng;natulab laboratorio s a 02 456 955 0001 83;;2005;TRUE;2;ginseng | panax ginseng;panax ginseng c. a. mey.
66;Ginseng;REG:138410040;ginseng;panax ginseng c. a. mey.;289;ginseng__panax_ginseng_c._a._mey.xlsx;BIOSENG;;panax ginseng c. a. mey.;REGISTRADO;138410040;25351.389191/2009-04;NATULAB LABORATORIO S.A - 02.456.955/0001-83;Ativo;03/2030;panax ginseng;incluido_alias_completo;Ativo;138410040;25351 389191 2009 04;bioseng;natulab laboratorio s a 02 456 955 0001 83;panax ginseng c a mey;2009;TRUE;2;ginseng | panax ginseng;panax ginseng c. a. mey.
66;Ginseng;REG:143810157;ginseng;panax ginseng;288;ginseng__PANAX_GINSENG.xlsx;GINSENG CIMED;;;REGISTRADO;143810157;25351.624223/2010-17;CIMED INDUSTRIA S.A - 02.814.497/0001-07;Inativo;09/2016;panax ginseng;incluido_alias_completo;Inativo;143810157;25351 624223 2010 17;ginseng cimed;cimed industria s a 02 814 497 0001 07;;2010;TRUE;2;ginseng | panax ginseng;panax ginseng
66;Ginseng;REG:144930043;ginseng;panax ginseng c. a. mey.;289;ginseng__panax_ginseng_c._a._mey.xlsx;VIGOR NATUS;;panax ginseng c. a. mey.;REGISTRADO;144930043;25351.025814/2003-59;AIRELA INDÚSTRIA FARMACÊUTICA LTDA. - 01.858.973/0001-29;Ativo;01/2029;panax ginseng;incluido_alias_completo;Ativo;144930043;25351 025814 2003 59;vigor natus;airela industria farmaceutica ltda 01 858 973 0001 29;panax ginseng c a mey;2003;TRUE;2;ginseng | panax ginseng;panax ginseng c. a. mey.
66;Ginseng;REG:144930047;ginseng;panax ginseng;288;ginseng__PANAX_GINSENG.xlsx;REVIGONAL;;;REGISTRADO;144930047;25351.068259/2003-50;AIRELA INDÚSTRIA FARMACÊUTICA LTDA. - 01.858.973/0001-29;Inativo;08/2014;panax ginseng;incluido_alias_completo;Inativo;144930047;25351 068259 2003 50;revigonal;airela industria farmaceutica ltda 01 858 973 0001 29;;2003;TRUE;4;ginseng | panax ginseng;panax ginseng | panax ginseng c. a. mey.
66;Ginseng;REG:145010021;ginseng;panax ginseng c. a. mey.;289;ginseng__panax_ginseng_c._a._mey.xlsx;GINSENG BRASMED;;;REGISTRADO;145010021;25351.060889/2003-86;BRASMED BOTÂNICA E FARMACÊUTICA LTDA - 00.660.703/0001-46;Inativo;09/2009;panax ginseng;incluido_alias_completo;Inativo;145010021;25351 060889 2003 86;ginseng brasmed;brasmed botanica e farmaceutica ltda 00 660 703 0001 46;;2003;TRUE;2;ginseng | panax ginseng;panax ginseng c. a. mey.
66;Ginseng;REG:154000046;ginseng;panax ginseng c. a. mey.;289;ginseng__panax_ginseng_c._a._mey.xlsx;PAXVITA;;;REGISTRADO;154000046;25351.154489/2004-11;LABORATÓRIO VITALAB LTDA - 56.646.953/0001-86;Inativo;11/2010;panax ginseng;incluido_alias_completo;Inativo;154000046;25351 154489 2004 11;paxvita;laboratorio vitalab ltda 56 646 953 0001 86;;2004;TRUE;2;ginseng | panax ginseng;panax ginseng c. a. mey.
66;Ginseng;REG:155240005;ginseng;panax ginseng c. a. mey.;289;ginseng__panax_ginseng_c._a._mey.xlsx;GINSENG SL;;;REGISTRADO;155240005;25351.425751/2005-07;HEALTY IMPORT 2001 COMÉRCIO, IMPORTAÇÃO E EXPORTAÇÃO LTDA - ME - 03.176.912/0001-07;Inativo;12/2010;panax ginseng;incluido_alias_completo;Inativo;155240005;25351 425751 2005 07;ginseng sl;healty import 2001 comercio importacao e exportacao ltda me 03 176 912 0001 07;;2005;TRUE;2;ginseng | panax ginseng;panax ginseng c. a. mey.
66;Ginseng;REG:155590001;ginseng;panax ginseng c. a. mey.;289;ginseng__panax_ginseng_c._a._mey.xlsx;GINSENG FLORA MEDICINAL;;;REGISTRADO;155590001;25351.067180/2003-10;INDUSTRIA E COMERCIO DE COSMETICOS NATURA LTDA - 00.190.373/0001-72;Inativo;05/2006;panax ginseng;incluido_alias_completo;Inativo;155590001;25351 067180 2003 10;ginseng flora medicinal;industria e comercio de cosmeticos natura ltda 00 190 373 0001 72;;2003;TRUE;2;ginseng | panax ginseng;panax ginseng c. a. mey.
66;Ginseng;REG:155840394;ginseng;panax ginseng c. a. mey.;289;ginseng__panax_ginseng_c._a._mey.xlsx;VIRILON;;;REGISTRADO;155840394;25351.549041/2012-10;BRAINFARMA INDÚSTRIA QUÍMICA E FARMACÊUTICA S.A - 05.161.069/0001-10;Inativo;08/2018;panax ginseng;incluido_alias_completo;Inativo;155840394;25351 549041 2012 10;virilon;brainfarma industria quimica e farmaceutica s a 05 161 069 0001 10;;2012;TRUE;2;ginseng | panax ginseng;panax ginseng c. a. mey.
66;Ginseng;REG:155840423;ginseng;panax ginseng c. a. mey.;289;ginseng__panax_ginseng_c._a._mey.xlsx;VIRILON GINSENG;;;REGISTRADO;155840423;25351.139207/2013-56;BRAINFARMA INDÚSTRIA QUÍMICA E FARMACÊUTICA S.A - 05.161.069/0001-10;Inativo;03/2019;panax ginseng;incluido_alias_completo;Inativo;155840423;25351 139207 2013 56;virilon ginseng;brainfarma industria quimica e farmaceutica s a 05 161 069 0001 10;;2013;TRUE;2;ginseng | panax ginseng;panax ginseng c. a. mey.
66;Ginseng;REG:167730285;ginseng;panax ginseng c. a. mey.;289;ginseng__panax_ginseng_c._a._mey.xlsx;NATUS GERIN;;panax ginseng c. a. mey., tiamina, riboflavina, cloridrato de piridoxina, cianocobalamina, palmitato de retinol, ácido ascórbico, acetato de tocoferol, sulfato ferroso, fosfato de cálcio dibásico, pantotenato de calcio, bitartarato de colina, nicotinamida, inositol, levometionina, adenosina, biotina, ácido fólico;REGISTRADO;167730285;25351.648303/2010-77;LEGRAND PHARMA INDÚSTRIA FARMACÊUTICA LTDA - 05.044.984/0001-26;Ativo;03/2029;panax ginseng;incluido_alias_completo;Ativo;167730285;25351 648303 2010 77;natus gerin;legrand pharma industria farmaceutica ltda 05 044 984 0001 26;panax ginseng c a mey tiamina riboflavina cloridrato de piridoxina cianocobalamina palmitato de retinol acido ascorbico acetato de tocoferol sulfato ferroso fosfato de calcio dibasico pantotenato de calcio bitartarato de colina nicotinamida inositol levometionina adenosina biotina acido folico;2010;TRUE;2;ginseng | panax ginseng;panax ginseng c. a. mey.
66;Ginseng;REG:172870049;ginseng;panax ginseng c. a. mey.;289;ginseng__panax_ginseng_c._a._mey.xlsx;VITASAY PERFORMANCE;;;REGISTRADO;172870049;25351.723204/2008-29;Hypera S.A. - 02.932.074/0001-91;Inativo;08/2010;panax ginseng;incluido_alias_completo;Inativo;172870049;25351 723204 2008 29;vitasay performance;hypera s a 02 932 074 0001 91;;2008;TRUE;2;ginseng | panax ginseng;panax ginseng c. a. mey.
66;Ginseng;REG:172870460;ginseng;panax ginseng c. a. mey.;289;ginseng__panax_ginseng_c._a._mey.xlsx;VIRILON;;;REGISTRADO;172870460;25351.515706/2011-02;Hypera S.A. - 02.932.074/0001-91;Inativo;08/2013;panax ginseng;incluido_alias_completo;Inativo;172870460;25351 515706 2011 02;virilon;hypera s a 02 932 074 0001 91;;2011;TRUE;2;ginseng | panax ginseng;panax ginseng c. a. mey.
66;Ginseng;REG:172870469;ginseng;panax ginseng c. a. mey.;289;ginseng__panax_ginseng_c._a._mey.xlsx;GINTAB;;;REGISTRADO;172870469;25351.515210/2011-17;Hypera S.A. - 02.932.074/0001-91;Inativo;08/2015;panax ginseng;incluido_alias_completo;Inativo;172870469;25351 515210 2011 17;gintab;hypera s a 02 932 074 0001 91;;2011;TRUE;2;ginseng | panax ginseng;panax ginseng c. a. mey.
66;Ginseng;REG:177940035;ginseng;panax ginseng c. a. mey.;289;ginseng__panax_ginseng_c._a._mey.xlsx;MATURE;;;REGISTRADO;177940035;25351.494914/2017-27;MABRA FARMACEUTICA LTDA - 09.545.589/0001-88;Inativo;09/2028;panax ginseng;incluido_alias_completo;Inativo;177940035;25351 494914 2017 27;mature;mabra farmaceutica ltda 09 545 589 0001 88;;2017;TRUE;2;ginseng | panax ginseng;panax ginseng c. a. mey.
66;Ginseng;REG:178170035;ginseng;panax ginseng c. a. mey.;289;ginseng__panax_ginseng_c._a._mey.xlsx;VITASAY PERFORMANCE;;;REGISTRADO;178170035;25351.637591/2009-20;COSMED INDUSTRIA DE COSMETICOS E MEDICAMENTOS S.A. - 61.082.426/0002-07;Inativo;08/2010;panax ginseng;incluido_alias_completo;Inativo;178170035;25351 637591 2009 20;vitasay performance;cosmed industria de cosmeticos e medicamentos s a 61 082 426 0002 07;;2009;TRUE;2;ginseng | panax ginseng;panax ginseng c. a. mey.
66;Ginseng;REG:178170810;ginseng;panax ginseng c. a. mey.;289;ginseng__panax_ginseng_c._a._mey.xlsx;VITASAY GINSENG;;;REGISTRADO;178170810;25351.186274/2015-12;COSMED INDUSTRIA DE COSMETICOS E MEDICAMENTOS S.A. - 61.082.426/0002-07;Inativo;11/2020;panax ginseng;incluido_alias_completo;Inativo;178170810;25351 186274 2015 12;vitasay ginseng;cosmed industria de cosmeticos e medicamentos s a 61 082 426 0002 07;;2015;TRUE;2;ginseng | panax ginseng;panax ginseng c. a. mey.
68;Guaco / Guaco-cheiroso;REG:100020095;Mikania glomerata;mikania glomerata spreng.;103;Mikania_glomerata__mikania_glomerata_spreng.xlsx;NECTAR&AGRIÃO;;;REGISTRADO;100020095;25000.008612/93;LABORATORIO SEDABEL LTDA - 29.322.013/0001-69;Inativo;03/2007;mikania glomerata;incluido_alias_completo;Inativo;100020095;25000 008612 93;nectar agriao;laboratorio sedabel ltda 29 322 013 0001 69;;;TRUE;1;Mikania glomerata;mikania glomerata spreng.
68;Guaco / Guaco-cheiroso;REG:100490101;Mikania glomerata;mikania glomerata spreng.;103;Mikania_glomerata__mikania_glomerata_spreng.xlsx;PERTOSS;;;REGISTRADO;100490101;25001.002246/60;LABORATÓRIO SAÚDE LTDA - 91.671.792/0001-81;Inativo;06/2009;mikania glomerata;incluido_alias_completo;Inativo;100490101;25001 002246 60;pertoss;laboratorio saude ltda 91 671 792 0001 81;;;TRUE;1;Mikania glomerata;mikania glomerata spreng.
68;Guaco / Guaco-cheiroso;REG:100660055;Mikania glomerata;mikania glomerata spreng.;103;Mikania_glomerata__mikania_glomerata_spreng.xlsx;MELAGRIÃO;;mikania glomerata spreng., glinus oppositifolius (l.) aug. dc., polygala senega l., cephaelis ipecacuanha (brot.) a. rich;REGISTRADO;100660055;25992.001794/40;LABORATORIO CATARINENSE LTDA - 84.684.620/0001-87;Ativo;06/2028;mikania glomerata;incluido_alias_completo;Ativo;100660055;25992 001794 40;melagriao;laboratorio catarinense ltda 84 684 620 0001 87;mikania glomerata spreng glinus oppositifolius l aug dc polygala senega l cephaelis ipecacuanha brot a rich;;TRUE;1;Mikania glomerata;mikania glomerata spreng.
68;Guaco / Guaco-cheiroso;REG:100663393;Mikania glomerata;mikania glomerata spreng.;103;Mikania_glomerata__mikania_glomerata_spreng.xlsx;G500 BALSÂMICO;;mikania glomerata spreng.;REGISTRADO;100663393;25351.557172/2007-86;LABORATORIO CATARINENSE LTDA - 84.684.620/0001-87;Ativo;02/2028;mikania glomerata;incluido_alias_completo;Ativo;100663393;25351 557172 2007 86;g500 balsamico;laboratorio catarinense ltda 84 684 620 0001 87;mikania glomerata spreng;2007;TRUE;1;Mikania glomerata;mikania glomerata spreng.
68;Guaco / Guaco-cheiroso;REG:102640027;Mikania glomerata;mikania glomerata spreng.;103;Mikania_glomerata__mikania_glomerata_spreng.xlsx;EUCALIPTUS E GOMENOL COMPOSTO;;;REGISTRADO;102640027;25001.001277/78;MILLER INDUSTRIAL FTCA LTDA - 33.191.735/0001-07;Inativo;11/2009;mikania glomerata;incluido_alias_completo;Inativo;102640027;25001 001277 78;eucaliptus e gomenol composto;miller industrial ftca ltda 33 191 735 0001 07;;;TRUE;1;Mikania glomerata;mikania glomerata spreng.
68;Guaco / Guaco-cheiroso;REG:102770023;Mikania glomerata;mikania glomerata spreng.;103;Mikania_glomerata__mikania_glomerata_spreng.xlsx;XAROPE CALCÁREO BALSÂMICO;;;REGISTRADO;102770023;25992.003571/42;DAREL INDÚSTRIAS QUIMICO FARMACÊUTICO LTDA-ME - 92.691.195/0001-81;Inativo;03/2009;mikania glomerata;incluido_alias_completo;Inativo;102770023;25992 003571 42;xarope calcareo balsamico;darel industrias quimico farmaceutico ltda me 92 691 195 0001 81;;;TRUE;1;Mikania glomerata;mikania glomerata spreng.
68;Guaco / Guaco-cheiroso;REG:103920244;Mikania glomerata;mikania glomerata spreng.;103;Mikania_glomerata__mikania_glomerata_spreng.xlsx;GUAKOEXPEC;;mikania glomerata spreng.;REGISTRADO;103920244;25351.400840/2024-03;VITAMEDIC INDUSTRIA FARMACEUTICA LTDA - 30.222.814/0001-31;Ativo;01/2035;mikania glomerata;incluido_alias_completo;Ativo;103920244;25351 400840 2024 03;guakoexpec;vitamedic industria farmaceutica ltda 30 222 814 0001 31;mikania glomerata spreng;2024;TRUE;1;Mikania glomerata;mikania glomerata spreng.
68;Guaco / Guaco-cheiroso;REG:103920246;Mikania glomerata;mikania glomerata spreng.;103;Mikania_glomerata__mikania_glomerata_spreng.xlsx;GUACO VITAMEDIC;;mikania glomerata spreng.;REGISTRADO;103920246;25351.400839/2024-71;VITAMEDIC INDUSTRIA FARMACEUTICA LTDA - 30.222.814/0001-31;Ativo;04/2035;mikania glomerata;incluido_alias_completo;Ativo;103920246;25351 400839 2024 71;guaco vitamedic;vitamedic industria farmaceutica ltda 30 222 814 0001 31;mikania glomerata spreng;2024;TRUE;1;Mikania glomerata;mikania glomerata spreng.
68;Guaco / Guaco-cheiroso;REG:104041968;Mikania glomerata;mikania glomerata spreng.;103;Mikania_glomerata__mikania_glomerata_spreng.xlsx;BLUMEL GUACO;BLUMEL  GUACO;;REGISTRADO;104041968;25351.268701/2004-27;LUPER INDÚSTRIA FARMACÊUTICA LTDA - 61.299.111/0001-35;Inativo;07/2015;mikania glomerata;incluido_alias_completo;Inativo;104041968;25351 268701 2004 27;blumel guaco;luper industria farmaceutica ltda 61 299 111 0001 35;;2004;TRUE;1;Mikania glomerata;mikania glomerata spreng.
68;Guaco / Guaco-cheiroso;REG:104400014;Mikania glomerata;mikania glomerata spreng.;103;Mikania_glomerata__mikania_glomerata_spreng.xlsx;BRONCOL;;;REGISTRADO;104400014;25992.007509/73;CELLERA FARMACÊUTICA S.A. - 33.173.097/0002-74;Inativo;03/2004;mikania glomerata;incluido_alias_completo;Inativo;104400014;25992 007509 73;broncol;cellera farmaceutica s a 33 173 097 0002 74;;;TRUE;1;Mikania glomerata;mikania glomerata spreng.
68;Guaco / Guaco-cheiroso;REG:104730039;Mikania glomerata;mikania glomerata spreng.;103;Mikania_glomerata__mikania_glomerata_spreng.xlsx;LIVTÓS;;mikania glomerata spreng.;REGISTRADO;104730039;25351.454700/2011-11;VIDORA FARMACÊUTICA LTDA - 92.762.277/0001-70;Ativo;04/2028;mikania glomerata;incluido_alias_completo;Ativo;104730039;25351 454700 2011 11;livtos;vidora farmaceutica ltda 92 762 277 0001 70;mikania glomerata spreng;2011;TRUE;1;Mikania glomerata;mikania glomerata spreng.
68;Guaco / Guaco-cheiroso;REG:104770002;Mikania glomerata;mikania glomerata spreng.;103;Mikania_glomerata__mikania_glomerata_spreng.xlsx;CESSATOSSE;;;REGISTRADO;104770002;25001.007429/79;LAB REGIUS LTDA - 92.691.187/0001-35;Inativo;01/2006;mikania glomerata;incluido_alias_completo;Inativo;104770002;25001 007429 79;cessatosse;lab regius ltda 92 691 187 0001 35;;;TRUE;1;Mikania glomerata;mikania glomerata spreng.
68;Guaco / Guaco-cheiroso;REG:105340005;Mikania glomerata;mikania glomerata spreng.;103;Mikania_glomerata__mikania_glomerata_spreng.xlsx;XAROPE GUACO MELPOEJO;;mikania glomerata spreng.;REGISTRADO;105340005;25351.739844/2010-12;Laboratório Melpoejo - 21.549.522/0001-17;Ativo;10/2027;mikania glomerata;incluido_alias_completo;Ativo;105340005;25351 739844 2010 12;xarope guaco melpoejo;laboratorio melpoejo 21 549 522 0001 17;mikania glomerata spreng;2010;TRUE;1;Mikania glomerata;mikania glomerata spreng.
68;Guaco / Guaco-cheiroso;REG:105710144;Mikania glomerata;mikania glomerata spreng.;103;Mikania_glomerata__mikania_glomerata_spreng.xlsx;XAROPE DE GUACO BELFAR;;mikania glomerata spreng.;REGISTRADO;105710144;25351.676564/2009-14;BELFAR LTDA - 18.324.343/0001-77;Ativo;12/2035;mikania glomerata;incluido_alias_completo;Ativo;105710144;25351 676564 2009 14;xarope de guaco belfar;belfar ltda 18 324 343 0001 77;mikania glomerata spreng;2009;TRUE;1;Mikania glomerata;mikania glomerata spreng.
68;Guaco / Guaco-cheiroso;REG:105760104;Mikania glomerata;mikania glomerata spreng.;103;Mikania_glomerata__mikania_glomerata_spreng.xlsx;FIMATOSAN;;;REGISTRADO;105760104;25991.010027/79;LABORATORIO SIMOES LTDA. - 33.379.884/0001-96;Inativo;12/2009;mikania glomerata;incluido_alias_completo;Inativo;105760104;25991 010027 79;fimatosan;laboratorio simoes ltda 33 379 884 0001 96;;;TRUE;1;Mikania glomerata;mikania glomerata spreng.
68;Guaco / Guaco-cheiroso;REG:105760125;Mikania glomerata;mikania glomerata spreng.;103;Mikania_glomerata__mikania_glomerata_spreng.xlsx;FIMATOSAN MGS;;;REGISTRADO;105760125;25351.777519/2010-28;LABORATORIO SIMOES LTDA. - 33.379.884/0001-96;Inativo;04/2017;mikania glomerata;incluido_alias_completo;Inativo;105760125;25351 777519 2010 28;fimatosan mgs;laboratorio simoes ltda 33 379 884 0001 96;;2010;TRUE;1;Mikania glomerata;mikania glomerata spreng.
68;Guaco / Guaco-cheiroso;REG:106240116;Mikania glomerata;tintura de mikania glomerata sprengel;100;Mikania_glomerata__TINTURA_DE_MIKANIA_GLOMERATA_SPRENGEL.xlsx;UNITOSSE;;;REGISTRADO;106240116;25351.200164/2002-56;INDÚSTRIA FARMACÊUTICA MILIAN LTDA - 29.333.218/0001-40;Inativo;03/2013;mikania glomerata;incluido_alias_completo;Inativo;106240116;25351 200164 2002 56;unitosse;industria farmaceutica milian ltda 29 333 218 0001 40;;2002;TRUE;1;Mikania glomerata;tintura de mikania glomerata sprengel
68;Guaco / Guaco-cheiroso;REG:106570016;Mikania glomerata;mikania glomerata spreng.;103;Mikania_glomerata__mikania_glomerata_spreng.xlsx;GUACOLIN;;mikania glomerata spreng.;REGISTRADO;106570016;25351.057963/2008-91;KRESS FARMACEUTICA S.A. - 84.712.579/0001-05;Ativo;06/2028;mikania glomerata;incluido_alias_completo;Ativo;106570016;25351 057963 2008 91;guacolin;kress farmaceutica s a 84 712 579 0001 05;mikania glomerata spreng;2008;TRUE;1;Mikania glomerata;mikania glomerata spreng.
68;Guaco / Guaco-cheiroso;REG:106890093;Mikania glomerata;extrato fluido de guaco (mikania glomerata);102;Mikania_glomerata__extrato_fluido_de_guaco_mikania_glomerata.xlsx;PEITORAL MARTEL;;;REGISTRADO;106890093;25351.014605/2004-61;KLEY HERTZ FARMACEUTICA S.A - 92.695.691/0001-03;Inativo;;mikania glomerata;incluido_alias_completo;Inativo;106890093;25351 014605 2004 61;peitoral martel;kley hertz farmaceutica s a 92 695 691 0001 03;;2004;TRUE;2;guaco | Mikania glomerata;extrato fluido de guaco (mikania glomerata)
68;Guaco / Guaco-cheiroso;REG:106890148;Mikania glomerata;mikania glomerata spreng.;103;Mikania_glomerata__mikania_glomerata_spreng.xlsx;PEITORAL MARTEL;;mikania glomerata spreng.;REGISTRADO;106890148;25351.009278/2005-14;KLEY HERTZ FARMACEUTICA S.A - 92.695.691/0001-03;Ativo;04/2030;mikania glomerata;incluido_alias_completo;Ativo;106890148;25351 009278 2005 14;peitoral martel;kley hertz farmaceutica s a 92 695 691 0001 03;mikania glomerata spreng;2005;TRUE;1;Mikania glomerata;mikania glomerata spreng.
68;Guaco / Guaco-cheiroso;REG:107150079;Mikania glomerata;mikania glomerata spreng.;103;Mikania_glomerata__mikania_glomerata_spreng.xlsx;EXPCTOMEL;EXPECTOMEL;;REGISTRADO;107150079;25000.010125/89;CAZI QUIMICA FARMACEUTICA INDUSTRIA E COMERCIO LTDA - 44.010.437/0001-81;Inativo;01/2005;mikania glomerata;incluido_alias_completo;Inativo;107150079;25000 010125 89;expctomel;cazi quimica farmaceutica industria e comercio ltda 44 010 437 0001 81;;;TRUE;1;Mikania glomerata;mikania glomerata spreng.
68;Guaco / Guaco-cheiroso;REG:107150177;Mikania glomerata;mikania glomerata spreng.;103;Mikania_glomerata__mikania_glomerata_spreng.xlsx;EXPECTRAT;;mikania glomerata spreng.;REGISTRADO;107150177;25351.423411/2009-16;CAZI QUIMICA FARMACEUTICA INDUSTRIA E COMERCIO LTDA - 44.010.437/0001-81;Ativo;08/2035;mikania glomerata;incluido_alias_completo;Ativo;107150177;25351 423411 2009 16;expectrat;cazi quimica farmaceutica industria e comercio ltda 44 010 437 0001 81;mikania glomerata spreng;2009;TRUE;1;Mikania glomerata;mikania glomerata spreng.
68;Guaco / Guaco-cheiroso;REG:108580241;Mikania glomerata;mikania glomerata spreng.;103;Mikania_glomerata__mikania_glomerata_spreng.xlsx;BRONQUIOGEN;;;REGISTRADO;108580241;25001.206488/82;PRODOTTI LABORATÓRIO FARMACÊUTICO LTDA. - 51.603.488/0001-82;Inativo;04/2008;mikania glomerata;incluido_alias_completo;Inativo;108580241;25001 206488 82;bronquiogen;prodotti laboratorio farmaceutico ltda 51 603 488 0001 82;;;TRUE;1;Mikania glomerata;mikania glomerata spreng.
68;Guaco / Guaco-cheiroso;REG:109220209;Mikania glomerata;mikania glomerata spreng.;103;Mikania_glomerata__mikania_glomerata_spreng.xlsx;FINETOSS;FINETOSS XAROPE, FINETOSS EDULITO;;REGISTRADO;109220209;25351.745404/2009-11;H B FARMA LABORATÓRIOS LTDA - 28.643.633/0001-37;Inativo;10/2016;mikania glomerata;incluido_alias_completo;Inativo;109220209;25351 745404 2009 11;finetoss;h b farma laboratorios ltda 28 643 633 0001 37;;2009;TRUE;1;Mikania glomerata;mikania glomerata spreng.
68;Guaco / Guaco-cheiroso;REG:111990025;Mikania glomerata;mikania glomerata spreng.;103;Mikania_glomerata__mikania_glomerata_spreng.xlsx;MAKROMEL;;;REGISTRADO;111990025;25000.018591/99-51;MAKROFARMA QUIMICA FARMACEUTICA LTDA - 33.223.157/0001-35;Inativo;11/2005;mikania glomerata;incluido_alias_completo;Inativo;111990025;25000 018591 99 51;makromel;makrofarma quimica farmaceutica ltda 33 223 157 0001 35;;;TRUE;1;Mikania glomerata;mikania glomerata spreng.
68;Guaco / Guaco-cheiroso;REG:116780011;Mikania glomerata;mikania glomerata spreng.;103;Mikania_glomerata__mikania_glomerata_spreng.xlsx;GUACO EC;GAUCO EC;;REGISTRADO;116780011;25351.122446/2008-09;AS ERVAS CURAM INDUSTRIA FARMACEUTICA LTDA - 79.634.572/0001-82;Inativo;07/2013;mikania glomerata;incluido_alias_completo;Inativo;116780011;25351 122446 2008 09;guaco ec;as ervas curam industria farmaceutica ltda 79 634 572 0001 82;;2008;TRUE;1;Mikania glomerata;mikania glomerata spreng.
68;Guaco / Guaco-cheiroso;REG:116800005;Mikania glomerata;extrato fluido de guaco (mikania glomerata);102;Mikania_glomerata__extrato_fluido_de_guaco_mikania_glomerata.xlsx;PEITORAL MARTEL;;;REGISTRADO;116800005;25001.020825/84;LABORATÓRIOS GALENOGAL LTDA - 90.455.262/0001-33;Inativo;;mikania glomerata;incluido_alias_completo;Inativo;116800005;25001 020825 84;peitoral martel;laboratorios galenogal ltda 90 455 262 0001 33;;;TRUE;2;guaco | Mikania glomerata;extrato fluido de guaco (mikania glomerata)
68;Guaco / Guaco-cheiroso;REG:116950034;Mikania glomerata;mikania glomerata spreng.;103;Mikania_glomerata__mikania_glomerata_spreng.xlsx;GUACOPLEX;;;REGISTRADO;116950034;25351.271925/2005-05;LABORATÓRIO FARMACÊUTICO VITAMED LTDA - 29.346.301/0001-53;Inativo;11/2025;mikania glomerata;incluido_alias_completo;Inativo;116950034;25351 271925 2005 05;guacoplex;laboratorio farmaceutico vitamed ltda 29 346 301 0001 53;;2005;TRUE;1;Mikania glomerata;mikania glomerata spreng.
68;Guaco / Guaco-cheiroso;REG:117170057;Mikania glomerata;mikania glomerata spreng.;103;Mikania_glomerata__mikania_glomerata_spreng.xlsx;GUACONAT;;mikania glomerata spreng.;REGISTRADO;117170057;25351.130193/2005-96;PHARMASCIENCE INDUSTRIA FARMACEUTICA S.A - 25.773.037/0001-83;Ativo;08/2035;mikania glomerata;incluido_alias_completo;Ativo;117170057;25351 130193 2005 96;guaconat;pharmascience industria farmaceutica s a 25 773 037 0001 83;mikania glomerata spreng;2005;TRUE;1;Mikania glomerata;mikania glomerata spreng.
68;Guaco / Guaco-cheiroso;REG:118600039;Mikania glomerata;mikania glomerata spreng.;103;Mikania_glomerata__mikania_glomerata_spreng.xlsx;XAROPE DE GUACO HERBARIUM;;mikania glomerata spreng.;REGISTRADO;118600039;25351.222594/2002-29;HERBARIUM LABORATORIO BOTANICO LTDA - 78.950.011/0001-20;Ativo;04/2028;mikania glomerata;incluido_alias_completo;Ativo;118600039;25351 222594 2002 29;xarope de guaco herbarium;herbarium laboratorio botanico ltda 78 950 011 0001 20;mikania glomerata spreng;2002;TRUE;1;Mikania glomerata;mikania glomerata spreng.
68;Guaco / Guaco-cheiroso;REG:118600078;Mikania glomerata;mikania glomerata spreng.;103;Mikania_glomerata__mikania_glomerata_spreng.xlsx;GUACO EDULITO HERBARIUM;;mikania glomerata spreng.;REGISTRADO;118600078;25351.002561/2007-79;HERBARIUM LABORATORIO BOTANICO LTDA - 78.950.011/0001-20;Ativo;08/2027;mikania glomerata;incluido_alias_completo;Ativo;118600078;25351 002561 2007 79;guaco edulito herbarium;herbarium laboratorio botanico ltda 78 950 011 0001 20;mikania glomerata spreng;2007;TRUE;1;Mikania glomerata;mikania glomerata spreng.
68;Guaco / Guaco-cheiroso;REG:120090031;Mikania glomerata;mikania glomerata spreng.;103;Mikania_glomerata__mikania_glomerata_spreng.xlsx;BIOTOSS EDULITO;;;REGISTRADO;120090031;25351.481022/2019-28;BIONATUS LABORATÓRIO BOTÂNICO LTDA - 68.032.192/0001-51;Inativo;06/2025;mikania glomerata;incluido_alias_completo;Inativo;120090031;25351 481022 2019 28;biotoss edulito;bionatus laboratorio botanico ltda 68 032 192 0001 51;;2019;TRUE;1;Mikania glomerata;mikania glomerata spreng.
68;Guaco / Guaco-cheiroso;REG:120090032;Mikania glomerata;mikania glomerata spreng.;103;Mikania_glomerata__mikania_glomerata_spreng.xlsx;BIOTOSS XAROPE;;;REGISTRADO;120090032;25351.481144/2019-14;BIONATUS LABORATÓRIO BOTÂNICO LTDA - 68.032.192/0001-51;Inativo;06/2025;mikania glomerata;incluido_alias_completo;Inativo;120090032;25351 481144 2019 14;biotoss xarope;bionatus laboratorio botanico ltda 68 032 192 0001 51;;2019;TRUE;1;Mikania glomerata;mikania glomerata spreng.
68;Guaco / Guaco-cheiroso;REG:120090034;Mikania glomerata;mikania glomerata spreng.;103;Mikania_glomerata__mikania_glomerata_spreng.xlsx;BIOTOSS;;mikania glomerata spreng.;REGISTRADO;120090034;25351.606706/2021-63;BIONATUS LABORATÓRIO BOTÂNICO LTDA - 68.032.192/0001-51;Ativo;01/2032;mikania glomerata;incluido_alias_completo;Ativo;120090034;25351 606706 2021 63;biotoss;bionatus laboratorio botanico ltda 68 032 192 0001 51;mikania glomerata spreng;2021;TRUE;1;Mikania glomerata;mikania glomerata spreng.
68;Guaco / Guaco-cheiroso;REG:121070009;Mikania glomerata;mikania glomerata spreng.;103;Mikania_glomerata__mikania_glomerata_spreng.xlsx;APIGUACO;;mikania glomerata spreng.;REGISTRADO;121070009;25351.738676/2010-00;APIS FLORA INDUSTRIAL  E COMERCIAL LTDA - 49.345.358/0001-45;Ativo;07/2027;mikania glomerata;incluido_alias_completo;Ativo;121070009;25351 738676 2010 00;apiguaco;apis flora industrial e comercial ltda 49 345 358 0001 45;mikania glomerata spreng;2010;TRUE;1;Mikania glomerata;mikania glomerata spreng.
68;Guaco / Guaco-cheiroso;REG:135310023;Mikania glomerata;mikania glomerata spreng.;103;Mikania_glomerata__mikania_glomerata_spreng.xlsx;MEG MEL;;;REGISTRADO;135310023;25351.369903/2006-57;IFAL INDUSTRIA E COMERCIO DE PRODUTOS FARMAC LTDA - 00.376.959/0001-26;Inativo;03/2012;mikania glomerata;incluido_alias_completo;Inativo;135310023;25351 369903 2006 57;meg mel;ifal industria e comercio de produtos farmac ltda 00 376 959 0001 26;;2006;TRUE;1;Mikania glomerata;mikania glomerata spreng.
68;Guaco / Guaco-cheiroso;REG:135310024;Mikania glomerata;mikania glomerata spreng.;103;Mikania_glomerata__mikania_glomerata_spreng.xlsx;GUACOTOSS;EDULITO;;REGISTRADO;135310024;25351.369256/2006-83;IFAL INDUSTRIA E COMERCIO DE PRODUTOS FARMAC LTDA - 00.376.959/0001-26;Inativo;03/2012;mikania glomerata;incluido_alias_completo;Inativo;135310024;25351 369256 2006 83;guacotoss;ifal industria e comercio de produtos farmac ltda 00 376 959 0001 26;;2006;TRUE;1;Mikania glomerata;mikania glomerata spreng.
68;Guaco / Guaco-cheiroso;REG:135310033;Mikania glomerata;mikania glomerata spreng.;103;Mikania_glomerata__mikania_glomerata_spreng.xlsx;GUACOTOSS;;mikania glomerata spreng.;REGISTRADO;135310033;25351.723386/2012-21;IFAL INDUSTRIA E COMERCIO DE PRODUTOS FARMAC LTDA - 00.376.959/0001-26;Ativo;09/2028;mikania glomerata;incluido_alias_completo;Ativo;135310033;25351 723386 2012 21;guacotoss;ifal industria e comercio de produtos farmac ltda 00 376 959 0001 26;mikania glomerata spreng;2012;TRUE;1;Mikania glomerata;mikania glomerata spreng.
68;Guaco / Guaco-cheiroso;REG:138100029;Mikania glomerata;extrato fluido de guaco (mikania glomerata);102;Mikania_glomerata__extrato_fluido_de_guaco_mikania_glomerata.xlsx;XAROPE TIARAJU;;;REGISTRADO;138100029;25351.097657/2005-45;LABORATORIO QUIMICO FARMACEUTICO TIARAJU LTDA. - 94.022.654/0001-60;Inativo;06/2015;mikania glomerata;incluido_alias_completo;Inativo;138100029;25351 097657 2005 45;xarope tiaraju;laboratorio quimico farmaceutico tiaraju ltda 94 022 654 0001 60;;2005;TRUE;2;guaco | Mikania glomerata;extrato fluido de guaco (mikania glomerata)
68;Guaco / Guaco-cheiroso;REG:138410032;Mikania glomerata;mikania glomerata spreng.;103;Mikania_glomerata__mikania_glomerata_spreng.xlsx;XAROPE DE GUACO NATULAB;;mikania glomerata spreng.;REGISTRADO;138410032;25351.400956/2005-71;NATULAB LABORATORIO S.A - 02.456.955/0001-83;Ativo;04/2036;mikania glomerata;incluido_alias_completo;Ativo;138410032;25351 400956 2005 71;xarope de guaco natulab;natulab laboratorio s a 02 456 955 0001 83;mikania glomerata spreng;2005;TRUE;1;Mikania glomerata;mikania glomerata spreng.
68;Guaco / Guaco-cheiroso;REG:142630004;Mikania glomerata;mikania glomerata spreng.;103;Mikania_glomerata__mikania_glomerata_spreng.xlsx;GUAX;;;REGISTRADO;142630004;25351.318026/2008-18;LABORATÓRIO MERCOFARMA LTDA - 72.320.906/0001-02;Inativo;02/2015;mikania glomerata;incluido_alias_completo;Inativo;142630004;25351 318026 2008 18;guax;laboratorio mercofarma ltda 72 320 906 0001 02;;2008;TRUE;1;Mikania glomerata;mikania glomerata spreng.
68;Guaco / Guaco-cheiroso;REG:143810211;Mikania glomerata;mikania glomerata spreng.;103;Mikania_glomerata__mikania_glomerata_spreng.xlsx;XAROPE DE GUACO CIMED;;mikania glomerata spreng., mikania laevigata sch.bip. ex baker.;REGISTRADO;143810211;25351.850832/2016-82;CIMED INDUSTRIA S.A - 02.814.497/0001-07;Ativo;07/2028;mikania glomerata;incluido_alias_completo;Ativo;143810211;25351 850832 2016 82;xarope de guaco cimed;cimed industria s a 02 814 497 0001 07;mikania glomerata spreng mikania laevigata sch bip ex baker;2016;TRUE;2;Mikania glomerata | Mikania laevigata;mikania glomerata spreng. | mikania laevigata sch.bip. ex baker.
68;Guaco / Guaco-cheiroso;REG:144930059;Mikania glomerata;mikania glomerata spreng.;103;Mikania_glomerata__mikania_glomerata_spreng.xlsx;GUACOFLUS;;mikania glomerata spreng.;REGISTRADO;144930059;25351.147809/2020-05;AIRELA INDÚSTRIA FARMACÊUTICA LTDA. - 01.858.973/0001-29;Ativo;10/2028;mikania glomerata;incluido_alias_completo;Ativo;144930059;25351 147809 2020 05;guacoflus;airela industria farmaceutica ltda 01 858 973 0001 29;mikania glomerata spreng;2020;TRUE;1;Mikania glomerata;mikania glomerata spreng.
68;Guaco / Guaco-cheiroso;REG:145010024;Mikania glomerata;mikania glomerata spreng.;103;Mikania_glomerata__mikania_glomerata_spreng.xlsx;BIOEXPECTO;;;REGISTRADO;145010024;25351.123706/2007-74;BRASMED BOTÂNICA E FARMACÊUTICA LTDA - 00.660.703/0001-46;Inativo;09/2017;mikania glomerata;incluido_alias_completo;Inativo;145010024;25351 123706 2007 74;bioexpecto;brasmed botanica e farmaceutica ltda 00 660 703 0001 46;;2007;TRUE;1;Mikania glomerata;mikania glomerata spreng.
68;Guaco / Guaco-cheiroso;REG:152750003;Mikania glomerata;mikania glomerata spreng.;103;Mikania_glomerata__mikania_glomerata_spreng.xlsx;GUACOFLUS;;;REGISTRADO;152750003;25024.002034/2002-61;TAUENS FARMACÊUTICA LTDA - 04.246.660/0001-08;Inativo;10/2028;mikania glomerata;incluido_alias_completo;Inativo;152750003;25024 002034 2002 61;guacoflus;tauens farmaceutica ltda 04 246 660 0001 08;;2002;TRUE;1;Mikania glomerata;mikania glomerata spreng.
68;Guaco / Guaco-cheiroso;REG:152750004;Mikania glomerata;mikania glomerata spreng.;103;Mikania_glomerata__mikania_glomerata_spreng.xlsx;AGLIX;;;REGISTRADO;152750004;25351.562026/2007-72;TAUENS FARMACÊUTICA LTDA - 04.246.660/0001-08;Inativo;04/2023;mikania glomerata;incluido_alias_completo;Inativo;152750004;25351 562026 2007 72;aglix;tauens farmaceutica ltda 04 246 660 0001 08;;2007;TRUE;1;Mikania glomerata;mikania glomerata spreng.
68;Guaco / Guaco-cheiroso;REG:154000036;Mikania glomerata;mikania glomerata spreng.;103;Mikania_glomerata__mikania_glomerata_spreng.xlsx;GUACOVITA;;nasturtium officinale r.br., mikania glomerata spreng., polygala senega l., myroxylon balsamum (l.) harms, cephaelis ipecacuanha (brot.) a. rich, aconitum napellus l.;REGISTRADO;154000036;25351.011040/2003-89;LABORATÓRIO VITALAB LTDA - 56.646.953/0001-86;Ativo;05/2028;mikania glomerata;incluido_alias_completo;Ativo;154000036;25351 011040 2003 89;guacovita;laboratorio vitalab ltda 56 646 953 0001 86;nasturtium officinale r br mikania glomerata spreng polygala senega l myroxylon balsamum l harms cephaelis ipecacuanha brot a rich aconitum napellus l;2003;TRUE;1;Mikania glomerata;mikania glomerata spreng.
68;Guaco / Guaco-cheiroso;REG:155840405;Mikania glomerata;mikania glomerata spreng.;103;Mikania_glomerata__mikania_glomerata_spreng.xlsx;BLUMEL GUACO;BLUMEL  GUACO;;REGISTRADO;155840405;25351.535078/2012-63;BRAINFARMA INDÚSTRIA QUÍMICA E FARMACÊUTICA S.A - 05.161.069/0001-10;Inativo;07/2015;mikania glomerata;incluido_alias_completo;Inativo;155840405;25351 535078 2012 63;blumel guaco;brainfarma industria quimica e farmaceutica s a 05 161 069 0001 10;;2012;TRUE;1;Mikania glomerata;mikania glomerata spreng.
68;Guaco / Guaco-cheiroso;REG:162410011;Mikania glomerata;extrato fluido de guaco (mikania glomerata);102;Mikania_glomerata__extrato_fluido_de_guaco_mikania_glomerata.xlsx;BIOTOSS XAROPE;;;REGISTRADO;162410011;25351.124737/2009-03;UNITHER INDUSTRIA FARMACEUTICA LTDA. - 04.656.253/0001-79;Inativo;06/2025;mikania glomerata;incluido_alias_completo;Inativo;162410011;25351 124737 2009 03;biotoss xarope;unither industria farmaceutica ltda 04 656 253 0001 79;;2009;TRUE;2;guaco | Mikania glomerata;extrato fluido de guaco (mikania glomerata)
68;Guaco / Guaco-cheiroso;REG:162410012;Mikania glomerata;mikania glomerata spreng.;103;Mikania_glomerata__mikania_glomerata_spreng.xlsx;BIOTOSS EDULITO;;;REGISTRADO;162410012;25351.437541/2009-75;UNITHER INDUSTRIA FARMACEUTICA LTDA. - 04.656.253/0001-79;Inativo;06/2025;mikania glomerata;incluido_alias_completo;Inativo;162410012;25351 437541 2009 75;biotoss edulito;unither industria farmaceutica ltda 04 656 253 0001 79;;2009;TRUE;1;Mikania glomerata;mikania glomerata spreng.
68;Guaco / Guaco-cheiroso;REG:172870472;Mikania glomerata;mikania glomerata spreng.;103;Mikania_glomerata__mikania_glomerata_spreng.xlsx;BLUMEL GUACO;BLUMEL  GUACO;;REGISTRADO;172870472;25351.515495/2011-16;Hypera S.A. - 02.932.074/0001-91;Inativo;07/2015;mikania glomerata;incluido_alias_completo;Inativo;172870472;25351 515495 2011 16;blumel guaco;hypera s a 02 932 074 0001 91;;2011;TRUE;1;Mikania glomerata;mikania glomerata spreng.
69;Guaraná;REG:100660015;Paullinia cupana;paullinia cupana kunth;121;Paullinia_cupana__PAULLINIA_CUPANA_KUNTH.xlsx;CATUAMA;CATARINENSE;PAULINIA CUPANA, TRICHILIA EMARGINATA (TURCZ.) C.DC., CROTON ECHIOIDEUS BAILL., CROTON HELIOTROPIIFOLIUS KUNTH, PAULLINIA CUPANA KUNTH, Trichilia catigua A.Juss., ZINGIBER OFFICINALE ROSCOE;REGISTRADO;100660015;25991.006611/80;LABORATORIO CATARINENSE LTDA - 84.684.620/0001-87;Ativo;12/2035;paullinia cupana kunth;incluido_alias_completo;Ativo;100660015;25991 006611 80;catuama;laboratorio catarinense ltda 84 684 620 0001 87;paulinia cupana trichilia emarginata turcz c dc croton echioideus baill croton heliotropiifolius kunth paullinia cupana kunth trichilia catigua a juss zingiber officinale roscoe;;TRUE;2;Paullinia cupana | paullinia cupana kunth;paullinia cupana kunth
69;Guaraná;REG:100663398;Paullinia cupana;paullinia cupana kunth;121;Paullinia_cupana__PAULLINIA_CUPANA_KUNTH.xlsx;FITOVITAL;;Trichilia catigua A.Juss., CROTON HELIOTROPIIFOLIUS KUNTH, PAULLINIA CUPANA KUNTH;REGISTRADO;100663398;25351.270103/2019-02;LABORATORIO CATARINENSE LTDA - 84.684.620/0001-87;Ativo;07/2030;paullinia cupana kunth;incluido_alias_completo;Ativo;100663398;25351 270103 2019 02;fitovital;laboratorio catarinense ltda 84 684 620 0001 87;trichilia catigua a juss croton heliotropiifolius kunth paullinia cupana kunth;2019;TRUE;2;Paullinia cupana | paullinia cupana kunth;paullinia cupana kunth
69;Guaraná;REG:100920055;Paullinia cupana;paullinia cupana kunth;121;Paullinia_cupana__PAULLINIA_CUPANA_KUNTH.xlsx;GUARANÁ DO AMAZONAS SANITAS;;;REGISTRADO;100920055;25351.037090/2003-96;LABORATORIO INDUSTRIAL FARMACÊUTICO LIFAR LTDA - 92.928.951/0001-43;Inativo;03/2009;paullinia cupana kunth;incluido_alias_completo;Inativo;100920055;25351 037090 2003 96;guarana do amazonas sanitas;laboratorio industrial farmaceutico lifar ltda 92 928 951 0001 43;;2003;TRUE;2;Paullinia cupana | paullinia cupana kunth;paullinia cupana kunth
69;Guaraná;REG:112700005;Paullinia cupana;paullinia cupana kunth;121;Paullinia_cupana__PAULLINIA_CUPANA_KUNTH.xlsx;GUARANÁ FONTOVIT;;;REGISTRADO;112700005;25001.010805/84;FONTOVIT LABORATORIOS SA - 53.249.736/0001-64;Inativo;08/2006;paullinia cupana kunth;incluido_alias_completo;Inativo;112700005;25001 010805 84;guarana fontovit;fontovit laboratorios sa 53 249 736 0001 64;;;TRUE;2;Paullinia cupana | paullinia cupana kunth;paullinia cupana kunth
69;Guaraná;REG:116130001;Paullinia cupana;paullinia cupana kunth;121;Paullinia_cupana__PAULLINIA_CUPANA_KUNTH.xlsx;GUARANÁ;GUARANA;;REGISTRADO;116130001;25351.016507/00-63;PRONABEL LABORATÓRIO INDUSTRIAL LTDA - 79.139.994/0001-81;Inativo;09/2006;paullinia cupana kunth;incluido_alias_completo;Inativo;116130001;25351 016507 00 63;guarana;pronabel laboratorio industrial ltda 79 139 994 0001 81;;;TRUE;2;Paullinia cupana | paullinia cupana kunth;paullinia cupana kunth
69;Guaraná;REG:116780012;Paullinia cupana;paullinia cupana kunth;121;Paullinia_cupana__PAULLINIA_CUPANA_KUNTH.xlsx;GUARANÁ EC;;;REGISTRADO;116780012;25351.196302/2002-95;AS ERVAS CURAM INDUSTRIA FARMACEUTICA LTDA - 79.634.572/0001-82;Inativo;07/2013;paullinia cupana kunth;incluido_alias_completo;Inativo;116780012;25351 196302 2002 95;guarana ec;as ervas curam industria farmaceutica ltda 79 634 572 0001 82;;2002;TRUE;2;Paullinia cupana | paullinia cupana kunth;paullinia cupana kunth
69;Guaraná;REG:117170068;Paullinia cupana;paullinia cupana kunth;121;Paullinia_cupana__PAULLINIA_CUPANA_KUNTH.xlsx;GUANAT;;;REGISTRADO;117170068;25351.390972/2007-19;PHARMASCIENCE INDUSTRIA FARMACEUTICA S.A - 25.773.037/0001-83;Inativo;02/2013;paullinia cupana kunth;incluido_alias_completo;Inativo;117170068;25351 390972 2007 19;guanat;pharmascience industria farmaceutica s a 25 773 037 0001 83;;2007;TRUE;2;Paullinia cupana | paullinia cupana kunth;paullinia cupana kunth
69;Guaraná;REG:118600044;Paullinia cupana;paullinia cupana kunth;121;Paullinia_cupana__PAULLINIA_CUPANA_KUNTH.xlsx;GUARANÁ  GOTAS;;;REGISTRADO;118600044;25351.013749/2003-19;HERBARIUM LABORATORIO BOTANICO LTDA - 78.950.011/0001-20;Inativo;06/2008;paullinia cupana kunth;incluido_alias_completo;Inativo;118600044;25351 013749 2003 19;guarana gotas;herbarium laboratorio botanico ltda 78 950 011 0001 20;;2003;TRUE;2;Paullinia cupana | paullinia cupana kunth;paullinia cupana kunth
69;Guaraná;REG:118600045;Paullinia cupana;paullinia cupana kunth;121;Paullinia_cupana__PAULLINIA_CUPANA_KUNTH.xlsx;GUARANÁ;;;REGISTRADO;118600045;25351.021021/2003-61;HERBARIUM LABORATORIO BOTANICO LTDA - 78.950.011/0001-20;Inativo;08/2008;paullinia cupana kunth;incluido_alias_completo;Inativo;118600045;25351 021021 2003 61;guarana;herbarium laboratorio botanico ltda 78 950 011 0001 20;;2003;TRUE;2;Paullinia cupana | paullinia cupana kunth;paullinia cupana kunth
69;Guaraná;REG:121390020;Paullinia cupana;paullinia cupana kunth;121;Paullinia_cupana__PAULLINIA_CUPANA_KUNTH.xlsx;Guaraná Yanten;;;REGISTRADO;121390020;25351.026747/2003-90;LABORATORIO YANTEN LTDA - 84.830.074/0001-45;Inativo;10/2008;paullinia cupana kunth;incluido_alias_completo;Inativo;121390020;25351 026747 2003 90;guarana yanten;laboratorio yanten ltda 84 830 074 0001 45;;2003;TRUE;2;Paullinia cupana | paullinia cupana kunth;paullinia cupana kunth
69;Guaraná;REG:125210032;Paullinia cupana;paullinia cupana kunth;121;Paullinia_cupana__PAULLINIA_CUPANA_KUNTH.xlsx;TESTO BALLDARASSI;;;REGISTRADO;125210032;25000.014925/97-00;BALLDARASSI IND E COM DE PRODS FARMACEUTICOS LTDA - 72.719.396/0001-32;Inativo;08/2006;paullinia cupana kunth;incluido_alias_completo;Inativo;125210032;25000 014925 97 00;testo balldarassi;balldarassi ind e com de prods farmaceuticos ltda 72 719 396 0001 32;;;TRUE;2;Paullinia cupana | paullinia cupana kunth;paullinia cupana kunth
69;Guaraná;REG:126430012;Paullinia cupana;paullinia cupana kunth;121;Paullinia_cupana__PAULLINIA_CUPANA_KUNTH.xlsx;GUARANÁ NATURELAND;;;REGISTRADO;126430012;25351.027668/01-45;GERBRÁS INGREDIENTES LTDA. - 47.479.852/0001-77;Inativo;09/2010;paullinia cupana kunth;incluido_alias_completo;Inativo;126430012;25351 027668 01 45;guarana natureland;gerbras ingredientes ltda 47 479 852 0001 77;;;TRUE;2;Paullinia cupana | paullinia cupana kunth;paullinia cupana kunth
69;Guaraná;REG:127580033;Paullinia cupana;paullinia cupana kunth;121;Paullinia_cupana__PAULLINIA_CUPANA_KUNTH.xlsx;GUARANAÇA;;;REGISTRADO;127580033;25351.040688/01-57;LABORATÓRIO FARMACÊUTICO CARESSE LTDA ME - 56.930.811/0001-46;Inativo;11/2007;paullinia cupana kunth;incluido_alias_completo;Inativo;127580033;25351 040688 01 57;guaranaca;laboratorio farmaceutico caresse ltda me 56 930 811 0001 46;;;TRUE;2;Paullinia cupana | paullinia cupana kunth;paullinia cupana kunth
69;Guaraná;REG:127580047;Paullinia cupana;paullinia cupana kunth;121;Paullinia_cupana__PAULLINIA_CUPANA_KUNTH.xlsx;GUARANAX;;;REGISTRADO;127580047;25351.206535/2002-11;LABORATÓRIO FARMACÊUTICO CARESSE LTDA ME - 56.930.811/0001-46;Inativo;03/2007;paullinia cupana kunth;incluido_alias_completo;Inativo;127580047;25351 206535 2002 11;guaranax;laboratorio farmaceutico caresse ltda me 56 930 811 0001 46;;2002;TRUE;2;Paullinia cupana | paullinia cupana kunth;paullinia cupana kunth
69;Guaraná;REG:127580063;Paullinia cupana;paullinia cupana kunth;121;Paullinia_cupana__PAULLINIA_CUPANA_KUNTH.xlsx;GUARANÁ CARESSE;;;REGISTRADO;127580063;25351.410314/2007-42;LABORATÓRIO FARMACÊUTICO CARESSE LTDA ME - 56.930.811/0001-46;Inativo;07/2013;paullinia cupana kunth;incluido_alias_completo;Inativo;127580063;25351 410314 2007 42;guarana caresse;laboratorio farmaceutico caresse ltda me 56 930 811 0001 46;;2007;TRUE;2;Paullinia cupana | paullinia cupana kunth;paullinia cupana kunth
69;Guaraná;REG:142570003;Paullinia cupana;paullinia cupana kunth;121;Paullinia_cupana__PAULLINIA_CUPANA_KUNTH.xlsx;GUARANÁ;;;REGISTRADO;142570003;25351.014932/01-07;LUCIOMED FARMACÊUTICA DO BRASIL LTDA - 01.845.448/0001-79;Inativo;01/2007;paullinia cupana kunth;incluido_alias_completo;Inativo;142570003;25351 014932 01 07;guarana;luciomed farmaceutica do brasil ltda 01 845 448 0001 79;;;TRUE;2;Paullinia cupana | paullinia cupana kunth;paullinia cupana kunth
69;Guaraná;REG:142630003;Paullinia cupana;paullinia cupana kunth;121;Paullinia_cupana__PAULLINIA_CUPANA_KUNTH.xlsx;GUARAVIX;;;REGISTRADO;142630003;25351.406171/2007-74;LABORATÓRIO MERCOFARMA LTDA - 72.320.906/0001-02;Inativo;07/2013;paullinia cupana kunth;incluido_alias_completo;Inativo;142630003;25351 406171 2007 74;guaravix;laboratorio mercofarma ltda 72 320 906 0001 02;;2007;TRUE;2;Paullinia cupana | paullinia cupana kunth;paullinia cupana kunth
69;Guaraná;REG:144930045;Paullinia cupana;paullinia cupana kunth;121;Paullinia_cupana__PAULLINIA_CUPANA_KUNTH.xlsx;GUARANÁ ENEFOR;;;REGISTRADO;144930045;25351.025810/2003-71;AIRELA INDÚSTRIA FARMACÊUTICA LTDA. - 01.858.973/0001-29;Inativo;05/2009;paullinia cupana kunth;incluido_alias_completo;Inativo;144930045;25351 025810 2003 71;guarana enefor;airela industria farmaceutica ltda 01 858 973 0001 29;;2003;TRUE;2;Paullinia cupana | paullinia cupana kunth;paullinia cupana kunth
69;Guaraná;REG:149590006;Paullinia cupana;paullinia cupana kunth;121;Paullinia_cupana__PAULLINIA_CUPANA_KUNTH.xlsx;Guaraná - Flora Amazon;;;REGISTRADO;149590006;25351.185339/2002-98;FLORA AMAZON PRODUTOS NATURAIS LTDA - 03.661.862/0001-53;Inativo;03/2008;paullinia cupana kunth;incluido_alias_completo;Inativo;149590006;25351 185339 2002 98;guarana flora amazon;flora amazon produtos naturais ltda 03 661 862 0001 53;;2002;TRUE;2;Paullinia cupana | paullinia cupana kunth;paullinia cupana kunth
69;Guaraná;REG:156260024;Paullinia cupana;paullinia cupana kunth;121;Paullinia_cupana__PAULLINIA_CUPANA_KUNTH.xlsx;TUPI GUARANÁ;;;REGISTRADO;156260024;25351.711511/2010-61;Laboratórios Bagó do Brasil S/A - 04.748.181/0009-47;Inativo;05/2027;paullinia cupana kunth;incluido_alias_completo;Inativo;156260024;25351 711511 2010 61;tupi guarana;laboratorios bago do brasil s a 04 748 181 0009 47;;2010;TRUE;2;Paullinia cupana | paullinia cupana kunth;paullinia cupana kunth
70;Guaçatonga;REG:100770011;Casearia sylvestris;casearia sylvestris sw.;34;Casearia_sylvestris__casearia_sylvestris_sw.xlsx;ERVA SILVINA COMPOSTA;;;REGISTRADO;100770011;25992.013456/71;CIBECOL INDUSTRIAL FARMACÊUTICA LTDA - 92.943.992/0001-09;Inativo;09/2006;casearia sylvestris;incluido_alias_completo;Inativo;100770011;25992 013456 71;erva silvina composta;cibecol industrial farmaceutica ltda 92 943 992 0001 09;;;TRUE;1;Casearia sylvestris;casearia sylvestris sw.
71;Hamamélis;REG:100610064;hamamelis;hamamelis virginiana (hamamélis);299;hamamelis__hamamelis_virginiana_hamamélis.xlsx;VENODORON;;;REGISTRADO;100610064;25351.031365/01-27;WELEDA DO BRASIL LABORATÓRIO E FARMÁCIA LTDA - 56.992.217/0001-80;Inativo;03/2007;hamamelis virginiana;incluido_alias_completo;Inativo;100610064;25351 031365 01 27;venodoron;weleda do brasil laboratorio e farmacia ltda 56 992 217 0001 80;;;TRUE;2;hamamelis | hamamelis virginiana;hamamelis virginiana (hamamélis)
71;Hamamélis;REG:100610090;hamamelis;hamamelis virginiana l.;300;hamamelis__hamamelis_virginiana_l.xlsx;VENODORON;;;REGISTRADO;100610090;25351.589801/2008-18;WELEDA DO BRASIL LABORATÓRIO E FARMÁCIA LTDA - 56.992.217/0001-80;Inativo;10/2014;hamamelis virginiana;incluido_alias_completo;Inativo;100610090;25351 589801 2008 18;venodoron;weleda do brasil laboratorio e farmacia ltda 56 992 217 0001 80;;2008;TRUE;2;hamamelis | hamamelis virginiana;hamamelis virginiana l.
71;Hamamélis;REG:102030021;hamamelis;hamamelis virginiana l.;300;hamamelis__hamamelis_virginiana_l.xlsx;CASTANHA DA ÍNDIA COMPOSTA INFABRA;;;REGISTRADO;102030021;25001.013389/83;INFABRA INDUSTRIA FARMACEUTICA BRASILEIRA LTDA - 42.341.149/0001-84;Inativo;11/2008;hamamelis virginiana;incluido_alias_completo;Inativo;102030021;25001 013389 83;castanha da india composta infabra;infabra industria farmaceutica brasileira ltda 42 341 149 0001 84;;;TRUE;2;hamamelis | hamamelis virginiana;hamamelis virginiana l.
71;Hamamélis;REG:102270053;hamamelis;hamamelis virginiana l.;300;hamamelis__hamamelis_virginiana_l.xlsx;ELIXIR MADREVITA;;;REGISTRADO;102270053;25001.001066/37;LABORATÓRIO MADREVITA LTDA - 05.866.579/0001-93;Inativo;11/2008;hamamelis virginiana;incluido_alias_completo;Inativo;102270053;25001 001066 37;elixir madrevita;laboratorio madrevita ltda 05 866 579 0001 93;;;TRUE;2;hamamelis | hamamelis virginiana;hamamelis virginiana l.
71;Hamamélis;REG:102470013;hamamelis;hamamelis virginiana l.;300;hamamelis__hamamelis_virginiana_l.xlsx;HEMORROIGIA;;;REGISTRADO;102470013;25992.014357/74;HOMEOPATIA WALDEMIRO PEREIRA LABORATORIO INDUSTRIAL FARMACEUTICO LTDA - 76.440.528/0001-43;Inativo;02/2020;hamamelis virginiana;incluido_alias_completo;Inativo;102470013;25992 014357 74;hemorroigia;homeopatia waldemiro pereira laboratorio industrial farmaceutico ltda 76 440 528 0001 43;;;TRUE;2;hamamelis | hamamelis virginiana;hamamelis virginiana l.
71;Hamamélis;REG:102660028;hamamelis;hamamelis virginiana (hamamélis);299;hamamelis__hamamelis_virginiana_hamamélis.xlsx;VARIMED;;;REGISTRADO;102660028;25992.015918/74;FARMÁCIA E LABORATÓRIO HOMEOPÁTICO ALMEIDA PRADO LTDA - 60.862.208/0001-41;Inativo;01/2025;hamamelis virginiana;incluido_alias_completo;Inativo;102660028;25992 015918 74;varimed;farmacia e laboratorio homeopatico almeida prado ltda 60 862 208 0001 41;;;TRUE;2;hamamelis | hamamelis virginiana;hamamelis virginiana (hamamélis)
71;Hamamélis;REG:102660038;hamamelis;hamamelis virginiana l.;300;hamamelis__hamamelis_virginiana_l.xlsx;COMPLEXO HOMEOPÁTICO HAMAMELIS ALMEIDA PRADO 21;;;REGISTRADO;102660038;25992.017382/70;FARMÁCIA E LABORATÓRIO HOMEOPÁTICO ALMEIDA PRADO LTDA - 60.862.208/0001-41;Inativo;03/2026;hamamelis virginiana;incluido_alias_completo;Inativo;102660038;25992 017382 70;complexo homeopatico hamamelis almeida prado 21;farmacia e laboratorio homeopatico almeida prado ltda 60 862 208 0001 41;;;TRUE;2;hamamelis | hamamelis virginiana;hamamelis virginiana l.
71;Hamamélis;REG:102660166;hamamelis;hamamelis virginiana l.;300;hamamelis__hamamelis_virginiana_l.xlsx;NATUBABY;;;REGISTRADO;102660166;25351.541146/2008-17;FARMÁCIA E LABORATÓRIO HOMEOPÁTICO ALMEIDA PRADO LTDA - 60.862.208/0001-41;Inativo;11/2028;hamamelis virginiana;incluido_alias_completo;Inativo;102660166;25351 541146 2008 17;natubaby;farmacia e laboratorio homeopatico almeida prado ltda 60 862 208 0001 41;;2008;TRUE;2;hamamelis | hamamelis virginiana;hamamelis virginiana l.
71;Hamamélis;REG:102910010;hamamelis;hamamelis virginiana l.;300;hamamelis__hamamelis_virginiana_l.xlsx;CASTANIODO;;;REGISTRADO;102910010;25000.004419/80;LABORATORIO SAMBER DO NORDESTE LTDA - 07.991.359/0001-17;Inativo;11/2005;hamamelis virginiana;incluido_alias_completo;Inativo;102910010;25000 004419 80;castaniodo;laboratorio samber do nordeste ltda 07 991 359 0001 17;;;TRUE;2;hamamelis | hamamelis virginiana;hamamelis virginiana l.
71;Hamamélis;REG:103420053;hamamelis;hamamelis;297;hamamelis__Hamamelis.xlsx;CASTANHA DA INDIA COMPOSTA;CASTANHA DA INDIA COMPOSTA ATALAIA;;REGISTRADO;103420053;25992.021247/75;FARMABRAZ BETA ATALAIA FARMACEUTICA LTDA. - 33.474.289/0001-30;Inativo;03/2001;hamamelis;incluido_alias_completo;Inativo;103420053;25992 021247 75;castanha da india composta;farmabraz beta atalaia farmaceutica ltda 33 474 289 0001 30;;;TRUE;1;hamamelis;hamamelis
71;Hamamélis;REG:103900191;hamamelis;hamamelis virginiana l.;300;hamamelis__hamamelis_virginiana_l.xlsx;MOTIX;;;REGISTRADO;103900191;25351.422047/2015-66;FARMOQUÍMICA S/A - 33.349.473/0001-58;Inativo;12/2026;hamamelis virginiana;incluido_alias_completo;Inativo;103900191;25351 422047 2015 66;motix;farmoquimica s a 33 349 473 0001 58;;2015;TRUE;2;hamamelis | hamamelis virginiana;hamamelis virginiana l.
71;Hamamélis;REG:103900228;hamamelis;hamamelis virginiana l.;300;hamamelis__hamamelis_virginiana_l.xlsx;MOTIX;;arnica montana, arnica montana l., calendula officinalis l., hamamelis virginiana l., echinacea angustifolia, echinacea angustifolia dc., echinacea purpurea (l.) moench, matricaria chamomilla , matricaria chamomilla l., bellis perennis, symphytum officinale, hypericum perforatum, achillea millefolium l., aconitum napellus, atropa belladonna, mercurius solubilis, hepar sulfuris, hepar sulphur;REGISTRADO;103900228;25351.203839/2024-24;FARMOQUÍMICA S/A - 33.349.473/0001-58;Ativo;06/2034;hamamelis virginiana;incluido_alias_completo;Ativo;103900228;25351 203839 2024 24;motix;farmoquimica s a 33 349 473 0001 58;arnica montana arnica montana l calendula officinalis l hamamelis virginiana l echinacea angustifolia echinacea angustifolia dc echinacea purpurea l moench matricaria chamomilla matricaria chamomilla l bellis perennis symphytum officinale hypericum perforatum achillea millefolium l aconitum napellus atropa belladonna mercurius solubilis hepar sulfuris hepar sulphur;2024;TRUE;2;hamamelis | hamamelis virginiana;hamamelis virginiana l.
71;Hamamélis;REG:104670009;hamamelis;hamamelis virginiana l.;300;hamamelis__hamamelis_virginiana_l.xlsx;Elixir de Hamamelis Composta Farmaervas;;;REGISTRADO;104670009;25992.016672/73;LABORATORIO FARMAERVAS LTDA - 60.565.520/0001-73;Inativo;08/2004;hamamelis virginiana;incluido_alias_completo;Inativo;104670009;25992 016672 73;elixir de hamamelis composta farmaervas;laboratorio farmaervas ltda 60 565 520 0001 73;;;TRUE;2;hamamelis | hamamelis virginiana;hamamelis virginiana l.
71;Hamamélis;REG:105040011;hamamelis;hamamelis virginiana l.;300;hamamelis__hamamelis_virginiana_l.xlsx;Pomada de Erva de Bicho Adrenalina e Hamamélis Composta Imescard;SUPOSITORIO DE ERVA DE BICHO COMPOSTO IMESCARD;;REGISTRADO;105040011;25992.003794/44;LABORATÓRIOS OSÓRIO DE MORAES LTDA - 19.791.813/0001-75;Inativo;02/2025;hamamelis virginiana;incluido_alias_completo;Inativo;105040011;25992 003794 44;pomada de erva de bicho adrenalina e hamamelis composta imescard;laboratorios osorio de moraes ltda 19 791 813 0001 75;;;TRUE;4;hamamelis | hamamelis virginiana;extrato mole de hamamelis virginiana | hamamelis virginiana l.
71;Hamamélis;REG:105070020;hamamelis;hamamelis virginiana (hamamélis);299;hamamelis__hamamelis_virginiana_hamamélis.xlsx;URGAMOL;;;REGISTRADO;105070020;25992.001132/38;LABORATORIO KRAEMER LTDA - 92.695.816/0001-03;Inativo;10/2009;hamamelis virginiana;incluido_alias_completo;Inativo;105070020;25992 001132 38;urgamol;laboratorio kraemer ltda 92 695 816 0001 03;;;TRUE;2;hamamelis | hamamelis virginiana;hamamelis virginiana (hamamélis)
71;Hamamélis;REG:105500164;hamamelis;extrato mole de hamamelis virginiana;296;hamamelis__EXTRATO_MOLE_DE_HAMAMELIS_VIRGINIANA.xlsx;HEMOFLEB;;;REGISTRADO;105500164;25351.202180/2002-83;UCI - FARMA INDÚSTRIA FARMACÊUTICA LTDA - 48.396.378/0001-82;Inativo;05/2013;hamamelis virginiana;incluido_alias_completo;Inativo;105500164;25351 202180 2002 83;hemofleb;uci farma industria farmaceutica ltda 48 396 378 0001 82;;2002;TRUE;2;hamamelis | hamamelis virginiana;extrato mole de hamamelis virginiana
71;Hamamélis;REG:105710142;hamamelis;hamamelis virginiana l.;300;hamamelis__hamamelis_virginiana_l.xlsx;HEMOPROCT;;hamamelis virginiana l.;REGISTRADO;105710142;25351.461078/2005-61;BELFAR LTDA - 18.324.343/0001-77;Ativo;07/2030;hamamelis virginiana;incluido_alias_completo;Ativo;105710142;25351 461078 2005 61;hemoproct;belfar ltda 18 324 343 0001 77;hamamelis virginiana l;2005;TRUE;2;hamamelis | hamamelis virginiana;hamamelis virginiana l.
71;Hamamélis;REG:105830135;hamamelis;extrato mole de hamamelis virginiana;296;hamamelis__EXTRATO_MOLE_DE_HAMAMELIS_VIRGINIANA.xlsx;POMADA MARROHINDY;;;REGISTRADO;105830135;25992.003439/39;GERMED FARMACEUTICA LTDA - 45.992.062/0001-65;Inativo;02/1995;hamamelis virginiana;incluido_alias_completo;Inativo;105830135;25992 003439 39;pomada marrohindy;germed farmaceutica ltda 45 992 062 0001 65;;;TRUE;2;hamamelis | hamamelis virginiana;extrato mole de hamamelis virginiana
71;Hamamélis;REG:106890036;hamamelis;hamamelis virginiana l.;300;hamamelis__hamamelis_virginiana_l.xlsx;PROCTOSAN;;;REGISTRADO;106890036;25991.003888/80;KLEY HERTZ FARMACEUTICA S.A - 92.695.691/0001-03;Inativo;12/2009;hamamelis virginiana;incluido_alias_completo;Inativo;106890036;25991 003888 80;proctosan;kley hertz farmaceutica s a 92 695 691 0001 03;;;TRUE;2;hamamelis | hamamelis virginiana;hamamelis virginiana l.
71;Hamamélis;REG:107740004;hamamelis;hamamelis virginiana l.;300;hamamelis__hamamelis_virginiana_l.xlsx;HAMAMELIS COMPOSTA;;;REGISTRADO;107740004;25025.039228/97-70;LABORATÓRIO CANGERI LTDA - 92.751.965/0001-34;Inativo;02/2008;hamamelis virginiana;incluido_alias_completo;Inativo;107740004;25025 039228 97 70;hamamelis composta;laboratorio cangeri ltda 92 751 965 0001 34;;;TRUE;2;hamamelis | hamamelis virginiana;hamamelis virginiana l.
71;Hamamélis;REG:111930007;hamamelis;extrato de hamamelis virginiana (hamamélis);298;hamamelis__extrato_de_hamamelis_virginiana_hamamélis.xlsx;BROMETO DE SÓDIO + EXTRATOS;BROMHYDRASTINA;;REGISTRADO;111930007;25001.006922/79;IBEFAR INST BRAS ESPECIALIDADES FTCAS LTDA - 60.838.042/0001-28;Inativo;09/2004;hamamelis virginiana;incluido_alias_completo;Inativo;111930007;25001 006922 79;brometo de sodio extratos;ibefar inst bras especialidades ftcas ltda 60 838 042 0001 28;;;TRUE;2;hamamelis | hamamelis virginiana;extrato de hamamelis virginiana (hamamélis)
71;Hamamélis;REG:113840001;hamamelis;hamamelis virginiana l.;300;hamamelis__hamamelis_virginiana_l.xlsx;MARAVILHA CURATIVA DO DR. HUMPHREYS;;;REGISTRADO;113840001;25001.000834/86;PINUS INDUSTRIA QUIMICA E FARMACEUTICA LTDA - 28.938.645/0001-99;Inativo;05/2011;hamamelis virginiana;incluido_alias_completo;Inativo;113840001;25001 000834 86;maravilha curativa do dr humphreys;pinus industria quimica e farmaceutica ltda 28 938 645 0001 99;;;TRUE;2;hamamelis | hamamelis virginiana;hamamelis virginiana l.
71;Hamamélis;REG:113840002;hamamelis;hamamelis virginiana l.;300;hamamelis__hamamelis_virginiana_l.xlsx;MARAVILHA CURATIVA DO DR. HUMPHERYS;MARAVILHA CURATIVA DO DR HUMPHREYS;hamamelis virginiana l.;REGISTRADO;113840002;25351.256326/2004-72;PINUS INDUSTRIA QUIMICA E FARMACEUTICA LTDA - 28.938.645/0001-99;Ativo;12/2035;hamamelis virginiana;incluido_alias_completo;Ativo;113840002;25351 256326 2004 72;maravilha curativa do dr humpherys;pinus industria quimica e farmaceutica ltda 28 938 645 0001 99;hamamelis virginiana l;2004;TRUE;2;hamamelis | hamamelis virginiana;hamamelis virginiana l.
71;Hamamélis;REG:116780006;hamamelis;hamamelis virginiana l.;300;hamamelis__hamamelis_virginiana_l.xlsx;HAMAMELIS EC;;;REGISTRADO;116780006;25351.424274/2006-35;AS ERVAS CURAM INDUSTRIA FARMACEUTICA LTDA - 79.634.572/0001-82;Inativo;12/2027;hamamelis virginiana;incluido_alias_completo;Inativo;116780006;25351 424274 2006 35;hamamelis ec;as ervas curam industria farmaceutica ltda 79 634 572 0001 82;;2006;TRUE;2;hamamelis | hamamelis virginiana;hamamelis virginiana l.
71;Hamamélis;REG:118600064;hamamelis;hamamelis virginiana l.;300;hamamelis__hamamelis_virginiana_l.xlsx;HEMOPLANT;;;REGISTRADO;118600064;25351.030384/2003-97;HERBARIUM LABORATORIO BOTANICO LTDA - 78.950.011/0001-20;Inativo;12/2009;hamamelis virginiana;incluido_alias_completo;Inativo;118600064;25351 030384 2003 97;hemoplant;herbarium laboratorio botanico ltda 78 950 011 0001 20;;2003;TRUE;2;hamamelis | hamamelis virginiana;hamamelis virginiana l.
71;Hamamélis;REG:118600092;hamamelis;hamamelis virginiana l.;300;hamamelis__hamamelis_virginiana_l.xlsx;HEMOPLANT;;;REGISTRADO;118600092;25351.475809/2009-16;HERBARIUM LABORATORIO BOTANICO LTDA - 78.950.011/0001-20;Inativo;07/2015;hamamelis virginiana;incluido_alias_completo;Inativo;118600092;25351 475809 2009 16;hemoplant;herbarium laboratorio botanico ltda 78 950 011 0001 20;;2009;TRUE;2;hamamelis | hamamelis virginiana;hamamelis virginiana l.
71;Hamamélis;REG:122830029;hamamelis;hamamelis virginiana l.;300;hamamelis__hamamelis_virginiana_l.xlsx;VARIZINA;;;REGISTRADO;122830029;25001.008600/83;DM INDÚSTRIA FARMACÊUTICA LTDA - 67.866.665/0002-34;Inativo;11/2003;hamamelis virginiana;incluido_alias_completo;Inativo;122830029;25001 008600 83;varizina;dm industria farmaceutica ltda 67 866 665 0002 34;;;TRUE;2;hamamelis | hamamelis virginiana;hamamelis virginiana l.
71;Hamamélis;REG:122830096;hamamelis;extrato mole de hamamelis virginiana;296;hamamelis__EXTRATO_MOLE_DE_HAMAMELIS_VIRGINIANA.xlsx;HEMOVIRTUS;;;REGISTRADO;122830096;25992.006395/78;DM INDÚSTRIA FARMACÊUTICA LTDA - 67.866.665/0002-34;Inativo;07/2010;hamamelis virginiana;incluido_alias_completo;Inativo;122830096;25992 006395 78;hemovirtus;dm industria farmaceutica ltda 67 866 665 0002 34;;;TRUE;2;hamamelis | hamamelis virginiana;extrato mole de hamamelis virginiana
71;Hamamélis;REG:123970029;hamamelis;hamamelis virginiana l.;300;hamamelis__hamamelis_virginiana_l.xlsx;HAMAMELIS ORIENT;;;REGISTRADO;123970029;25351.135011/2005-73;ORIENT MIX FITOTERÁPICOS DO BRASIL LTDA. - 73.657.876/0001-89;Inativo;06/2025;hamamelis virginiana;incluido_alias_completo;Inativo;123970029;25351 135011 2005 73;hamamelis orient;orient mix fitoterapicos do brasil ltda 73 657 876 0001 89;;2005;TRUE;2;hamamelis | hamamelis virginiana;hamamelis virginiana l.
71;Hamamélis;REG:128420008;hamamelis;hamamelis virginiana l.;300;hamamelis__hamamelis_virginiana_l.xlsx;TRAUMEEL S;;;REGISTRADO;128420008;25000.007786/96-04;PROBIOS COMÉRCIO IMPORTAÇÃO E EXPORTAÇÃO LTDA - 74.455.197/0001-90;Inativo;12/2006;hamamelis virginiana;incluido_alias_completo;Inativo;128420008;25000 007786 96 04;traumeel s;probios comercio importacao e exportacao ltda 74 455 197 0001 90;;;TRUE;2;hamamelis | hamamelis virginiana;hamamelis virginiana l.
71;Hamamélis;REG:137640106;hamamelis;hamamelis virginiana l.;300;hamamelis__hamamelis_virginiana_l.xlsx;CASTANHA DA ÍNDIA COMPOSTA;;;REGISTRADO;137640106;25351.222085/2007-19;ASPEN PHARMA INDÚSTRIA FARMACÊUTICA LTDA - 02.433.631/0001-20;Inativo;11/2008;hamamelis virginiana;incluido_alias_completo;Inativo;137640106;25351 222085 2007 19;castanha da india composta;aspen pharma industria farmaceutica ltda 02 433 631 0001 20;;2007;TRUE;2;hamamelis | hamamelis virginiana;hamamelis virginiana l.
71;Hamamélis;REG:161980007;hamamelis;hamamelis virginiana l.;300;hamamelis__hamamelis_virginiana_l.xlsx;TRAUMEEL S;;arnica montana, arnica montana l., calendula officinalis l., hamamelis virginiana l., echinacea angustifolia dc., echinacea purpurea, echinacea purpurea (l.) moench, matricaria chamomilla , matricaria chamomilla l., bellis perennis, symphytum officinale, hypericum perforatum, achillea millefolium l., aconitum napellus, atropa belladonna, mercurius solubilis, hepar sulfuris, hepar sulphur;REGISTRADO;161980007;25351.280113/2005-42;HEEL DO BRASIL BIOMÉDICA LTDA - 05.994.539/0001-27;Ativo;09/2028;hamamelis virginiana;incluido_alias_completo;Ativo;161980007;25351 280113 2005 42;traumeel s;heel do brasil biomedica ltda 05 994 539 0001 27;arnica montana arnica montana l calendula officinalis l hamamelis virginiana l echinacea angustifolia dc echinacea purpurea echinacea purpurea l moench matricaria chamomilla matricaria chamomilla l bellis perennis symphytum officinale hypericum perforatum achillea millefolium l aconitum napellus atropa belladonna mercurius solubilis hepar sulfuris hepar sulphur;2005;TRUE;2;hamamelis | hamamelis virginiana;hamamelis virginiana l.
71;Hamamélis;REG:172870029;hamamelis;extrato mole de hamamelis virginiana;296;hamamelis__EXTRATO_MOLE_DE_HAMAMELIS_VIRGINIANA.xlsx;HEMOVIRTUS;;;REGISTRADO;172870029;25351.137719/2008-10;Hypera S.A. - 02.932.074/0001-91;Inativo;07/2010;hamamelis virginiana;incluido_alias_completo;Inativo;172870029;25351 137719 2008 10;hemovirtus;hypera s a 02 932 074 0001 91;;2008;TRUE;2;hamamelis | hamamelis virginiana;extrato mole de hamamelis virginiana
71;Hamamélis;REG:178170005;hamamelis;extrato mole de hamamelis virginiana;296;hamamelis__EXTRATO_MOLE_DE_HAMAMELIS_VIRGINIANA.xlsx;HEMOVIRTUS;;;REGISTRADO;178170005;25351.636487/2009-61;COSMED INDUSTRIA DE COSMETICOS E MEDICAMENTOS S.A. - 61.082.426/0002-07;Inativo;07/2015;hamamelis virginiana;incluido_alias_completo;Inativo;178170005;25351 636487 2009 61;hemovirtus;cosmed industria de cosmeticos e medicamentos s a 61 082 426 0002 07;;2009;TRUE;2;hamamelis | hamamelis virginiana;extrato mole de hamamelis virginiana
72;Hipérico / Erva-de-são-joão;REG:100663372;Hypericum perforatum;hypericum perforatum l.;83;Hypericum_perforatum__hypericum_perforatum_l.xlsx;FITOVITAL;;;REGISTRADO;100663372;25000.031061/99-62;LABORATORIO CATARINENSE LTDA - 84.684.620/0001-87;Inativo;05/2005;hypericum perforatum;incluido_alias_completo;Inativo;100663372;25000 031061 99 62;fitovital;laboratorio catarinense ltda 84 684 620 0001 87;;;TRUE;1;Hypericum perforatum;hypericum perforatum l.
72;Hipérico / Erva-de-são-joão;REG:101550206;Hypericum perforatum;hypericum perforatum l.;83;Hypericum_perforatum__hypericum_perforatum_l.xlsx;IPERISAN;;;REGISTRADO;101550206;25000.023696/95-35;MARJAN INDÚSTRIA E COMÉRCIO LTDA - 60.726.692/0001-81;Inativo;06/2009;hypericum perforatum;incluido_alias_completo;Inativo;101550206;25000 023696 95 35;iperisan;marjan industria e comercio ltda 60 726 692 0001 81;;;TRUE;1;Hypericum perforatum;hypericum perforatum l.
72;Hipérico / Erva-de-são-joão;REG:104041967;Hypericum perforatum;hypericum perforatum l.;83;Hypericum_perforatum__hypericum_perforatum_l.xlsx;EQUILIBRIUM;;;REGISTRADO;104041967;25351.204707/2004-76;LUPER INDÚSTRIA FARMACÊUTICA LTDA - 61.299.111/0001-35;Inativo;05/2010;hypericum perforatum;incluido_alias_completo;Inativo;104041967;25351 204707 2004 76;equilibrium;luper industria farmaceutica ltda 61 299 111 0001 35;;2004;TRUE;1;Hypericum perforatum;hypericum perforatum l.
72;Hipérico / Erva-de-são-joão;REG:105710137;Hypericum perforatum;hypericum perforatum l.;83;Hypericum_perforatum__hypericum_perforatum_l.xlsx;HYPERICUM BELFAR;;;REGISTRADO;105710137;25351.461013/2005-15;BELFAR LTDA - 18.324.343/0001-77;Inativo;01/2011;hypericum perforatum;incluido_alias_completo;Inativo;105710137;25351 461013 2005 15;hypericum belfar;belfar ltda 18 324 343 0001 77;;2005;TRUE;1;Hypericum perforatum;hypericum perforatum l.
72;Hipérico / Erva-de-são-joão;REG:105770165;Hypericum perforatum;hypericum perforatum l.;83;Hypericum_perforatum__hypericum_perforatum_l.xlsx;HIPERSAC;;;REGISTRADO;105770165;25000.028078/99-97;LABORATIL FARMACEUTICA LTDA - 47.100.862/0001-50;Inativo;12/2004;hypericum perforatum;incluido_alias_completo;Inativo;105770165;25000 028078 99 97;hipersac;laboratil farmaceutica ltda 47 100 862 0001 50;;;TRUE;1;Hypericum perforatum;hypericum perforatum l.
72;Hipérico / Erva-de-são-joão;REG:106240089;Hypericum perforatum;hypericum perforatum l.;83;Hypericum_perforatum__hypericum_perforatum_l.xlsx;HIPERMIL;;;REGISTRADO;106240089;25351.022585/00-51;INDÚSTRIA FARMACÊUTICA MILIAN LTDA - 29.333.218/0001-40;Inativo;10/2006;hypericum perforatum;incluido_alias_completo;Inativo;106240089;25351 022585 00 51;hipermil;industria farmaceutica milian ltda 29 333 218 0001 40;;;TRUE;1;Hypericum perforatum;hypericum perforatum l.
72;Hipérico / Erva-de-são-joão;REG:112130211;Hypericum perforatum;extrato seco de hypericum perforatum l;80;Hypericum_perforatum__EXTRATO_SECO_DE_HYPERICUM_PERFORATUM_L.xlsx;EXTRATO SECO DE HIPERICUM PERFORATUM LI 160;JARSIN 300;;REGISTRADO;112130211;25000.021013/99-93;BIOSINTÉTICA FARMACÊUTICA LTDA - 53.162.095/0001-06;Inativo;10/2004;hypericum perforatum;incluido_alias_completo;Inativo;112130211;25000 021013 99 93;extrato seco de hipericum perforatum li 160;biosintetica farmaceutica ltda 53 162 095 0001 06;;;TRUE;1;Hypericum perforatum;extrato seco de hypericum perforatum l
72;Hipérico / Erva-de-são-joão;REG:114620003;Hypericum perforatum;hypericum perforatum l.;83;Hypericum_perforatum__hypericum_perforatum_l.xlsx;TRIATIV;;hypericum perforatum l.;REGISTRADO;114620003;25351.239554/2017-38;MYRALIS INDÚSTRIA FARMACÊUTICA LTDA - 17.440.261/0001-25;Ativo;04/2028;hypericum perforatum;incluido_alias_completo;Ativo;114620003;25351 239554 2017 38;triativ;myralis industria farmaceutica ltda 17 440 261 0001 25;hypericum perforatum l;2017;TRUE;1;Hypericum perforatum;hypericum perforatum l.
72;Hipérico / Erva-de-são-joão;REG:115600124;Hypericum perforatum;hypericum perforatum l.;83;Hypericum_perforatum__hypericum_perforatum_l.xlsx;HYPNORM;;;REGISTRADO;115600124;25351.173698/2002-01;CIFARMA CIENTÍFICA FARMACÊUTICA LTDA - 17.562.075/0001-69;Inativo;10/2007;hypericum perforatum;incluido_alias_completo;Inativo;115600124;25351 173698 2002 01;hypnorm;cifarma cientifica farmaceutica ltda 17 562 075 0001 69;;2002;TRUE;1;Hypericum perforatum;hypericum perforatum l.
72;Hipérico / Erva-de-são-joão;REG:117170055;Hypericum perforatum;hypericum perforatum l.;83;Hypericum_perforatum__hypericum_perforatum_l.xlsx;HYPERINAT;;hypericum perforatum l.;REGISTRADO;117170055;25351.220912/2005-60;PHARMASCIENCE INDUSTRIA FARMACEUTICA S.A - 25.773.037/0001-83;Ativo;07/2035;hypericum perforatum;incluido_alias_completo;Ativo;117170055;25351 220912 2005 60;hyperinat;pharmascience industria farmaceutica s a 25 773 037 0001 83;hypericum perforatum l;2005;TRUE;1;Hypericum perforatum;hypericum perforatum l.
72;Hipérico / Erva-de-são-joão;REG:118190038;Hypericum perforatum;extrato seco de hypericum perforatum l;80;Hypericum_perforatum__EXTRATO_SECO_DE_HYPERICUM_PERFORATUM_L.xlsx;ADEPRESS;;;REGISTRADO;118190038;25351.001295/01-64;MULTILAB INDUSTRIA E COMERCIO DE PRODUTOS FARMACEUTICOS LTDA - 92.265.552/0009-05;Inativo;04/2007;hypericum perforatum;incluido_alias_completo;Inativo;118190038;25351 001295 01 64;adepress;multilab industria e comercio de produtos farmaceuticos ltda 92 265 552 0009 05;;;TRUE;1;Hypericum perforatum;extrato seco de hypericum perforatum l
72;Hipérico / Erva-de-são-joão;REG:118600003;Hypericum perforatum;hypericum perforatum l.;83;Hypericum_perforatum__hypericum_perforatum_l.xlsx;HIPERICIN;;;REGISTRADO;118600003;25000.026971/98-05;HERBARIUM LABORATORIO BOTANICO LTDA - 78.950.011/0001-20;Inativo;01/2026;hypericum perforatum;incluido_alias_completo;Inativo;118600003;25000 026971 98 05;hipericin;herbarium laboratorio botanico ltda 78 950 011 0001 20;;;TRUE;1;Hypericum perforatum;hypericum perforatum l.
72;Hipérico / Erva-de-são-joão;REG:118600017;Hypericum perforatum;hypericum perforatum l.;83;Hypericum_perforatum__hypericum_perforatum_l.xlsx;HIPERICO GOTAS;;;REGISTRADO;118600017;25351.019594/01-55;HERBARIUM LABORATORIO BOTANICO LTDA - 78.950.011/0001-20;Inativo;08/2007;hypericum perforatum;incluido_alias_completo;Inativo;118600017;25351 019594 01 55;hiperico gotas;herbarium laboratorio botanico ltda 78 950 011 0001 20;;;TRUE;1;Hypericum perforatum;hypericum perforatum l.
72;Hipérico / Erva-de-são-joão;REG:118600023;Hypericum perforatum;hypericum perforatum;81;Hypericum_perforatum__HYPERICUM_PERFORATUM.xlsx;HIPERICO HERBARIUM;;;REGISTRADO;118600023;25351.032175/01-27;HERBARIUM LABORATORIO BOTANICO LTDA - 78.950.011/0001-20;Inativo;09/2007;hypericum perforatum;incluido_alias_completo;Inativo;118600023;25351 032175 01 27;hiperico herbarium;herbarium laboratorio botanico ltda 78 950 011 0001 20;;;TRUE;1;Hypericum perforatum;hypericum perforatum
72;Hipérico / Erva-de-são-joão;REG:118600081;Hypericum perforatum;hypericum perforatum l.;83;Hypericum_perforatum__hypericum_perforatum_l.xlsx;HIPÉRICO HERBARIUM;;;REGISTRADO;118600081;25351.282257/2007-03;HERBARIUM LABORATORIO BOTANICO LTDA - 78.950.011/0001-20;Inativo;11/2027;hypericum perforatum;incluido_alias_completo;Inativo;118600081;25351 282257 2007 03;hiperico herbarium;herbarium laboratorio botanico ltda 78 950 011 0001 20;;2007;TRUE;1;Hypericum perforatum;hypericum perforatum l.
72;Hipérico / Erva-de-são-joão;REG:118610073;Hypericum perforatum;hypericum perforatum l.;83;Hypericum_perforatum__hypericum_perforatum_l.xlsx;TRIATIV;;;REGISTRADO;118610073;25000.035970/97-44;ATIVUS FARMACÊUTICA LTDA - 64.088.172/0001-41;Inativo;01/2015;hypericum perforatum;incluido_alias_completo;Inativo;118610073;25000 035970 97 44;triativ;ativus farmaceutica ltda 64 088 172 0001 41;;;TRUE;1;Hypericum perforatum;hypericum perforatum l.
72;Hipérico / Erva-de-são-joão;REG:120090007;Hypericum perforatum;hypericum perforatum l.;83;Hypericum_perforatum__hypericum_perforatum_l.xlsx;HYPERATIV;;hypericum perforatum l.;REGISTRADO;120090007;25000.022396/97-28;BIONATUS LABORATÓRIO BOTÂNICO LTDA - 68.032.192/0001-51;Ativo;06/2036;hypericum perforatum;incluido_alias_completo;Ativo;120090007;25000 022396 97 28;hyperativ;bionatus laboratorio botanico ltda 68 032 192 0001 51;hypericum perforatum l;;TRUE;1;Hypericum perforatum;hypericum perforatum l.
72;Hipérico / Erva-de-são-joão;REG:120190120;Hypericum perforatum;hypericum perforatum l.;83;Hypericum_perforatum__hypericum_perforatum_l.xlsx;HYPERIGREEN;;;REGISTRADO;120190120;25351.014236/01-38;GREENPHARMA QUÍMICA E FARMACÊUTICA LTDA - 33.408.105/0001-33;Inativo;10/2006;hypericum perforatum;incluido_alias_completo;Inativo;120190120;25351 014236 01 38;hyperigreen;greenpharma quimica e farmaceutica ltda 33 408 105 0001 33;;;TRUE;1;Hypericum perforatum;hypericum perforatum l.
72;Hipérico / Erva-de-são-joão;REG:128120010;Hypericum perforatum;hypericum perforatum l.;83;Hypericum_perforatum__hypericum_perforatum_l.xlsx;FITOHIPÉRICO;;;REGISTRADO;128120010;25351.006083/02-54;FITOVIDA LTDA - ME - 86.629.086/0001-31;Inativo;05/2008;hypericum perforatum;incluido_alias_completo;Inativo;128120010;25351 006083 02 54;fitohiperico;fitovida ltda me 86 629 086 0001 31;;;TRUE;1;Hypericum perforatum;hypericum perforatum l.
72;Hipérico / Erva-de-são-joão;REG:128420008;Hypericum perforatum;hypericum perforatum l.;83;Hypericum_perforatum__hypericum_perforatum_l.xlsx;TRAUMEEL S;;;REGISTRADO;128420008;25000.007786/96-04;PROBIOS COMÉRCIO IMPORTAÇÃO E EXPORTAÇÃO LTDA - 74.455.197/0001-90;Inativo;12/2006;hypericum perforatum;incluido_alias_completo;Inativo;128420008;25000 007786 96 04;traumeel s;probios comercio importacao e exportacao ltda 74 455 197 0001 90;;;TRUE;1;Hypericum perforatum;hypericum perforatum l.
72;Hipérico / Erva-de-são-joão;REG:132650027;Hypericum perforatum;hypericum perforatum l.;83;Hypericum_perforatum__hypericum_perforatum_l.xlsx;EQUAVIT;PRO ANIMA;;REGISTRADO;132650027;25351.060790/2003-84;COLBRÁS INDÚSTRIA E COMÉRCIO LTDA - 00.413.925/0001-64;Inativo;06/2009;hypericum perforatum;incluido_alias_completo;Inativo;132650027;25351 060790 2003 84;equavit;colbras industria e comercio ltda 00 413 925 0001 64;;2003;TRUE;1;Hypericum perforatum;hypericum perforatum l.
72;Hipérico / Erva-de-são-joão;REG:137640135;Hypericum perforatum;hypericum perforatum;81;Hypericum_perforatum__HYPERICUM_PERFORATUM.xlsx;TRIATIV;;;REGISTRADO;137640135;25351.718133/2011-84;ASPEN PHARMA INDÚSTRIA FARMACÊUTICA LTDA - 02.433.631/0001-20;Inativo;04/2023;hypericum perforatum;incluido_alias_completo;Inativo;137640135;25351 718133 2011 84;triativ;aspen pharma industria farmaceutica ltda 02 433 631 0001 20;;2011;TRUE;1;Hypericum perforatum;hypericum perforatum
72;Hipérico / Erva-de-são-joão;REG:143810074;Hypericum perforatum;hypericum perforatum l.;83;Hypericum_perforatum__hypericum_perforatum_l.xlsx;CIPERICO;;;REGISTRADO;143810074;25351.163806/2002-29;CIMED INDUSTRIA S.A - 02.814.497/0001-07;Inativo;07/2007;hypericum perforatum;incluido_alias_completo;Inativo;143810074;25351 163806 2002 29;ciperico;cimed industria s a 02 814 497 0001 07;;2002;TRUE;1;Hypericum perforatum;hypericum perforatum l.
72;Hipérico / Erva-de-são-joão;REG:154000002;Hypericum perforatum;hypericum perforatum l.;83;Hypericum_perforatum__hypericum_perforatum_l.xlsx;DEPRENON  VITA;DEPRENON VITA;hypericum perforatum l.;REGISTRADO;154000002;25351.211593/2002-59;LABORATÓRIO VITALAB LTDA - 56.646.953/0001-86;Ativo;02/2028;hypericum perforatum;incluido_alias_completo;Ativo;154000002;25351 211593 2002 59;deprenon vita;laboratorio vitalab ltda 56 646 953 0001 86;hypericum perforatum l;2002;TRUE;1;Hypericum perforatum;hypericum perforatum l.
73;Hortelã-Pimenta;REG:103940475;Mentha piperita;mentha piperita l.;99;Mentha_piperita__mentha_piperita_l.xlsx;SOLVOBIL;;;REGISTRADO;103940475;25991.001135/79;LABORATÓRIO AMERICANO DE FARMACOTERAPIA S/A - 61.150.819/0001-20;Inativo;10/2004;mentha piperita;incluido_alias_completo;Inativo;103940475;25991 001135 79;solvobil;laboratorio americano de farmacoterapia s a 61 150 819 0001 20;;;TRUE;1;Mentha piperita;mentha piperita l.
75;Jambolão;REG:102470046;Syzygium jambolanum;syzygium jambolanum;166;Syzygium_jambolanum__SYZYGIUM_JAMBOLANUM.xlsx;TIRABETE;;;REGISTRADO;102470046;25992.013067/75;HOMEOPATIA WALDEMIRO PEREIRA LABORATORIO INDUSTRIAL FARMACEUTICO LTDA - 76.440.528/0001-43;Inativo;12/2010;syzygium jambolanum;incluido_alias_completo;Inativo;102470046;25992 013067 75;tirabete;homeopatia waldemiro pereira laboratorio industrial farmaceutico ltda 76 440 528 0001 43;;;TRUE;2;jambo | Syzygium jambolanum;syzygium jambolanum
75;Jambolão;REG:105760052;Syzygium jambolanum;syzygium jambolanum;166;Syzygium_jambolanum__SYZYGIUM_JAMBOLANUM.xlsx;SYZYGIUM JAMBOLANUM SIMÕES;;;REGISTRADO;105760052;25991.003978/77;LABORATORIO SIMOES LTDA. - 33.379.884/0001-96;Inativo;03/2005;syzygium jambolanum;incluido_alias_completo;Inativo;105760052;25991 003978 77;syzygium jambolanum simoes;laboratorio simoes ltda 33 379 884 0001 96;;;TRUE;2;jambo | Syzygium jambolanum;syzygium jambolanum
77;Jucá / Pau-ferro;REG:105760104;Caesalpinia ferrea;caesalpinia ferrea mart.;26;Caesalpinia_ferrea__caesalpinia_ferrea_mart.xlsx;FIMATOSAN;;;REGISTRADO;105760104;25991.010027/79;LABORATORIO SIMOES LTDA. - 33.379.884/0001-96;Inativo;12/2009;caesalpinia ferrea;incluido_alias_completo;Inativo;105760104;25991 010027 79;fimatosan;laboratorio simoes ltda 33 379 884 0001 96;;;TRUE;1;Caesalpinia ferrea;caesalpinia ferrea mart.
77;Jucá / Pau-ferro;REG:108580241;Caesalpinia ferrea;caesalpinia ferrea mart.;26;Caesalpinia_ferrea__caesalpinia_ferrea_mart.xlsx;BRONQUIOGEN;;;REGISTRADO;108580241;25001.206488/82;PRODOTTI LABORATÓRIO FARMACÊUTICO LTDA. - 51.603.488/0001-82;Inativo;04/2008;caesalpinia ferrea;incluido_alias_completo;Inativo;108580241;25001 206488 82;bronquiogen;prodotti laboratorio farmaceutico ltda 51 603 488 0001 82;;;TRUE;1;Caesalpinia ferrea;caesalpinia ferrea mart.
78;Jurubeba;REG:100320047;jurubeba;jurubeba;321;jurubeba__Jurubeba.xlsx;HECROSINE;;;REGISTRADO;100320047;25991.004295/80;ORTOQUIMICA INDUSTRIA QUÍMICO-FARMACÊUTICA LTDA - 60.879.418/0001-42;Inativo;05/2005;jurubeba;incluido_alias_completo;Inativo;100320047;25991 004295 80;hecrosine;ortoquimica industria quimico farmaceutica ltda 60 879 418 0001 42;;;TRUE;1;jurubeba;jurubeba
78;Jurubeba;REG:100490017;Solanum paniculatum;solanum paniculatum l.;159;Solanum_paniculatum__solanum_paniculatum_l.xlsx;INFALIVINA;;;REGISTRADO;100490017;25992.001318/54;LABORATÓRIO SAÚDE LTDA - 91.671.792/0001-81;Inativo;06/2010;solanum paniculatum;incluido_alias_completo;Inativo;100490017;25992 001318 54;infalivina;laboratorio saude ltda 91 671 792 0001 81;;;TRUE;1;Solanum paniculatum;solanum paniculatum l.
78;Jurubeba;REG:102030001;Solanum paniculatum;solanum paniculatum l.;159;Solanum_paniculatum__solanum_paniculatum_l.xlsx;ALCACHOFRA COMPOSTA;;;REGISTRADO;102030001;25001.016880/74;INFABRA INDUSTRIA FARMACEUTICA BRASILEIRA LTDA - 42.341.149/0001-84;Inativo;03/2005;solanum paniculatum;incluido_alias_completo;Inativo;102030001;25001 016880 74;alcachofra composta;infabra industria farmaceutica brasileira ltda 42 341 149 0001 84;;;TRUE;1;Solanum paniculatum;solanum paniculatum l.
78;Jurubeba;REG:102330003;Solanum paniculatum;solanum paniculatum l.;159;Solanum_paniculatum__solanum_paniculatum_l.xlsx;COLOMETIN;;;REGISTRADO;102330003;25991.010545/80;LABORATÓRIO SANIFER SA - 92.691.179/0001-99;Inativo;03/2007;solanum paniculatum;incluido_alias_completo;Inativo;102330003;25991 010545 80;colometin;laboratorio sanifer sa 92 691 179 0001 99;;;TRUE;1;Solanum paniculatum;solanum paniculatum l.
78;Jurubeba;REG:102350029;Solanum paniculatum;solanum paniculatum l.;159;Solanum_paniculatum__solanum_paniculatum_l.xlsx;COLACHOFRA;;;REGISTRADO;102350029;25991.011480/80;EMS S/A - 57.507.378/0003-65;Inativo;03/2007;solanum paniculatum;incluido_alias_completo;Inativo;102350029;25991 011480 80;colachofra;ems s a 57 507 378 0003 65;;;TRUE;1;Solanum paniculatum;solanum paniculatum l.
78;Jurubeba;REG:102350256;jurubeba;jurubeba;321;jurubeba__Jurubeba.xlsx;ALCACHOFRA COMPOSTA;;;REGISTRADO;102350256;25000.006854/82;EMS S/A - 57.507.378/0003-65;Inativo;08/1998;jurubeba;incluido_alias_completo;Inativo;102350256;25000 006854 82;alcachofra composta;ems s a 57 507 378 0003 65;;;TRUE;1;jurubeba;jurubeba
78;Jurubeba;REG:103410014;Solanum paniculatum;solanum paniculatum l.;159;Solanum_paniculatum__solanum_paniculatum_l.xlsx;HEPATO DELFIN;;;REGISTRADO;103410014;25001.006980/37;TRB PHARMA INDÚSTRIA QUÍMICA E FARMACÊUTICA LTDA - 61.455.192/0001-15;Inativo;09/2004;solanum paniculatum;incluido_alias_completo;Inativo;103410014;25001 006980 37;hepato delfin;trb pharma industria quimica e farmaceutica ltda 61 455 192 0001 15;;;TRUE;1;Solanum paniculatum;solanum paniculatum l.
78;Jurubeba;REG:103420019;Solanum paniculatum;solanum paniculatum l.;159;Solanum_paniculatum__solanum_paniculatum_l.xlsx;JURUBEBA ATALAIA;JURUBEBEA ATALAIA;;REGISTRADO;103420019;25992.010799/75;FARMABRAZ BETA ATALAIA FARMACEUTICA LTDA. - 33.474.289/0001-30;Inativo;02/2008;solanum paniculatum;incluido_alias_completo;Inativo;103420019;25992 010799 75;jurubeba atalaia;farmabraz beta atalaia farmaceutica ltda 33 474 289 0001 30;;;TRUE;1;Solanum paniculatum;solanum paniculatum l.
78;Jurubeba;REG:103420054;Solanum paniculatum;solanum paniculatum l.;159;Solanum_paniculatum__solanum_paniculatum_l.xlsx;JURUBEBA ATALAIA;;;REGISTRADO;103420054;25351.420835/2009-09;FARMABRAZ BETA ATALAIA FARMACEUTICA LTDA. - 33.474.289/0001-30;Inativo;08/2016;solanum paniculatum;incluido_alias_completo;Inativo;103420054;25351 420835 2009 09;jurubeba atalaia;farmabraz beta atalaia farmaceutica ltda 33 474 289 0001 30;;2009;TRUE;1;Solanum paniculatum;solanum paniculatum l.
78;Jurubeba;REG:104150038;Solanum paniculatum;solanum paniculatum l.;159;Solanum_paniculatum__solanum_paniculatum_l.xlsx;STOMAX;;;REGISTRADO;104150038;25001.000500/84;LABORATORIO HANEMANIANA VERITAS LTDA - 33.790.981/0001-77;Inativo;03/2004;solanum paniculatum;incluido_alias_completo;Inativo;104150038;25001 000500 84;stomax;laboratorio hanemaniana veritas ltda 33 790 981 0001 77;;;TRUE;1;Solanum paniculatum;solanum paniculatum l.
78;Jurubeba;REG:104340006;jurubeba;jurubeba;321;jurubeba__Jurubeba.xlsx;HEPATOGENOL;;;REGISTRADO;104340006;25992.012356/60;PROFARB LTDA - 22.777.676/0001-29;Inativo;08/2003;jurubeba;incluido_alias_completo;Inativo;104340006;25992 012356 60;hepatogenol;profarb ltda 22 777 676 0001 29;;;TRUE;1;jurubeba;jurubeba
78;Jurubeba;REG:104400021;Solanum paniculatum;solanum paniculatum l.;159;Solanum_paniculatum__solanum_paniculatum_l.xlsx;ACAFRAN;;;REGISTRADO;104400021;25991.009206/78;CELLERA FARMACÊUTICA S.A. - 33.173.097/0002-74;Inativo;03/2004;solanum paniculatum;incluido_alias_completo;Inativo;104400021;25991 009206 78;acafran;cellera farmaceutica s a 33 173 097 0002 74;;;TRUE;1;Solanum paniculatum;solanum paniculatum l.
78;Jurubeba;REG:104670274;Solanum paniculatum;solanum paniculatum l.;159;Solanum_paniculatum__solanum_paniculatum_l.xlsx;JURUBEBA COMPOSTO;;;REGISTRADO;104670274;25001.003628/71;LABORATORIO FARMAERVAS LTDA - 60.565.520/0001-73;Inativo;05/2007;solanum paniculatum;incluido_alias_completo;Inativo;104670274;25001 003628 71;jurubeba composto;laboratorio farmaervas ltda 60 565 520 0001 73;;;TRUE;1;Solanum paniculatum;solanum paniculatum l.
78;Jurubeba;REG:105710041;Solanum paniculatum;solanum paniculatum l.;159;Solanum_paniculatum__solanum_paniculatum_l.xlsx;REMIJIA FERRUGINEA DC. + ASSOCIAÇÕES;IEROBINA;;REGISTRADO;105710041;25001.008745/79;BELFAR LTDA - 18.324.343/0001-77;Inativo;09/2008;solanum paniculatum;incluido_alias_completo;Inativo;105710041;25001 008745 79;remijia ferruginea dc associacoes;belfar ltda 18 324 343 0001 77;;;TRUE;1;Solanum paniculatum;solanum paniculatum l.
78;Jurubeba;REG:107740480;Solanum paniculatum;solanum paniculatum l.;159;Solanum_paniculatum__solanum_paniculatum_l.xlsx;LIPOTRON;;;REGISTRADO;107740480;25991.005379/80;LABORATÓRIO CANGERI LTDA - 92.751.965/0001-34;Inativo;09/2005;solanum paniculatum;incluido_alias_completo;Inativo;107740480;25991 005379 80;lipotron;laboratorio cangeri ltda 92 751 965 0001 34;;;TRUE;1;Solanum paniculatum;solanum paniculatum l.
78;Jurubeba;REG:137070015;Solanum paniculatum;solanum paniculatum l.;159;Solanum_paniculatum__solanum_paniculatum_l.xlsx;JURUPITAN;;;REGISTRADO;137070015;25991.005964/78;FLORA MEDICINAL J. MONTEIRO DA SILVA LTDA - 02.007.074/0001-85;Inativo;10/2004;solanum paniculatum;incluido_alias_completo;Inativo;137070015;25991 005964 78;jurupitan;flora medicinal j monteiro da silva ltda 02 007 074 0001 85;;;TRUE;1;Solanum paniculatum;solanum paniculatum l.
78;Jurubeba;REG:137640093;Solanum paniculatum;solanum paniculatum l.;159;Solanum_paniculatum__solanum_paniculatum_l.xlsx;ALCACHOFRA COMPOSTA;;;REGISTRADO;137640093;25351.056726/2003-07;ASPEN PHARMA INDÚSTRIA FARMACÊUTICA LTDA - 02.433.631/0001-20;Inativo;03/2005;solanum paniculatum;incluido_alias_completo;Inativo;137640093;25351 056726 2003 07;alcachofra composta;aspen pharma industria farmaceutica ltda 02 433 631 0001 20;;2003;TRUE;1;Solanum paniculatum;solanum paniculatum l.
79;Kava-kava;REG:100470334;piper methysticum;piper methysticum;375;piper_methysticum__PIPER_METHYSTICUM.xlsx;KAVAHEXAL;;;REGISTRADO;100470334;25351.018560/00-17;SANDOZ DO BRASIL INDÚSTRIA FARMACÊUTICA LTDA - 61.286.647/0001-16;Inativo;08/2011;piper methysticum;incluido_alias_completo;Inativo;100470334;25351 018560 00 17;kavahexal;sandoz do brasil industria farmaceutica ltda 61 286 647 0001 16;;;TRUE;1;piper methysticum;piper methysticum
79;Kava-kava;REG:101620220;piper methysticum;piper methysticum;375;piper_methysticum__PIPER_METHYSTICUM.xlsx;KAVAIN;;;REGISTRADO;101620220;25351.007308/00-46;LABORATÓRIOS PIERRE FABRE DO BRASIL LTDA - 33.051.491/0001-59;Inativo;06/2005;piper methysticum;incluido_alias_completo;Inativo;101620220;25351 007308 00 46;kavain;laboratorios pierre fabre do brasil ltda 33 051 491 0001 59;;;TRUE;1;piper methysticum;piper methysticum
79;Kava-kava;REG:102350572;piper methysticum;piper methysticum g. forst.;377;piper_methysticum__piper_methysticum_g._forst.xlsx;FITOKAVA;;;REGISTRADO;102350572;25351.199081/2002-15;EMS S/A - 57.507.378/0003-65;Inativo;12/2007;piper methysticum;incluido_alias_completo;Inativo;102350572;25351 199081 2002 15;fitokava;ems s a 57 507 378 0003 65;;2002;TRUE;1;piper methysticum;piper methysticum g. forst.
79;Kava-kava;REG:104400114;piper methysticum;piper methysticum g. forst.;377;piper_methysticum__piper_methysticum_g._forst.xlsx;CALMONEX;;;REGISTRADO;104400114;25000.021010/99-03;CELLERA FARMACÊUTICA S.A. - 33.173.097/0002-74;Inativo;05/2006;piper methysticum;incluido_alias_completo;Inativo;104400114;25000 021010 99 03;calmonex;cellera farmaceutica s a 33 173 097 0002 74;;;TRUE;1;piper methysticum;piper methysticum g. forst.
79;Kava-kava;REG:104670136;piper methysticum;piper methysticum g. forst.;377;piper_methysticum__piper_methysticum_g._forst.xlsx;FARMAKAVA;;;REGISTRADO;104670136;25351.201917/2002-41;LABORATORIO FARMAERVAS LTDA - 60.565.520/0001-73;Inativo;10/2007;piper methysticum;incluido_alias_completo;Inativo;104670136;25351 201917 2002 41;farmakava;laboratorio farmaervas ltda 60 565 520 0001 73;;2002;TRUE;1;piper methysticum;piper methysticum g. forst.
79;Kava-kava;REG:105710118;piper methysticum;piper methysticum g. forst.;377;piper_methysticum__piper_methysticum_g._forst.xlsx;KAVAZEPAM;;;REGISTRADO;105710118;25000.011926/98-39;BELFAR LTDA - 18.324.343/0001-77;Inativo;02/2006;piper methysticum;incluido_alias_completo;Inativo;105710118;25000 011926 98 39;kavazepam;belfar ltda 18 324 343 0001 77;;;TRUE;1;piper methysticum;piper methysticum g. forst.
79;Kava-kava;REG:106390189;kava-kava;extrato ws 1490 de piper methysticum (kava-kava);322;kava-kava__extrato_ws_1490_de_piper_methysticum_kava-kava.xlsx;LAITAN;;;REGISTRADO;106390189;25000.013156/95-61;TAKEDA PHARMA LTDA. - 60.397.775/0001-74;Inativo;10/2006;piper methysticum;incluido_alias_completo;Inativo;106390189;25000 013156 95 61;laitan;takeda pharma ltda 60 397 775 0001 74;;;TRUE;2;kava-kava | piper methysticum;extrato ws 1490 de piper methysticum (kava-kava)
79;Kava-kava;REG:106890118;piper methysticum;piper methysticum;375;piper_methysticum__PIPER_METHYSTICUM.xlsx;SPM 100;;;REGISTRADO;106890118;25351.024923/00-53;KLEY HERTZ FARMACEUTICA S.A - 92.695.691/0001-03;Inativo;05/2006;piper methysticum;incluido_alias_completo;Inativo;106890118;25351 024923 00 53;spm 100;kley hertz farmaceutica s a 92 695 691 0001 03;;;TRUE;1;piper methysticum;piper methysticum
79;Kava-kava;REG:109740137;piper methysticum;piper methysticum;375;piper_methysticum__PIPER_METHYSTICUM.xlsx;KAVATRON;;;REGISTRADO;109740137;25000.022151/98-81;BIOLAB SANUS FARMACÊUTICA LTDA - 49.475.833/0001-06;Inativo;10/2006;piper methysticum;incluido_alias_completo;Inativo;109740137;25000 022151 98 81;kavatron;biolab sanus farmaceutica ltda 49 475 833 0001 06;;;TRUE;1;piper methysticum;piper methysticum
79;Kava-kava;REG:110220005;piper methysticum;piper methysticum g. forst.;377;piper_methysticum__piper_methysticum_g._forst.xlsx;RANA;;;REGISTRADO;110220005;25351.019067/01-50;HENSA-FARMA S.A - INDÚSTRIA QUÍMICA E FARMACÊUTICA - 06.270.144/0001-44;Inativo;03/2007;piper methysticum;incluido_alias_completo;Inativo;110220005;25351 019067 01 50;rana;hensa farma s a industria quimica e farmaceutica 06 270 144 0001 44;;;TRUE;1;piper methysticum;piper methysticum g. forst.
79;Kava-kava;REG:112700027;piper methysticum;piper methysticum g. forst.;377;piper_methysticum__piper_methysticum_g._forst.xlsx;KAVALAC;;;REGISTRADO;112700027;25351.006523/01-74;FONTOVIT LABORATORIOS SA - 53.249.736/0001-64;Inativo;07/2006;piper methysticum;incluido_alias_completo;Inativo;112700027;25351 006523 01 74;kavalac;fontovit laboratorios sa 53 249 736 0001 64;;;TRUE;1;piper methysticum;piper methysticum g. forst.
79;Kava-kava;REG:115570042;piper methysticum;piper methysticum;375;piper_methysticum__PIPER_METHYSTICUM.xlsx;ANSIOPAX;;;REGISTRADO;115570042;25000.021642/99-69;INFAN INDUSTRIA QUIMICA FARMACEUTICA NACIONAL S/A - 08.939.548/0001-03;Inativo;05/2011;piper methysticum;incluido_alias_completo;Inativo;115570042;25000 021642 99 69;ansiopax;infan industria quimica farmaceutica nacional s a 08 939 548 0001 03;;;TRUE;1;piper methysticum;piper methysticum
79;Kava-kava;REG:118600012;piper methysticum;piper methysticum;375;piper_methysticum__PIPER_METHYSTICUM.xlsx;KAVA KAVA GOTAS;;;REGISTRADO;118600012;25351.021302/01-81;HERBARIUM LABORATORIO BOTANICO LTDA - 78.950.011/0001-20;Inativo;03/2007;piper methysticum;incluido_alias_completo;Inativo;118600012;25351 021302 01 81;kava kava gotas;herbarium laboratorio botanico ltda 78 950 011 0001 20;;;TRUE;1;piper methysticum;piper methysticum
79;Kava-kava;REG:118600033;piper methysticum;piper methysticum;375;piper_methysticum__PIPER_METHYSTICUM.xlsx;KAVA KAVA HERBARIUM;;;REGISTRADO;118600033;25351.201804/2002-45;HERBARIUM LABORATORIO BOTANICO LTDA - 78.950.011/0001-20;Inativo;01/2028;piper methysticum;incluido_alias_completo;Inativo;118600033;25351 201804 2002 45;kava kava herbarium;herbarium laboratorio botanico ltda 78 950 011 0001 20;;2002;TRUE;2;piper methysticum;piper methysticum | piper methysticum g. forst.
79;Kava-kava;REG:118600066;piper methysticum;piper methysticum;375;piper_methysticum__PIPER_METHYSTICUM.xlsx;ANSIENE;;;REGISTRADO;118600066;25351.302137/2004-89;HERBARIUM LABORATORIO BOTANICO LTDA - 78.950.011/0001-20;Inativo;03/2010;piper methysticum;incluido_alias_completo;Inativo;118600066;25351 302137 2004 89;ansiene;herbarium laboratorio botanico ltda 78 950 011 0001 20;;2004;TRUE;1;piper methysticum;piper methysticum
79;Kava-kava;REG:118610089;piper methysticum;piper methysticum g. forst.;377;piper_methysticum__piper_methysticum_g._forst.xlsx;KAVAKAN;;;REGISTRADO;118610089;25351.024022/00-80;ATIVUS FARMACÊUTICA LTDA - 64.088.172/0001-41;Inativo;11/2015;piper methysticum;incluido_alias_completo;Inativo;118610089;25351 024022 00 80;kavakan;ativus farmaceutica ltda 64 088 172 0001 41;;;TRUE;1;piper methysticum;piper methysticum g. forst.
79;Kava-kava;REG:118610103;piper methysticum;piper methysticum g. forst.;377;piper_methysticum__piper_methysticum_g._forst.xlsx;ANSIKAN;;;REGISTRADO;118610103;25351.021616/01-29;ATIVUS FARMACÊUTICA LTDA - 64.088.172/0001-41;Inativo;03/2007;piper methysticum;incluido_alias_completo;Inativo;118610103;25351 021616 01 29;ansikan;ativus farmaceutica ltda 64 088 172 0001 41;;;TRUE;1;piper methysticum;piper methysticum g. forst.
79;Kava-kava;REG:120090012;piper methysticum;piper methysticum;375;piper_methysticum__PIPER_METHYSTICUM.xlsx;BIOKAVA BIONATUS;BIOKAVA;;REGISTRADO;120090012;25000.004245/99-22;BIONATUS LABORATÓRIO BOTÂNICO LTDA - 68.032.192/0001-51;Inativo;07/2011;piper methysticum;incluido_alias_completo;Inativo;120090012;25000 004245 99 22;biokava bionatus;bionatus laboratorio botanico ltda 68 032 192 0001 51;;;TRUE;1;piper methysticum;piper methysticum
79;Kava-kava;REG:120190133;piper methysticum;piper methysticum g. forst.;377;piper_methysticum__piper_methysticum_g._forst.xlsx;KAVAGREEN;;;REGISTRADO;120190133;25351.161068/2002-85;GREENPHARMA QUÍMICA E FARMACÊUTICA LTDA - 33.408.105/0001-33;Inativo;11/2007;piper methysticum;incluido_alias_completo;Inativo;120190133;25351 161068 2002 85;kavagreen;greenpharma quimica e farmaceutica ltda 33 408 105 0001 33;;2002;TRUE;1;piper methysticum;piper methysticum g. forst.
79;Kava-kava;REG:121070004;piper methysticum;piper methysticum;375;piper_methysticum__PIPER_METHYSTICUM.xlsx;KAVACIN;;;REGISTRADO;121070004;25351.224726/2002-57;APIS FLORA INDUSTRIAL  E COMERCIAL LTDA - 49.345.358/0001-45;Inativo;10/2008;piper methysticum;incluido_alias_completo;Inativo;121070004;25351 224726 2002 57;kavacin;apis flora industrial e comercial ltda 49 345 358 0001 45;;2002;TRUE;1;piper methysticum;piper methysticum
79;Kava-kava;REG:123970017;piper methysticum;piper methysticum;375;piper_methysticum__PIPER_METHYSTICUM.xlsx;KAWA KAWA ORIENT;;;REGISTRADO;123970017;25351.033385/01-13;ORIENT MIX FITOTERÁPICOS DO BRASIL LTDA. - 73.657.876/0001-89;Inativo;05/2008;piper methysticum;incluido_alias_completo;Inativo;123970017;25351 033385 01 13;kawa kawa orient;orient mix fitoterapicos do brasil ltda 73 657 876 0001 89;;;TRUE;1;piper methysticum;piper methysticum
79;Kava-kava;REG:137070012;piper methysticum;piper methysticum;375;piper_methysticum__PIPER_METHYSTICUM.xlsx;KAVA KAVA  FLORA MEDICINAL;;;REGISTRADO;137070012;25351.003757/01-79;FLORA MEDICINAL J. MONTEIRO DA SILVA LTDA - 02.007.074/0001-85;Inativo;08/2006;piper methysticum;incluido_alias_completo;Inativo;137070012;25351 003757 01 79;kava kava flora medicinal;flora medicinal j monteiro da silva ltda 02 007 074 0001 85;;;TRUE;1;piper methysticum;piper methysticum
79;Kava-kava;REG:137640179;piper methysticum;piper methysticum g. forst.;377;piper_methysticum__piper_methysticum_g._forst.xlsx;KAVA KAVA ASPEN;;;REGISTRADO;137640179;25351.743112/2015-48;ASPEN PHARMA INDÚSTRIA FARMACÊUTICA LTDA - 02.433.631/0001-20;Inativo;10/2029;piper methysticum;incluido_alias_completo;Inativo;137640179;25351 743112 2015 48;kava kava aspen;aspen pharma industria farmaceutica ltda 02 433 631 0001 20;;2015;TRUE;1;piper methysticum;piper methysticum g. forst.
79;Kava-kava;REG:138100011;piper methysticum;piper methysticum;375;piper_methysticum__PIPER_METHYSTICUM.xlsx;PIPER METHYSTICUM;;;REGISTRADO;138100011;25351.035192/01-52;LABORATORIO QUIMICO FARMACEUTICO TIARAJU LTDA. - 94.022.654/0001-60;Inativo;03/2008;piper methysticum;incluido_alias_completo;Inativo;138100011;25351 035192 01 52;piper methysticum;laboratorio quimico farmaceutico tiaraju ltda 94 022 654 0001 60;;;TRUE;1;piper methysticum;piper methysticum
79;Kava-kava;REG:143810075;piper methysticum;piper methysticum g. forst.;377;piper_methysticum__piper_methysticum_g._forst.xlsx;KAVAMED;;;REGISTRADO;143810075;25351.163807/2002-73;CIMED INDUSTRIA S.A - 02.814.497/0001-07;Inativo;11/2007;piper methysticum;incluido_alias_completo;Inativo;143810075;25351 163807 2002 73;kavamed;cimed industria s a 02 814 497 0001 07;;2002;TRUE;1;piper methysticum;piper methysticum g. forst.
79;Kava-kava;REG:144930038;piper methysticum;piper methysticum g. forst.;377;piper_methysticum__piper_methysticum_g._forst.xlsx;KOMPAZ;;piper methysticum g. forst.;REGISTRADO;144930038;25351.049155/2003-46;AIRELA INDÚSTRIA FARMACÊUTICA LTDA. - 01.858.973/0001-29;Ativo;01/2029;piper methysticum;incluido_alias_completo;Ativo;144930038;25351 049155 2003 46;kompaz;airela industria farmaceutica ltda 01 858 973 0001 29;piper methysticum g forst;2003;TRUE;1;piper methysticum;piper methysticum g. forst.
79;Kava-kava;REG:145010016;piper methysticum;piper methysticum;375;piper_methysticum__PIPER_METHYSTICUM.xlsx;KAVA KAVA BRASMED;;;REGISTRADO;145010016;25351.060863/2003-38;BRASMED BOTÂNICA E FARMACÊUTICA LTDA - 00.660.703/0001-46;Inativo;09/2009;piper methysticum;incluido_alias_completo;Inativo;145010016;25351 060863 2003 38;kava kava brasmed;brasmed botanica e farmaceutica ltda 00 660 703 0001 46;;2003;TRUE;1;piper methysticum;piper methysticum
79;Kava-kava;REG:154000003;piper methysticum;piper methysticum g. forst.;377;piper_methysticum__piper_methysticum_g._forst.xlsx;VITAKAVA;;;REGISTRADO;154000003;25351.206847/2002-17;LABORATÓRIO VITALAB LTDA - 56.646.953/0001-86;Inativo;03/2008;piper methysticum;incluido_alias_completo;Inativo;154000003;25351 206847 2002 17;vitakava;laboratorio vitalab ltda 56 646 953 0001 86;;2002;TRUE;1;piper methysticum;piper methysticum g. forst.
79;Kava-kava;REG:155590002;piper methysticum;piper methysticum;375;piper_methysticum__PIPER_METHYSTICUM.xlsx;KAVA KAVA  FLORA MEDICINAL;;;REGISTRADO;155590002;25351.067511/2003-11;INDUSTRIA E COMERCIO DE COSMETICOS NATURA LTDA - 00.190.373/0001-72;Inativo;08/2006;piper methysticum;incluido_alias_completo;Inativo;155590002;25351 067511 2003 11;kava kava flora medicinal;industria e comercio de cosmeticos natura ltda 00 190 373 0001 72;;2003;TRUE;1;piper methysticum;piper methysticum
80;Laranja-amarga;REG:101000071;laranja;essência de laranja;329;laranja__ESSÊNCIA_DE_LARANJA.xlsx;REDOXON;;;REGISTRADO;101000071;25992.004827/77;PRODUTOS ROCHE QUÍMICOS E FARMACÊUTICOS S.A. - 33.009.945/0001-23;Inativo;08/2006;laranja;incluido_alias_completo;Inativo;101000071;25992 004827 77;redoxon;produtos roche quimicos e farmaceuticos s a 33 009 945 0001 23;;;TRUE;1;laranja;essência de laranja
80;Laranja-amarga;REG:102351059;laranja;extrato fluido de casca de laranja amarga;330;laranja__EXTRATO_FLUIDO_DE_CASCA_DE_LARANJA_AMARGA.xlsx;A SAÚDE DA MULHER;;TINTURA AGONIADA PLUMÉRIA, SALICILATO DE SÓDIO, EXTRATO FLUIDO DE PASSIFLORA ALATA, EXTRATO FLUIDO DE CASCA DE LARANJA AMARGA;REGISTRADO;102351059;25351.668917/2010-32;EMS S/A - 57.507.378/0003-65;Ativo;07/2029;laranja amarga;incluido_alias_completo;Ativo;102351059;25351 668917 2010 32;a saude da mulher;ems s a 57 507 378 0003 65;tintura agoniada plumeria salicilato de sodio extrato fluido de passiflora alata extrato fluido de casca de laranja amarga;2010;TRUE;1;laranja;extrato fluido de casca de laranja amarga
80;Laranja-amarga;REG:103200008;laranja;extrato fluído de laranja amarga;331;laranja__EXTRATO_FLUÍDO_DE_LARANJA_AMARGA.xlsx;EXTRATO DE FIGADO + ASSOCIAÇÃO;EXT. HEPÁTICO B12 PIAN;;REGISTRADO;103200008;25001.007069/44;INSTITUTO BIOCHIMICO MARAGLIANO LTDA - 33.181.603/0001-96;Inativo;01/2007;laranja amarga;incluido_alias_completo;Inativo;103200008;25001 007069 44;extrato de figado associacao;instituto biochimico maragliano ltda 33 181 603 0001 96;;;TRUE;1;laranja;extrato fluído de laranja amarga
80;Laranja-amarga;REG:104330027;laranja;xarope de casca de laranja amarga;332;laranja__XAROPE_DE_CASCA_DE_LARANJA_AMARGA.xlsx;SONOCAL;;;REGISTRADO;104330027;25992.008299/53;LABORATÓRIO IODO SUMA LTDA. - 22.775.472/0001-59;Inativo;12/2004;laranja amarga;incluido_alias_completo;Inativo;104330027;25992 008299 53;sonocal;laboratorio iodo suma ltda 22 775 472 0001 59;;;TRUE;1;laranja;xarope de casca de laranja amarga
80;Laranja-amarga;REG:105070017;Citrus aurantium;citrus aurantium l.;46;Citrus_aurantium__citrus_aurantium_l.xlsx;SINOLINA;;;REGISTRADO;105070017;25992.005369/19-35;LABORATORIO KRAEMER LTDA - 92.695.816/0001-03;Inativo;10/2004;citrus aurantium;incluido_alias_completo;Inativo;105070017;25992 005369 19 35;sinolina;laboratorio kraemer ltda 92 695 816 0001 03;;;TRUE;1;Citrus aurantium;citrus aurantium l.
80;Laranja-amarga;REG:105070020;Citrus aurantium;citrus aurantium l.;46;Citrus_aurantium__citrus_aurantium_l.xlsx;URGAMOL;;;REGISTRADO;105070020;25992.001132/38;LABORATORIO KRAEMER LTDA - 92.695.816/0001-03;Inativo;10/2009;citrus aurantium;incluido_alias_completo;Inativo;105070020;25992 001132 38;urgamol;laboratorio kraemer ltda 92 695 816 0001 03;;;TRUE;1;Citrus aurantium;citrus aurantium l.
80;Laranja-amarga;REG:105070030;Citrus aurantium;tintura de citrus aurantium l;45;Citrus_aurantium__TINTURA_DE_CITRUS_AURANTIUM_L.xlsx;BUKRU KRAEMER;;;REGISTRADO;105070030;25991.005858/80;LABORATORIO KRAEMER LTDA - 92.695.816/0001-03;Inativo;01/2022;citrus aurantium;incluido_alias_completo;Inativo;105070030;25991 005858 80;bukru kraemer;laboratorio kraemer ltda 92 695 816 0001 03;;;TRUE;1;Citrus aurantium;tintura de citrus aurantium l
80;Laranja-amarga;REG:105290017;Citrus aurantium;citrus aurantium l.;46;Citrus_aurantium__citrus_aurantium_l.xlsx;CALMI;;;REGISTRADO;105290017;25000.010346/90-86;EASELABS LABORATORIO FARMACEUTICO LTDA. - 17.299.140/0001-05;Inativo;09/2005;citrus aurantium;incluido_alias_completo;Inativo;105290017;25000 010346 90 86;calmi;easelabs laboratorio farmaceutico ltda 17 299 140 0001 05;;;TRUE;1;Citrus aurantium;citrus aurantium l.
80;Laranja-amarga;REG:105830361;laranja;extrato fluido de casca de laranja amarga;330;laranja__EXTRATO_FLUIDO_DE_CASCA_DE_LARANJA_AMARGA.xlsx;A SAÚDE DA MULHER;;;REGISTRADO;105830361;25351.213644/2002-87;GERMED FARMACEUTICA LTDA - 45.992.062/0001-65;Inativo;07/2014;laranja amarga;incluido_alias_completo;Inativo;105830361;25351 213644 2002 87;a saude da mulher;germed farmaceutica ltda 45 992 062 0001 65;;2002;TRUE;1;laranja;extrato fluido de casca de laranja amarga
80;Laranja-amarga;REG:106890144;Citrus aurantium;citrus aurantium l.;46;Citrus_aurantium__citrus_aurantium_l.xlsx;HEPATILON;;;REGISTRADO;106890144;25351.081149/2004-64;KLEY HERTZ FARMACEUTICA S.A - 92.695.691/0001-03;Inativo;01/2006;citrus aurantium;incluido_alias_completo;Inativo;106890144;25351 081149 2004 64;hepatilon;kley hertz farmaceutica s a 92 695 691 0001 03;;2004;TRUE;1;Citrus aurantium;citrus aurantium l.
80;Laranja-amarga;REG:116800034;Citrus aurantium;citrus aurantium l.;46;Citrus_aurantium__citrus_aurantium_l.xlsx;HEPATILON;;;REGISTRADO;116800034;25000.011518/89;LABORATÓRIOS GALENOGAL LTDA - 90.455.262/0001-33;Inativo;01/2007;citrus aurantium;incluido_alias_completo;Inativo;116800034;25000 011518 89;hepatilon;laboratorios galenogal ltda 90 455 262 0001 33;;;TRUE;1;Citrus aurantium;citrus aurantium l.
80;Laranja-amarga;REG:125;Citrus aurantium;citrus aurantium l.;46;Citrus_aurantium__citrus_aurantium_l.xlsx;PERFEITO DIGESTIVO;;;REGISTRADO;125;25001.012924/84;LAB REGIUS LTDA - 92.691.187/0001-35;Inativo;07/2004;citrus aurantium;incluido_alias_completo;Inativo;125;25001 012924 84;perfeito digestivo;lab regius ltda 92 691 187 0001 35;;;TRUE;1;Citrus aurantium;citrus aurantium l.
81;Lavanda / Alfazema;REG:102640053;alfazema;essência de alfazema;192;alfazema__ESSÊNCIA_DE_ALFAZEMA.xlsx;VITA BRONC;;;REGISTRADO;102640053;25992.007740/61;MILLER INDUSTRIAL FTCA LTDA - 33.191.735/0001-07;Inativo;04/2011;alfazema;incluido_alias_completo;Inativo;102640053;25992 007740 61;vita bronc;miller industrial ftca ltda 33 191 735 0001 07;;;TRUE;1;alfazema;essência de alfazema
81;Lavanda / Alfazema;REG:104450060;alfazema;essência de alfazema;192;alfazema__ESSÊNCIA_DE_ALFAZEMA.xlsx;TEREBENTINA + ASSOCIAÇÕES;GELOBOLL;;REGISTRADO;104450060;25001.025571/84;LABORATORIO SINTERAPICO INDUSTRIAL FTCO LTDA - 46.741.922/0001-50;Inativo;05/2005;alfazema;incluido_alias_completo;Inativo;104450060;25001 025571 84;terebentina associacoes;laboratorio sinterapico industrial ftco ltda 46 741 922 0001 50;;;TRUE;1;alfazema;essência de alfazema
81;Lavanda / Alfazema;REG:104670025;Lavandula officinalis;lavandula officinalis chaix;87;Lavandula_officinalis__LAVANDULA_OFFICINALIS_CHAIX.xlsx;CALMANTE FARMAERVAS;;;REGISTRADO;104670025;25004.000470/90;LABORATORIO FARMAERVAS LTDA - 60.565.520/0001-73;Inativo;02/2007;lavandula officinalis;incluido_alias_completo;Inativo;104670025;25004 000470 90;calmante farmaervas;laboratorio farmaervas ltda 60 565 520 0001 73;;;TRUE;1;Lavandula officinalis;lavandula officinalis chaix
81;Lavanda / Alfazema;REG:105110002;alfazema;essência de alfazema;192;alfazema__ESSÊNCIA_DE_ALFAZEMA.xlsx;Essência Minerva;;;REGISTRADO;105110002;25001.018729/85;LABORATORIOS REUNIDOS PARANA LTDA - 76.487.198/0001-41;Inativo;08/1984;alfazema;incluido_alias_completo;Inativo;105110002;25001 018729 85;essencia minerva;laboratorios reunidos parana ltda 76 487 198 0001 41;;;TRUE;1;alfazema;essência de alfazema
81;Lavanda / Alfazema;REG:110330001;alfazema;essência de alfazema;192;alfazema__ESSÊNCIA_DE_ALFAZEMA.xlsx;GELOGOOL;GELOGOLL;;REGISTRADO;110330001;25000.011666/92-24;SOCIEDADE FARMACÊUTICA HENFER LTDA - 42.493.502/0001-41;Inativo;03/2008;alfazema;incluido_alias_completo;Inativo;110330001;25000 011666 92 24;gelogool;sociedade farmaceutica henfer ltda 42 493 502 0001 41;;;TRUE;1;alfazema;essência de alfazema
81;Lavanda / Alfazema;REG:113000246;alfazema;tintura de alfazema;193;alfazema__tintura_de_alfazema.xlsx;YATROPAN;;;REGISTRADO;113000246;25992.007871/45;SANOFI-AVENTIS FARMACÊUTICA LTDA - 02.685.377/0001-57;Inativo;08/2009;alfazema;incluido_alias_completo;Inativo;113000246;25992 007871 45;yatropan;sanofi aventis farmaceutica ltda 02 685 377 0001 57;;;TRUE;1;alfazema;tintura de alfazema
81;Lavanda / Alfazema;REG:120600008;alfazema;essência de alfazema;192;alfazema__ESSÊNCIA_DE_ALFAZEMA.xlsx;GELAPON;;;REGISTRADO;120600008;25000.003529/97-11;LAPON INDUSTRIA FARMACEUTICA LTDA - EPP - 35.356.799/0001-38;Inativo;07/2005;alfazema;incluido_alias_completo;Inativo;120600008;25000 003529 97 11;gelapon;lapon industria farmaceutica ltda epp 35 356 799 0001 38;;;TRUE;1;alfazema;essência de alfazema
83;Malva;REG:100770032;Malva sylvestris;malva sylvestris l.;91;Malva_sylvestris__malva_sylvestris_l.xlsx;ERVA DE SANTA LUZIA COMPOSTO CIBECOL;SOLUÇÃO OCULAR DE ERVA SANTA LUZIA CIBECOL;;REGISTRADO;100770032;25992.019438/71;CIBECOL INDUSTRIAL FARMACÊUTICA LTDA - 92.943.992/0001-09;Inativo;01/2005;malva sylvestris;incluido_alias_completo;Inativo;100770032;25992 019438 71;erva de santa luzia composto cibecol;cibecol industrial farmaceutica ltda 92 943 992 0001 09;;;TRUE;2;malva | Malva sylvestris;malva sylvestris l.
83;Malva;REG:101430024;malva;extrato da folha de malva moschata;354;malva__EXTRATO_DA_FOLHA_DE_MALVA_MOSCHATA.xlsx;MALVATRICIN;;MENTOL, MENTOL CRISTAL, TIROTRICINA, QUINOSOL, BENZOCAÍNA, CLORIDRATO DE LIDOCAINA, EXTRATO DA FOLHA DE MALVA MOSCHATA, EXTRATO DE MALVA SYLVESTRIS (MALVA), FLUORETO DE SÓDIO, ACIDO LáCTICO, SACARINA SÓDICA, ALCOOL ETÍLICO;REGISTRADO;101430024;25992.008964/49;MEGALABS FARMACEUTICA S.A. - 33.026.055/0001-20;Ativo;10/2029;malva;incluido_alias_completo;Ativo;101430024;25992 008964 49;malvatricin;megalabs farmaceutica s a 33 026 055 0001 20;mentol mentol cristal tirotricina quinosol benzocaina cloridrato de lidocaina extrato da folha de malva moschata extrato de malva sylvestris malva fluoreto de sodio acido lactico sacarina sodica alcool etilico;;TRUE;3;malva | Malva sylvestris;extrato da folha de malva moschata | extrato de malva sylvestris (malva)
83;Malva;REG:103970020;malva;malva purpurea;355;malva__MALVA_PURPUREA.xlsx;MICTASOL;;;REGISTRADO;103970020;25991.007156/77;PRODUTOS FARMACÊUTICOS MILLET ROUX - 33.388.182/0001-79;Inativo;08/2008;malva;incluido_alias_completo;Inativo;103970020;25991 007156 77;mictasol;produtos farmaceuticos millet roux 33 388 182 0001 79;;;TRUE;1;malva;malva purpurea
83;Malva;REG:121390024;Malva sylvestris;malva sylvestris l.;91;Malva_sylvestris__malva_sylvestris_l.xlsx;MALVIN;;;REGISTRADO;121390024;25351.038586/2003-87;LABORATORIO YANTEN LTDA - 84.830.074/0001-45;Inativo;07/2009;malva sylvestris;incluido_alias_completo;Inativo;121390024;25351 038586 2003 87;malvin;laboratorio yanten ltda 84 830 074 0001 45;;2003;TRUE;2;malva | Malva sylvestris;malva sylvestris l.
84;Maracujá / Maracuja-amarelo / Maracuja-doce / Maracujá-azedo;REG:100000011;Passiflora alata;passiflora alata curtis;117;Passiflora_alata__PASSIFLORA_ALATA_CURTIS.xlsx;DYRAJAIA;;;REGISTRADO;100000011;25001.004742/83;FLORA MEDICINAL J. MONTEIRO DA SILVA LTDA - 02.007.074/0001-85;Inativo;06/2003;passiflora alata;incluido_alias_completo;Inativo;100000011;25001 004742 83;dyrajaia;flora medicinal j monteiro da silva ltda 02 007 074 0001 85;;;TRUE;1;Passiflora alata;passiflora alata curtis
84;Maracujá / Maracuja-amarelo / Maracuja-doce / Maracujá-azedo;REG:100610069;Passiflora alata;passiflora alata curtis;117;Passiflora_alata__PASSIFLORA_ALATA_CURTIS.xlsx;ANSIODORON;;;REGISTRADO;100610069;25351.004363/01-29;WELEDA DO BRASIL LABORATÓRIO E FARMÁCIA LTDA - 56.992.217/0001-80;Inativo;06/2007;passiflora alata;incluido_alias_completo;Inativo;100610069;25351 004363 01 29;ansiodoron;weleda do brasil laboratorio e farmacia ltda 56 992 217 0001 80;;;TRUE;1;Passiflora alata;passiflora alata curtis
84;Maracujá / Maracuja-amarelo / Maracuja-doce / Maracujá-azedo;REG:100610092;Passiflora alata;passiflora alata;116;Passiflora_alata__PASSIFLORA_ALATA.xlsx;ANSIODORON;;AVENA SATIVA, PASSIFLORA ALATA, VALERIANA OFFICINALIS;REGISTRADO;100610092;25351.585243/2008-11;WELEDA DO BRASIL LABORATÓRIO E FARMÁCIA LTDA - 56.992.217/0001-80;Ativo;06/2035;passiflora alata;incluido_alias_completo;Ativo;100610092;25351 585243 2008 11;ansiodoron;weleda do brasil laboratorio e farmacia ltda 56 992 217 0001 80;avena sativa passiflora alata valeriana officinalis;2008;TRUE;1;Passiflora alata;passiflora alata
84;Maracujá / Maracuja-amarelo / Maracuja-doce / Maracujá-azedo;REG:100610095;Passiflora alata;passiflora alata;116;Passiflora_alata__PASSIFLORA_ALATA.xlsx;ANSIODORON;;AVENA SATIVA, PASSIFLORA ALATA, VALERIANA OFFICINALIS;REGISTRADO;100610095;25351.798878/2022-35;WELEDA DO BRASIL LABORATÓRIO E FARMÁCIA LTDA - 56.992.217/0001-80;Ativo;08/2033;passiflora alata;incluido_alias_completo;Ativo;100610095;25351 798878 2022 35;ansiodoron;weleda do brasil laboratorio e farmacia ltda 56 992 217 0001 80;avena sativa passiflora alata valeriana officinalis;2022;TRUE;1;Passiflora alata;passiflora alata
84;Maracujá / Maracuja-amarelo / Maracuja-doce / Maracujá-azedo;REG:100660043;Passiflora incarnata;passiflora incarnata;119;Passiflora_incarnata__PASSIFLORA_INCARNATA.xlsx;PHYTOCALM;;;REGISTRADO;100660043;25992.026222/75;LABORATORIO CATARINENSE LTDA - 84.684.620/0001-87;Inativo;09/2006;passiflora incarnata;incluido_alias_completo;Inativo;100660043;25992 026222 75;phytocalm;laboratorio catarinense ltda 84 684 620 0001 87;;;TRUE;1;Passiflora incarnata;passiflora incarnata
84;Maracujá / Maracuja-amarelo / Maracuja-doce / Maracujá-azedo;REG:100663396;Passiflora incarnata;passiflora incarnata l.;120;Passiflora_incarnata__passiflora_incarnata_l.xlsx;PASSIFLORA CATARINENSE;;passiflora incarnata l.;REGISTRADO;100663396;25351.725958/2017-12;LABORATORIO CATARINENSE LTDA - 84.684.620/0001-87;Ativo;11/2029;passiflora incarnata;incluido_alias_completo;Ativo;100663396;25351 725958 2017 12;passiflora catarinense;laboratorio catarinense ltda 84 684 620 0001 87;passiflora incarnata l;2017;TRUE;1;Passiflora incarnata;passiflora incarnata l.
84;Maracujá / Maracuja-amarelo / Maracuja-doce / Maracujá-azedo;REG:100663397;Passiflora incarnata;passiflora incarnata l.;120;Passiflora_incarnata__passiflora_incarnata_l.xlsx;FITOCALM;;passiflora incarnata l.;REGISTRADO;100663397;25351.726002/2017-20;LABORATORIO CATARINENSE LTDA - 84.684.620/0001-87;Ativo;11/2029;passiflora incarnata;incluido_alias_completo;Ativo;100663397;25351 726002 2017 20;fitocalm;laboratorio catarinense ltda 84 684 620 0001 87;passiflora incarnata l;2017;TRUE;1;Passiflora incarnata;passiflora incarnata l.
84;Maracujá / Maracuja-amarelo / Maracuja-doce / Maracujá-azedo;REG:100770011;Passiflora alata;passiflora alata curtis;117;Passiflora_alata__PASSIFLORA_ALATA_CURTIS.xlsx;ERVA SILVINA COMPOSTA;;;REGISTRADO;100770011;25992.013456/71;CIBECOL INDUSTRIAL FARMACÊUTICA LTDA - 92.943.992/0001-09;Inativo;09/2006;passiflora alata;incluido_alias_completo;Inativo;100770011;25992 013456 71;erva silvina composta;cibecol industrial farmaceutica ltda 92 943 992 0001 09;;;TRUE;1;Passiflora alata;passiflora alata curtis
84;Maracujá / Maracuja-amarelo / Maracuja-doce / Maracujá-azedo;REG:100770043;Passiflora incarnata;passiflora incarnata;119;Passiflora_incarnata__PASSIFLORA_INCARNATA.xlsx;SALSAPARILHA COMPOSTO;;;REGISTRADO;100770043;25992.015116/70;CIBECOL INDUSTRIAL FARMACÊUTICA LTDA - 92.943.992/0001-09;Inativo;03/2006;passiflora incarnata;incluido_alias_completo;Inativo;100770043;25992 015116 70;salsaparilha composto;cibecol industrial farmaceutica ltda 92 943 992 0001 09;;;TRUE;1;Passiflora incarnata;passiflora incarnata
84;Maracujá / Maracuja-amarelo / Maracuja-doce / Maracujá-azedo;REG:100810001;Passiflora alata;passiflora alata curtis;117;Passiflora_alata__PASSIFLORA_ALATA_CURTIS.xlsx;Elixir de Cereus Composto;ELIXIR CEREUS COMPOSTO;;REGISTRADO;100810001;25992.004061/70;LABORATORIO KRAEMER LTDA - 92.695.816/0001-03;Inativo;03/2005;passiflora alata;incluido_alias_completo;Inativo;100810001;25992 004061 70;elixir de cereus composto;laboratorio kraemer ltda 92 695 816 0001 03;;;TRUE;1;Passiflora alata;passiflora alata curtis
84;Maracujá / Maracuja-amarelo / Maracuja-doce / Maracujá-azedo;REG:101550098;Passiflora incarnata;passiflora incarnata l.;120;Passiflora_incarnata__passiflora_incarnata_l.xlsx;PASALIX;;passiflora incarnata l., salix alba l., crataegus rhipidophylla gand.;REGISTRADO;101550098;25001.007471/87;MARJAN INDÚSTRIA E COMÉRCIO LTDA - 60.726.692/0001-81;Ativo;05/2030;passiflora incarnata;incluido_alias_completo;Ativo;101550098;25001 007471 87;pasalix;marjan industria e comercio ltda 60 726 692 0001 81;passiflora incarnata l salix alba l crataegus rhipidophylla gand;;TRUE;1;Passiflora incarnata;passiflora incarnata l.
84;Maracujá / Maracuja-amarelo / Maracuja-doce / Maracujá-azedo;REG:101550246;Passiflora incarnata;passiflora incarnata l.;120;Passiflora_incarnata__passiflora_incarnata_l.xlsx;PASALIX PI;;passiflora incarnata l.;REGISTRADO;101550246;25351.691189/2012-42;MARJAN INDÚSTRIA E COMÉRCIO LTDA - 60.726.692/0001-81;Ativo;03/2029;passiflora incarnata;incluido_alias_completo;Ativo;101550246;25351 691189 2012 42;pasalix pi;marjan industria e comercio ltda 60 726 692 0001 81;passiflora incarnata l;2012;TRUE;1;Passiflora incarnata;passiflora incarnata l.
84;Maracujá / Maracuja-amarelo / Maracuja-doce / Maracujá-azedo;REG:102030019;Passiflora incarnata;passiflora incarnata;119;Passiflora_incarnata__PASSIFLORA_INCARNATA.xlsx;PASSIFLORA COMPOSTA;;;REGISTRADO;102030019;25001.009953/82;INFABRA INDUSTRIA FARMACEUTICA BRASILEIRA LTDA - 42.341.149/0001-84;Inativo;09/2003;passiflora incarnata;incluido_alias_completo;Inativo;102030019;25001 009953 82;passiflora composta;infabra industria farmaceutica brasileira ltda 42 341 149 0001 84;;;TRUE;2;Passiflora alata | Passiflora incarnata;passiflora alata curtis | passiflora incarnata
84;Maracujá / Maracuja-amarelo / Maracuja-doce / Maracujá-azedo;REG:102350298;Passiflora incarnata;passiflora incarnata;119;Passiflora_incarnata__PASSIFLORA_INCARNATA.xlsx;SOMINEX;;;REGISTRADO;102350298;25001.009175/85;EMS S/A - 57.507.378/0003-65;Inativo;02/2006;passiflora incarnata;incluido_alias_completo;Inativo;102350298;25001 009175 85;sominex;ems s a 57 507 378 0003 65;;;TRUE;1;Passiflora incarnata;passiflora incarnata
84;Maracujá / Maracuja-amarelo / Maracuja-doce / Maracujá-azedo;REG:102351035;Passiflora incarnata;passiflora incarnata;119;Passiflora_incarnata__PASSIFLORA_INCARNATA.xlsx;SOMINEX COMPOSTO;;;REGISTRADO;102351035;25351.689510/2009-17;EMS S/A - 57.507.378/0003-65;Inativo;06/2016;passiflora incarnata;incluido_alias_completo;Inativo;102351035;25351 689510 2009 17;sominex composto;ems s a 57 507 378 0003 65;;2009;TRUE;2;Passiflora incarnata;passiflora incarnata | passiflora incarnata l.
84;Maracujá / Maracuja-amarelo / Maracuja-doce / Maracujá-azedo;REG:102351059;Passiflora alata;extrato fluido de passiflora alata;115;Passiflora_alata__EXTRATO_FLUIDO_DE_PASSIFLORA_ALATA.xlsx;A SAÚDE DA MULHER;;TINTURA AGONIADA PLUMÉRIA, SALICILATO DE SÓDIO, EXTRATO FLUIDO DE PASSIFLORA ALATA, EXTRATO FLUIDO DE CASCA DE LARANJA AMARGA;REGISTRADO;102351059;25351.668917/2010-32;EMS S/A - 57.507.378/0003-65;Ativo;07/2029;passiflora alata;incluido_alias_completo;Ativo;102351059;25351 668917 2010 32;a saude da mulher;ems s a 57 507 378 0003 65;tintura agoniada plumeria salicilato de sodio extrato fluido de passiflora alata extrato fluido de casca de laranja amarga;2010;TRUE;1;Passiflora alata;extrato fluido de passiflora alata
84;Maracujá / Maracuja-amarelo / Maracuja-doce / Maracujá-azedo;REG:102351334;Passiflora incarnata;passiflora incarnata l.;120;Passiflora_incarnata__passiflora_incarnata_l.xlsx;SOMINEX PI;;passiflora incarnata l.;REGISTRADO;102351334;25351.681765/2017-34;EMS S/A - 57.507.378/0003-65;Ativo;02/2030;passiflora incarnata;incluido_alias_completo;Ativo;102351334;25351 681765 2017 34;sominex pi;ems s a 57 507 378 0003 65;passiflora incarnata l;2017;TRUE;1;Passiflora incarnata;passiflora incarnata l.
84;Maracujá / Maracuja-amarelo / Maracuja-doce / Maracujá-azedo;REG:102351343;Passiflora incarnata;passiflora incarnata l.;120;Passiflora_incarnata__passiflora_incarnata_l.xlsx;SOMINEX COMPOSTO;;valeriana officinalis l., crataegus rhipidophylla gand., passiflora incarnata l.;REGISTRADO;102351343;25351.367681/2018-71;EMS S/A - 57.507.378/0003-65;Ativo;04/2030;passiflora incarnata;incluido_alias_completo;Ativo;102351343;25351 367681 2018 71;sominex composto;ems s a 57 507 378 0003 65;valeriana officinalis l crataegus rhipidophylla gand passiflora incarnata l;2018;TRUE;1;Passiflora incarnata;passiflora incarnata l.
84;Maracujá / Maracuja-amarelo / Maracuja-doce / Maracujá-azedo;REG:102351439;Passiflora incarnata;passiflora incarnata l.;120;Passiflora_incarnata__passiflora_incarnata_l.xlsx;SOMINEX PI;;passiflora incarnata l.;REGISTRADO;102351439;25351.333370/2022-95;EMS S/A - 57.507.378/0003-65;Ativo;02/2034;passiflora incarnata;incluido_alias_completo;Ativo;102351439;25351 333370 2022 95;sominex pi;ems s a 57 507 378 0003 65;passiflora incarnata l;2022;TRUE;1;Passiflora incarnata;passiflora incarnata l.
84;Maracujá / Maracuja-amarelo / Maracuja-doce / Maracujá-azedo;REG:102470053;Passiflora incarnata;passiflora incarnata;119;Passiflora_incarnata__PASSIFLORA_INCARNATA.xlsx;CARDIOPAX GOTAS;;;REGISTRADO;102470053;25001.021329/84;HOMEOPATIA WALDEMIRO PEREIRA LABORATORIO INDUSTRIAL FARMACEUTICO LTDA - 76.440.528/0001-43;Inativo;01/2020;passiflora incarnata;incluido_alias_completo;Inativo;102470053;25001 021329 84;cardiopax gotas;homeopatia waldemiro pereira laboratorio industrial farmaceutico ltda 76 440 528 0001 43;;;TRUE;1;Passiflora incarnata;passiflora incarnata
84;Maracujá / Maracuja-amarelo / Maracuja-doce / Maracujá-azedo;REG:102730038;Passiflora alata;passiflora alata curtis;117;Passiflora_alata__PASSIFLORA_ALATA_CURTIS.xlsx;MULUNGU BROMETADO;;;REGISTRADO;102730038;25992.001078/18;DINIZ & BRANDÃO LTDA INDÚSTRIA E COMÉRCIO - 10.419.935/0001-60;Inativo;10/2004;passiflora alata;incluido_alias_completo;Inativo;102730038;25992 001078 18;mulungu brometado;diniz brandao ltda industria e comercio 10 419 935 0001 60;;;TRUE;1;Passiflora alata;passiflora alata curtis
84;Maracujá / Maracuja-amarelo / Maracuja-doce / Maracujá-azedo;REG:102850016;Passiflora alata;passiflora alata curtis;117;Passiflora_alata__PASSIFLORA_ALATA_CURTIS.xlsx;PASSICALM;;;REGISTRADO;102850016;25992.010010/19-40;LABORATORIOS GEMBALLA LTDA - 85.776.524/0001-21;Inativo;09/2003;passiflora alata;incluido_alias_completo;Inativo;102850016;25992 010010 19 40;passicalm;laboratorios gemballa ltda 85 776 524 0001 21;;;TRUE;1;Passiflora alata;passiflora alata curtis
84;Maracujá / Maracuja-amarelo / Maracuja-doce / Maracujá-azedo;REG:102980331;Passiflora incarnata;passiflora incarnata;119;Passiflora_incarnata__PASSIFLORA_INCARNATA.xlsx;PASIC;;;REGISTRADO;102980331;25351.020698/2003-81;CRISTÁLIA PRODUTOS QUÍMICOS FARMACÊUTICOS LTDA. - 44.734.671/0001-51;Inativo;09/2008;passiflora incarnata;incluido_alias_completo;Inativo;102980331;25351 020698 2003 81;pasic;cristalia produtos quimicos farmaceuticos ltda 44 734 671 0001 51;;2003;TRUE;1;Passiflora incarnata;passiflora incarnata
84;Maracujá / Maracuja-amarelo / Maracuja-doce / Maracujá-azedo;REG:103920199;Passiflora incarnata;passiflora incarnata l.;120;Passiflora_incarnata__passiflora_incarnata_l.xlsx;REPAROSONO;;passiflora incarnata l.;REGISTRADO;103920199;25351.592656/2019-13;VITAMEDIC INDUSTRIA FARMACEUTICA LTDA - 30.222.814/0001-31;Ativo;06/2030;passiflora incarnata;incluido_alias_completo;Ativo;103920199;25351 592656 2019 13;reparosono;vitamedic industria farmaceutica ltda 30 222 814 0001 31;passiflora incarnata l;2019;TRUE;1;Passiflora incarnata;passiflora incarnata l.
84;Maracujá / Maracuja-amarelo / Maracuja-doce / Maracujá-azedo;REG:103970024;Passiflora incarnata;passiflora incarnata;119;Passiflora_incarnata__PASSIFLORA_INCARNATA.xlsx;PASSIFLORINE;;;REGISTRADO;103970024;25991.001085/80;PRODUTOS FARMACÊUTICOS MILLET ROUX - 33.388.182/0001-79;Inativo;06/2006;passiflora incarnata;incluido_alias_completo;Inativo;103970024;25991 001085 80;passiflorine;produtos farmaceuticos millet roux 33 388 182 0001 79;;;TRUE;1;Passiflora incarnata;passiflora incarnata
84;Maracujá / Maracuja-amarelo / Maracuja-doce / Maracujá-azedo;REG:104040041;Passiflora alata;passiflora alata curtis;117;Passiflora_alata__PASSIFLORA_ALATA_CURTIS.xlsx;PASSIFLORA COMPOSTA;PASSILEX;;REGISTRADO;104040041;25992.016414/70;LUPER INDÚSTRIA FARMACÊUTICA LTDA - 61.299.111/0001-35;Inativo;01/2000;passiflora alata;incluido_alias_completo;Inativo;104040041;25992 016414 70;passiflora composta;luper industria farmaceutica ltda 61 299 111 0001 35;;;TRUE;1;Passiflora alata;passiflora alata curtis
84;Maracujá / Maracuja-amarelo / Maracuja-doce / Maracujá-azedo;REG:10440003;Passiflora incarnata;passiflora incarnata;119;Passiflora_incarnata__PASSIFLORA_INCARNATA.xlsx;CALMAPAX;;;REGISTRADO;10440003;25991.008425/81;CELLERA FARMACÊUTICA S.A. - 33.173.097/0002-74;Inativo;09/2008;passiflora incarnata;incluido_alias_completo;Inativo;10440003;25991 008425 81;calmapax;cellera farmaceutica s a 33 173 097 0002 74;;;TRUE;1;Passiflora incarnata;passiflora incarnata
84;Maracujá / Maracuja-amarelo / Maracuja-doce / Maracujá-azedo;REG:104670011;Passiflora alata;passiflora alata curtis;117;Passiflora_alata__PASSIFLORA_ALATA_CURTIS.xlsx;ELIXIR DE MARACUJÁ COMPOSTO FARMAERVAS;;;REGISTRADO;104670011;25000.002375/74;LABORATORIO FARMAERVAS LTDA - 60.565.520/0001-73;Inativo;05/2004;passiflora alata;incluido_alias_completo;Inativo;104670011;25000 002375 74;elixir de maracuja composto farmaervas;laboratorio farmaervas ltda 60 565 520 0001 73;;;TRUE;1;Passiflora alata;passiflora alata curtis
84;Maracujá / Maracuja-amarelo / Maracuja-doce / Maracujá-azedo;REG:104670025;Passiflora alata;passiflora alata curtis;117;Passiflora_alata__PASSIFLORA_ALATA_CURTIS.xlsx;CALMANTE FARMAERVAS;;;REGISTRADO;104670025;25004.000470/90;LABORATORIO FARMAERVAS LTDA - 60.565.520/0001-73;Inativo;02/2007;passiflora alata;incluido_alias_completo;Inativo;104670025;25004 000470 90;calmante farmaervas;laboratorio farmaervas ltda 60 565 520 0001 73;;;TRUE;1;Passiflora alata;passiflora alata curtis
84;Maracujá / Maracuja-amarelo / Maracuja-doce / Maracujá-azedo;REG:104730035;Passiflora incarnata;passiflora incarnata l.;120;Passiflora_incarnata__passiflora_incarnata_l.xlsx;PASSIFLORA KLEIN;;passiflora incarnata l.;REGISTRADO;104730035;25351.650459/2007-84;VIDORA FARMACÊUTICA LTDA - 92.762.277/0001-70;Ativo;06/2028;passiflora incarnata;incluido_alias_completo;Ativo;104730035;25351 650459 2007 84;passiflora klein;vidora farmaceutica ltda 92 762 277 0001 70;passiflora incarnata l;2007;TRUE;1;Passiflora incarnata;passiflora incarnata l.
84;Maracujá / Maracuja-amarelo / Maracuja-doce / Maracujá-azedo;REG:104730043;Passiflora incarnata;passiflora incarnata l.;120;Passiflora_incarnata__passiflora_incarnata_l.xlsx;CALMALEVHY;;passiflora incarnata l.;REGISTRADO;104730043;25351.734937/2019-41;VIDORA FARMACÊUTICA LTDA - 92.762.277/0001-70;Ativo;10/2030;passiflora incarnata;incluido_alias_completo;Ativo;104730043;25351 734937 2019 41;calmalevhy;vidora farmaceutica ltda 92 762 277 0001 70;passiflora incarnata l;2019;TRUE;1;Passiflora incarnata;passiflora incarnata l.
84;Maracujá / Maracuja-amarelo / Maracuja-doce / Maracujá-azedo;REG:104730046;Passiflora incarnata;passiflora incarnata l.;120;Passiflora_incarnata__passiflora_incarnata_l.xlsx;PASSIFLORA VIDORA;;passiflora incarnata l.;REGISTRADO;104730046;25351.140080/2025-42;VIDORA FARMACÊUTICA LTDA - 92.762.277/0001-70;Ativo;12/2035;passiflora incarnata;incluido_alias_completo;Ativo;104730046;25351 140080 2025 42;passiflora vidora;vidora farmaceutica ltda 92 762 277 0001 70;passiflora incarnata l;2025;TRUE;1;Passiflora incarnata;passiflora incarnata l.
84;Maracujá / Maracuja-amarelo / Maracuja-doce / Maracujá-azedo;REG:104760010;Passiflora alata;passiflora alata curtis;117;Passiflora_alata__PASSIFLORA_ALATA_CURTIS.xlsx;CARDIOSETYL;;;REGISTRADO;104760010;25991.001927/77;LABORATORIO QUIMICO FARMACEUTICO BARROS LTDA - 21.573.449/0001-19;Inativo;04/2004;passiflora alata;incluido_alias_completo;Inativo;104760010;25991 001927 77;cardiosetyl;laboratorio quimico farmaceutico barros ltda 21 573 449 0001 19;;;TRUE;1;Passiflora alata;passiflora alata curtis
84;Maracujá / Maracuja-amarelo / Maracuja-doce / Maracujá-azedo;REG:104760053;Passiflora incarnata;passiflora incarnata;119;Passiflora_incarnata__PASSIFLORA_INCARNATA.xlsx;CARDIOSETYL M;;;REGISTRADO;104760053;25351.614427/2008-04;LABORATORIO QUIMICO FARMACEUTICO BARROS LTDA - 21.573.449/0001-19;Inativo;05/2014;passiflora incarnata;incluido_alias_completo;Inativo;104760053;25351 614427 2008 04;cardiosetyl m;laboratorio quimico farmaceutico barros ltda 21 573 449 0001 19;;2008;TRUE;1;Passiflora incarnata;passiflora incarnata
84;Maracujá / Maracuja-amarelo / Maracuja-doce / Maracujá-azedo;REG:105290017;Passiflora alata;passiflora alata curtis;117;Passiflora_alata__PASSIFLORA_ALATA_CURTIS.xlsx;CALMI;;;REGISTRADO;105290017;25000.010346/90-86;EASELABS LABORATORIO FARMACEUTICO LTDA. - 17.299.140/0001-05;Inativo;09/2005;passiflora alata;incluido_alias_completo;Inativo;105290017;25000 010346 90 86;calmi;easelabs laboratorio farmaceutico ltda 17 299 140 0001 05;;;TRUE;1;Passiflora alata;passiflora alata curtis
84;Maracujá / Maracuja-amarelo / Maracuja-doce / Maracujá-azedo;REG:105350223;Passiflora incarnata;passiflora incarnata l.;120;Passiflora_incarnata__passiflora_incarnata_l.xlsx;TRANQUIL;;passiflora incarnata l.;REGISTRADO;105350223;25351.035129/2021-12;LABORATÓRIO GLOBO SA - 17.115.437/0001-73;Ativo;09/2031;passiflora incarnata;incluido_alias_completo;Ativo;105350223;25351 035129 2021 12;tranquil;laboratorio globo sa 17 115 437 0001 73;passiflora incarnata l;2021;TRUE;1;Passiflora incarnata;passiflora incarnata l.
84;Maracujá / Maracuja-amarelo / Maracuja-doce / Maracujá-azedo;REG:105350233;Passiflora incarnata;passiflora incarnata l.;120;Passiflora_incarnata__passiflora_incarnata_l.xlsx;TRANQUIL;;passiflora incarnata l.;REGISTRADO;105350233;25351.880651/2021-51;LABORATÓRIO GLOBO SA - 17.115.437/0001-73;Ativo;07/2033;passiflora incarnata;incluido_alias_completo;Ativo;105350233;25351 880651 2021 51;tranquil;laboratorio globo sa 17 115 437 0001 73;passiflora incarnata l;2021;TRUE;1;Passiflora incarnata;passiflora incarnata l.
84;Maracujá / Maracuja-amarelo / Maracuja-doce / Maracujá-azedo;REG:105730164;Passiflora incarnata;passiflora incarnata l.;120;Passiflora_incarnata__passiflora_incarnata_l.xlsx;SINTOCALMY;;passiflora incarnata l.;REGISTRADO;105730164;25351.007419/2025-08;ACHÉ LABORATÓRIOS FARMACÊUTICOS S.A - 60.659.463/0029-92;Ativo;11/2035;passiflora incarnata;incluido_alias_completo;Ativo;105730164;25351 007419 2025 08;sintocalmy;ache laboratorios farmaceuticos s a 60 659 463 0029 92;passiflora incarnata l;2025;TRUE;1;Passiflora incarnata;passiflora incarnata l.
84;Maracujá / Maracuja-amarelo / Maracuja-doce / Maracujá-azedo;REG:105730190;Passiflora incarnata;passiflora incarnata l.;120;Passiflora_incarnata__passiflora_incarnata_l.xlsx;PASSIFY;;passiflora incarnata l.;REGISTRADO;105730190;25351.041880/2025-81;ACHÉ LABORATÓRIOS FARMACÊUTICOS S.A - 60.659.463/0029-92;Ativo;04/2036;passiflora incarnata;incluido_alias_completo;Ativo;105730190;25351 041880 2025 81;passify;ache laboratorios farmaceuticos s a 60 659 463 0029 92;passiflora incarnata l;2025;TRUE;1;Passiflora incarnata;passiflora incarnata l.
84;Maracujá / Maracuja-amarelo / Maracuja-doce / Maracujá-azedo;REG:105730368;Passiflora incarnata;passiflora incarnata l.;120;Passiflora_incarnata__passiflora_incarnata_l.xlsx;SINTOCALMY;;passiflora incarnata l.;REGISTRADO;105730368;25351.155028/2006-28;ACHÉ LABORATÓRIOS FARMACÊUTICOS S.A - 60.659.463/0029-92;Ativo;03/2027;passiflora incarnata;incluido_alias_completo;Ativo;105730368;25351 155028 2006 28;sintocalmy;ache laboratorios farmaceuticos s a 60 659 463 0029 92;passiflora incarnata l;2006;TRUE;1;Passiflora incarnata;passiflora incarnata l.
84;Maracujá / Maracuja-amarelo / Maracuja-doce / Maracujá-azedo;REG:105730742;Passiflora incarnata;passiflora incarnata l.;120;Passiflora_incarnata__passiflora_incarnata_l.xlsx;ZEN;;;REGISTRADO;105730742;25351.107549/2020-27;ACHÉ LABORATÓRIOS FARMACÊUTICOS S.A - 60.659.463/0029-92;Inativo;08/2025;passiflora incarnata;incluido_alias_completo;Inativo;105730742;25351 107549 2020 27;zen;ache laboratorios farmaceuticos s a 60 659 463 0029 92;;2020;TRUE;1;Passiflora incarnata;passiflora incarnata l.
84;Maracujá / Maracuja-amarelo / Maracuja-doce / Maracujá-azedo;REG:105760104;Passiflora alata;passiflora alata curtis;117;Passiflora_alata__PASSIFLORA_ALATA_CURTIS.xlsx;FIMATOSAN;;;REGISTRADO;105760104;25991.010027/79;LABORATORIO SIMOES LTDA. - 33.379.884/0001-96;Inativo;12/2009;passiflora alata;incluido_alias_completo;Inativo;105760104;25991 010027 79;fimatosan;laboratorio simoes ltda 33 379 884 0001 96;;;TRUE;1;Passiflora alata;passiflora alata curtis
84;Maracujá / Maracuja-amarelo / Maracuja-doce / Maracujá-azedo;REG:105770174;Passiflora incarnata;passiflora incarnata;119;Passiflora_incarnata__PASSIFLORA_INCARNATA.xlsx;CALMIPLAN;;;REGISTRADO;105770174;25351.005572/01-44;LABORATIL FARMACEUTICA LTDA - 47.100.862/0001-50;Inativo;10/2006;passiflora incarnata;incluido_alias_completo;Inativo;105770174;25351 005572 01 44;calmiplan;laboratil farmaceutica ltda 47 100 862 0001 50;;;TRUE;1;Passiflora incarnata;passiflora incarnata
84;Maracujá / Maracuja-amarelo / Maracuja-doce / Maracujá-azedo;REG:105830124;Passiflora incarnata;passiflora incarnata;119;Passiflora_incarnata__PASSIFLORA_INCARNATA.xlsx;MARACUJA CONCENTRIX;;;REGISTRADO;105830124;25000.001066/88;GERMED FARMACEUTICA LTDA - 45.992.062/0001-65;Inativo;08/2015;passiflora incarnata;incluido_alias_completo;Inativo;105830124;25000 001066 88;maracuja concentrix;germed farmaceutica ltda 45 992 062 0001 65;;;TRUE;1;Passiflora incarnata;passiflora incarnata
84;Maracujá / Maracuja-amarelo / Maracuja-doce / Maracujá-azedo;REG:105830361;Passiflora alata;extrato fluido de passiflora alata;115;Passiflora_alata__EXTRATO_FLUIDO_DE_PASSIFLORA_ALATA.xlsx;A SAÚDE DA MULHER;;;REGISTRADO;105830361;25351.213644/2002-87;GERMED FARMACEUTICA LTDA - 45.992.062/0001-65;Inativo;07/2014;passiflora alata;incluido_alias_completo;Inativo;105830361;25351 213644 2002 87;a saude da mulher;germed farmaceutica ltda 45 992 062 0001 65;;2002;TRUE;1;Passiflora alata;extrato fluido de passiflora alata
84;Maracujá / Maracuja-amarelo / Maracuja-doce / Maracujá-azedo;REG:105890015;Passiflora alata;passiflora alata curtis;117;Passiflora_alata__PASSIFLORA_ALATA_CURTIS.xlsx;PASSIFLORA DA ÍNDIA;;;REGISTRADO;105890015;25001.007127/86;LABORATÓRIO FARMACÊUTICO FLORA DA ÍNDIA LTDA. - 87.104.170/0001-02;Inativo;04/2008;passiflora alata;incluido_alias_completo;Inativo;105890015;25001 007127 86;passiflora da india;laboratorio farmaceutico flora da india ltda 87 104 170 0001 02;;;TRUE;1;Passiflora alata;passiflora alata curtis
84;Maracujá / Maracuja-amarelo / Maracuja-doce / Maracujá-azedo;REG:106240231;Passiflora incarnata;passiflora incarnata;119;Passiflora_incarnata__PASSIFLORA_INCARNATA.xlsx;ACALMIL;;;REGISTRADO;106240231;25351.070459/2003-72;INDÚSTRIA FARMACÊUTICA MILIAN LTDA - 29.333.218/0001-40;Inativo;01/2015;passiflora incarnata;incluido_alias_completo;Inativo;106240231;25351 070459 2003 72;acalmil;industria farmaceutica milian ltda 29 333 218 0001 40;;2003;TRUE;1;Passiflora incarnata;passiflora incarnata
84;Maracujá / Maracuja-amarelo / Maracuja-doce / Maracujá-azedo;REG:106890038;Passiflora alata;passiflora alata curtis;117;Passiflora_alata__PASSIFLORA_ALATA_CURTIS.xlsx;RITMONEURAN;;;REGISTRADO;106890038;25001.005919/78;KLEY HERTZ FARMACEUTICA S.A - 92.695.691/0001-03;Inativo;10/2009;passiflora alata;incluido_alias_completo;Inativo;106890038;25001 005919 78;ritmoneuran;kley hertz farmaceutica s a 92 695 691 0001 03;;;TRUE;1;Passiflora alata;passiflora alata curtis
84;Maracujá / Maracuja-amarelo / Maracuja-doce / Maracujá-azedo;REG:106890163;Passiflora incarnata;passiflora incarnata l.;120;Passiflora_incarnata__passiflora_incarnata_l.xlsx;RITMONEURAN RTM;;passiflora incarnata l.;REGISTRADO;106890163;25351.124647/2009-11;KLEY HERTZ FARMACEUTICA S.A - 92.695.691/0001-03;Ativo;10/2029;passiflora incarnata;incluido_alias_completo;Ativo;106890163;25351 124647 2009 11;ritmoneuran rtm;kley hertz farmaceutica s a 92 695 691 0001 03;passiflora incarnata l;2009;TRUE;1;Passiflora incarnata;passiflora incarnata l.
84;Maracujá / Maracuja-amarelo / Maracuja-doce / Maracujá-azedo;REG:107740033;Passiflora alata;passiflora alata curtis;117;Passiflora_alata__PASSIFLORA_ALATA_CURTIS.xlsx;NERVITON;;;REGISTRADO;107740033;25991.005209/78;LABORATÓRIO CANGERI LTDA - 92.751.965/0001-34;Inativo;08/2009;passiflora alata;incluido_alias_completo;Inativo;107740033;25991 005209 78;nerviton;laboratorio cangeri ltda 92 751 965 0001 34;;;TRUE;1;Passiflora alata;passiflora alata curtis
84;Maracujá / Maracuja-amarelo / Maracuja-doce / Maracujá-azedo;REG:108580241;Passiflora alata;passiflora alata curtis;117;Passiflora_alata__PASSIFLORA_ALATA_CURTIS.xlsx;BRONQUIOGEN;;;REGISTRADO;108580241;25001.206488/82;PRODOTTI LABORATÓRIO FARMACÊUTICO LTDA. - 51.603.488/0001-82;Inativo;04/2008;passiflora alata;incluido_alias_completo;Inativo;108580241;25001 206488 82;bronquiogen;prodotti laboratorio farmaceutico ltda 51 603 488 0001 82;;;TRUE;1;Passiflora alata;passiflora alata curtis
84;Maracujá / Maracuja-amarelo / Maracuja-doce / Maracujá-azedo;REG:109170118;Passiflora incarnata;passiflora incarnata l.;120;Passiflora_incarnata__passiflora_incarnata_l.xlsx;FIQUEZEN;;passiflora incarnata l.;REGISTRADO;109170118;25351.182474/2018-49;MEDQUIMICA INDUSTRIA FARMACEUTICA LTDA. - 17.875.154/0001-20;Ativo;07/2029;passiflora incarnata;incluido_alias_completo;Ativo;109170118;25351 182474 2018 49;fiquezen;medquimica industria farmaceutica ltda 17 875 154 0001 20;passiflora incarnata l;2018;TRUE;1;Passiflora incarnata;passiflora incarnata l.
84;Maracujá / Maracuja-amarelo / Maracuja-doce / Maracujá-azedo;REG:109220208;Passiflora incarnata;passiflora incarnata;119;Passiflora_incarnata__PASSIFLORA_INCARNATA.xlsx;CALMOXIL;CALMOXIL SOLUÇÃO ORAL;;REGISTRADO;109220208;25351.745389/2009-80;H B FARMA LABORATÓRIOS LTDA - 28.643.633/0001-37;Inativo;11/2015;passiflora incarnata;incluido_alias_completo;Inativo;109220208;25351 745389 2009 80;calmoxil;h b farma laboratorios ltda 28 643 633 0001 37;;2009;TRUE;1;Passiflora incarnata;passiflora incarnata
84;Maracujá / Maracuja-amarelo / Maracuja-doce / Maracujá-azedo;REG:109630061;Passiflora incarnata;passiflora incarnata;119;Passiflora_incarnata__PASSIFLORA_INCARNATA.xlsx;CALMINTHEO;;;REGISTRADO;109630061;25351.407681/2009-87;THEODORO F SOBRAL & CIA LTDA - 06.597.801/0001-62;Inativo;05/2025;passiflora incarnata;incluido_alias_completo;Inativo;109630061;25351 407681 2009 87;calmintheo;theodoro f sobral cia ltda 06 597 801 0001 62;;2009;TRUE;2;Passiflora incarnata;passiflora incarnata | passiflora incarnata l.
84;Maracujá / Maracuja-amarelo / Maracuja-doce / Maracujá-azedo;REG:109740168;Passiflora incarnata;passiflora incarnata l.;120;Passiflora_incarnata__passiflora_incarnata_l.xlsx;SERENUS;;crataegus rhipidophylla gand., passiflora incarnata l., salix alba l.;REGISTRADO;109740168;25351.213567/2002-65;BIOLAB SANUS FARMACÊUTICA LTDA - 49.475.833/0001-06;Ativo;12/2027;passiflora incarnata;incluido_alias_completo;Ativo;109740168;25351 213567 2002 65;serenus;biolab sanus farmaceutica ltda 49 475 833 0001 06;crataegus rhipidophylla gand passiflora incarnata l salix alba l;2002;TRUE;1;Passiflora incarnata;passiflora incarnata l.
84;Maracujá / Maracuja-amarelo / Maracuja-doce / Maracujá-azedo;REG:109740197;Passiflora incarnata;passiflora incarnata;119;Passiflora_incarnata__PASSIFLORA_INCARNATA.xlsx;NUIT;;;REGISTRADO;109740197;25351.418738/2005-93;BIOLAB SANUS FARMACÊUTICA LTDA - 49.475.833/0001-06;Inativo;07/2006;passiflora incarnata;incluido_alias_completo;Inativo;109740197;25351 418738 2005 93;nuit;biolab sanus farmaceutica ltda 49 475 833 0001 06;;2005;TRUE;1;Passiflora incarnata;passiflora incarnata
84;Maracujá / Maracuja-amarelo / Maracuja-doce / Maracujá-azedo;REG:111990030;Passiflora incarnata;passiflora incarnata l.;120;Passiflora_incarnata__passiflora_incarnata_l.xlsx;CALMANTINA;;passiflora incarnata l.;REGISTRADO;111990030;25351.163386/2019-29;MAKROFARMA QUIMICA FARMACEUTICA LTDA - 33.223.157/0001-35;Ativo;03/2030;passiflora incarnata;incluido_alias_completo;Ativo;111990030;25351 163386 2019 29;calmantina;makrofarma quimica farmaceutica ltda 33 223 157 0001 35;passiflora incarnata l;2019;TRUE;1;Passiflora incarnata;passiflora incarnata l.
84;Maracujá / Maracuja-amarelo / Maracuja-doce / Maracujá-azedo;REG:114620024;Passiflora incarnata;passiflora incarnata l.;120;Passiflora_incarnata__passiflora_incarnata_l.xlsx;TENSART;;passiflora incarnata l.;REGISTRADO;114620024;25351.624057/2018-87;MYRALIS INDÚSTRIA FARMACÊUTICA LTDA - 17.440.261/0001-25;Ativo;07/2029;passiflora incarnata;incluido_alias_completo;Ativo;114620024;25351 624057 2018 87;tensart;myralis industria farmaceutica ltda 17 440 261 0001 25;passiflora incarnata l;2018;TRUE;1;Passiflora incarnata;passiflora incarnata l.
84;Maracujá / Maracuja-amarelo / Maracuja-doce / Maracujá-azedo;REG:114620039;Passiflora incarnata;passiflora incarnata l.;120;Passiflora_incarnata__passiflora_incarnata_l.xlsx;TENSART PRO;;passiflora incarnata l.;REGISTRADO;114620039;25351.739944/2019-30;MYRALIS INDÚSTRIA FARMACÊUTICA LTDA - 17.440.261/0001-25;Ativo;11/2030;passiflora incarnata;incluido_alias_completo;Ativo;114620039;25351 739944 2019 30;tensart pro;myralis industria farmaceutica ltda 17 440 261 0001 25;passiflora incarnata l;2019;TRUE;1;Passiflora incarnata;passiflora incarnata l.
84;Maracujá / Maracuja-amarelo / Maracuja-doce / Maracujá-azedo;REG:115600201;Passiflora incarnata;passiflora incarnata l.;120;Passiflora_incarnata__passiflora_incarnata_l.xlsx;CALMASYN;;passiflora incarnata, passiflora incarnata l.;REGISTRADO;115600201;25351.655158/2015-91;CIFARMA CIENTÍFICA FARMACÊUTICA LTDA - 17.562.075/0001-69;Ativo;03/2028;passiflora incarnata;incluido_alias_completo;Ativo;115600201;25351 655158 2015 91;calmasyn;cifarma cientifica farmaceutica ltda 17 562 075 0001 69;passiflora incarnata passiflora incarnata l;2015;TRUE;1;Passiflora incarnata;passiflora incarnata l.
84;Maracujá / Maracuja-amarelo / Maracuja-doce / Maracujá-azedo;REG:116780013;Passiflora incarnata;passiflora incarnata l.;120;Passiflora_incarnata__passiflora_incarnata_l.xlsx;CALMOPLANTAS;;;REGISTRADO;116780013;25351.331727/2008-42;AS ERVAS CURAM INDUSTRIA FARMACEUTICA LTDA - 79.634.572/0001-82;Inativo;09/2028;passiflora incarnata;incluido_alias_completo;Inativo;116780013;25351 331727 2008 42;calmoplantas;as ervas curam industria farmaceutica ltda 79 634 572 0001 82;;2008;TRUE;1;Passiflora incarnata;passiflora incarnata l.
84;Maracujá / Maracuja-amarelo / Maracuja-doce / Maracujá-azedo;REG:117170078;Passiflora incarnata;passiflora incarnata l.;120;Passiflora_incarnata__passiflora_incarnata_l.xlsx;PRASILENCE;;passiflora incarnata l.;REGISTRADO;117170078;25351.478016/2017-21;PHARMASCIENCE INDUSTRIA FARMACEUTICA S.A - 25.773.037/0001-83;Ativo;05/2029;passiflora incarnata;incluido_alias_completo;Ativo;117170078;25351 478016 2017 21;prasilence;pharmascience industria farmaceutica s a 25 773 037 0001 83;passiflora incarnata l;2017;TRUE;1;Passiflora incarnata;passiflora incarnata l.
84;Maracujá / Maracuja-amarelo / Maracuja-doce / Maracujá-azedo;REG:117170086;Passiflora incarnata;passiflora incarnata l.;120;Passiflora_incarnata__passiflora_incarnata_l.xlsx;CALMLIVE;;passiflora incarnata l.;REGISTRADO;117170086;25351.008707/2025-71;PHARMASCIENCE INDUSTRIA FARMACEUTICA S.A - 25.773.037/0001-83;Ativo;04/2035;passiflora incarnata;incluido_alias_completo;Ativo;117170086;25351 008707 2025 71;calmlive;pharmascience industria farmaceutica s a 25 773 037 0001 83;passiflora incarnata l;2025;TRUE;1;Passiflora incarnata;passiflora incarnata l.
84;Maracujá / Maracuja-amarelo / Maracuja-doce / Maracujá-azedo;REG:118190118;Passiflora incarnata;passiflora incarnata;119;Passiflora_incarnata__PASSIFLORA_INCARNATA.xlsx;ACALMIL;;;REGISTRADO;118190118;25351.357322/2011-94;MULTILAB INDUSTRIA E COMERCIO DE PRODUTOS FARMACEUTICOS LTDA - 92.265.552/0009-05;Inativo;01/2015;passiflora incarnata;incluido_alias_completo;Inativo;118190118;25351 357322 2011 94;acalmil;multilab industria e comercio de produtos farmaceuticos ltda 92 265 552 0009 05;;2011;TRUE;1;Passiflora incarnata;passiflora incarnata
84;Maracujá / Maracuja-amarelo / Maracuja-doce / Maracujá-azedo;REG:118190216;Passiflora incarnata;passiflora incarnata l.;120;Passiflora_incarnata__passiflora_incarnata_l.xlsx;ACALMILFITO;;valeriana officinalis l., crataegus rhipidophylla gand., passiflora incarnata l.;REGISTRADO;118190216;25351.963576/2020-82;MULTILAB INDUSTRIA E COMERCIO DE PRODUTOS FARMACEUTICOS LTDA - 92.265.552/0009-05;Ativo;03/2031;passiflora incarnata;incluido_alias_completo;Ativo;118190216;25351 963576 2020 82;acalmilfito;multilab industria e comercio de produtos farmaceuticos ltda 92 265 552 0009 05;valeriana officinalis l crataegus rhipidophylla gand passiflora incarnata l;2020;TRUE;1;Passiflora incarnata;passiflora incarnata l.
84;Maracujá / Maracuja-amarelo / Maracuja-doce / Maracujá-azedo;REG:118600025;Passiflora incarnata;passiflora incarnata;119;Passiflora_incarnata__PASSIFLORA_INCARNATA.xlsx;MARACUJÁ HERBARIUM;;PASSIFLORA INCARNATA, Passiflora incarnata L.;REGISTRADO;118600025;25351.180343/2002-60;HERBARIUM LABORATORIO BOTANICO LTDA - 78.950.011/0001-20;Ativo;09/2027;passiflora incarnata;incluido_alias_completo;Ativo;118600025;25351 180343 2002 60;maracuja herbarium;herbarium laboratorio botanico ltda 78 950 011 0001 20;passiflora incarnata passiflora incarnata l;2002;TRUE;2;Passiflora incarnata;passiflora incarnata | passiflora incarnata l.
84;Maracujá / Maracuja-amarelo / Maracuja-doce / Maracujá-azedo;REG:118600046;Passiflora incarnata;passiflora incarnata;119;Passiflora_incarnata__PASSIFLORA_INCARNATA.xlsx;MARACUJA  GOTAS;;;REGISTRADO;118600046;25351.039693/2003-22;HERBARIUM LABORATORIO BOTANICO LTDA - 78.950.011/0001-20;Inativo;11/2008;passiflora incarnata;incluido_alias_completo;Inativo;118600046;25351 039693 2003 22;maracuja gotas;herbarium laboratorio botanico ltda 78 950 011 0001 20;;2003;TRUE;1;Passiflora incarnata;passiflora incarnata
84;Maracujá / Maracuja-amarelo / Maracuja-doce / Maracujá-azedo;REG:118600094;Passiflora incarnata;passiflora incarnata l.;120;Passiflora_incarnata__passiflora_incarnata_l.xlsx;PASSIENE;;;REGISTRADO;118600094;25351.612713/2009-76;HERBARIUM LABORATORIO BOTANICO LTDA - 78.950.011/0001-20;Inativo;01/2026;passiflora incarnata;incluido_alias_completo;Inativo;118600094;25351 612713 2009 76;passiene;herbarium laboratorio botanico ltda 78 950 011 0001 20;;2009;TRUE;1;Passiflora incarnata;passiflora incarnata l.
84;Maracujá / Maracuja-amarelo / Maracuja-doce / Maracujá-azedo;REG:118610017;Passiflora incarnata;passiflora incarnata;119;Passiflora_incarnata__PASSIFLORA_INCARNATA.xlsx;CALMAN;;;REGISTRADO;118610017;25992.005568/53;ATIVUS FARMACÊUTICA LTDA - 64.088.172/0001-41;Inativo;10/2019;passiflora incarnata;incluido_alias_completo;Inativo;118610017;25992 005568 53;calman;ativus farmaceutica ltda 64 088 172 0001 41;;;TRUE;1;Passiflora incarnata;passiflora incarnata
84;Maracujá / Maracuja-amarelo / Maracuja-doce / Maracujá-azedo;REG:118610107;Passiflora incarnata;passiflora incarnata;119;Passiflora_incarnata__PASSIFLORA_INCARNATA.xlsx;FLORINY;;;REGISTRADO;118610107;25351.025343/01-18;ATIVUS FARMACÊUTICA LTDA - 64.088.172/0001-41;Inativo;05/2012;passiflora incarnata;incluido_alias_completo;Inativo;118610107;25351 025343 01 18;floriny;ativus farmaceutica ltda 64 088 172 0001 41;;;TRUE;1;Passiflora incarnata;passiflora incarnata
84;Maracujá / Maracuja-amarelo / Maracuja-doce / Maracujá-azedo;REG:118610263;Passiflora incarnata;passiflora incarnata;119;Passiflora_incarnata__PASSIFLORA_INCARNATA.xlsx;TENSART;;;REGISTRADO;118610263;25351.000709/2009-19;ATIVUS FARMACÊUTICA LTDA - 64.088.172/0001-41;Inativo;07/2024;passiflora incarnata;incluido_alias_completo;Inativo;118610263;25351 000709 2009 19;tensart;ativus farmaceutica ltda 64 088 172 0001 41;;2009;TRUE;1;Passiflora incarnata;passiflora incarnata
84;Maracujá / Maracuja-amarelo / Maracuja-doce / Maracujá-azedo;REG:118610273;Passiflora incarnata;passiflora incarnata;119;Passiflora_incarnata__PASSIFLORA_INCARNATA.xlsx;PAZINE;;;REGISTRADO;118610273;25351.526800/2012-76;ATIVUS FARMACÊUTICA LTDA - 64.088.172/0001-41;Inativo;06/2018;passiflora incarnata;incluido_alias_completo;Inativo;118610273;25351 526800 2012 76;pazine;ativus farmaceutica ltda 64 088 172 0001 41;;2012;TRUE;1;Passiflora incarnata;passiflora incarnata
84;Maracujá / Maracuja-amarelo / Maracuja-doce / Maracujá-azedo;REG:120090033;Passiflora incarnata;passiflora incarnata l.;120;Passiflora_incarnata__passiflora_incarnata_l.xlsx;PASSIPAX;;;REGISTRADO;120090033;25351.481156/2019-49;BIONATUS LABORATÓRIO BOTÂNICO LTDA - 68.032.192/0001-51;Inativo;12/2022;passiflora incarnata;incluido_alias_completo;Inativo;120090033;25351 481156 2019 49;passipax;bionatus laboratorio botanico ltda 68 032 192 0001 51;;2019;TRUE;1;Passiflora incarnata;passiflora incarnata l.
84;Maracujá / Maracuja-amarelo / Maracuja-doce / Maracujá-azedo;REG:121420674;Passiflora incarnata;passiflora incarnata l.;120;Passiflora_incarnata__passiflora_incarnata_l.xlsx;SONOZZZ;;passiflora incarnata l.;REGISTRADO;121420674;25351.516182/2021-10;PROCTER & GAMBLE DO BRASIL LTDA. - 59.476.770/0001-58;Ativo;06/2032;passiflora incarnata;incluido_alias_completo;Ativo;121420674;25351 516182 2021 10;sonozzz;procter gamble do brasil ltda 59 476 770 0001 58;passiflora incarnata l;2021;TRUE;1;Passiflora incarnata;passiflora incarnata l.
84;Maracujá / Maracuja-amarelo / Maracuja-doce / Maracujá-azedo;REG:122830011;Passiflora incarnata;passiflora incarnata;119;Passiflora_incarnata__PASSIFLORA_INCARNATA.xlsx;SEDANUS;;;REGISTRADO;122830011;25991.004257/81;DM INDÚSTRIA FARMACÊUTICA LTDA - 67.866.665/0002-34;Inativo;09/2002;passiflora incarnata;incluido_alias_completo;Inativo;122830011;25991 004257 81;sedanus;dm industria farmaceutica ltda 67 866 665 0002 34;;;TRUE;1;Passiflora incarnata;passiflora incarnata
84;Maracujá / Maracuja-amarelo / Maracuja-doce / Maracujá-azedo;REG:122830100;Passiflora alata;passiflora alata curtis;117;Passiflora_alata__PASSIFLORA_ALATA_CURTIS.xlsx;MARACUGINA COMPOSTA;;;REGISTRADO;122830100;25001.025729/84;DM INDÚSTRIA FARMACÊUTICA LTDA - 67.866.665/0002-34;Inativo;10/2012;passiflora alata;incluido_alias_completo;Inativo;122830100;25001 025729 84;maracugina composta;dm industria farmaceutica ltda 67 866 665 0002 34;;;TRUE;1;Passiflora alata;passiflora alata curtis
84;Maracujá / Maracuja-amarelo / Maracuja-doce / Maracujá-azedo;REG:123970010;Passiflora incarnata;passiflora incarnata;119;Passiflora_incarnata__PASSIFLORA_INCARNATA.xlsx;PASSIFLORA ORIENT;;;REGISTRADO;123970010;25000.002249/96-60;ORIENT MIX FITOTERÁPICOS DO BRASIL LTDA. - 73.657.876/0001-89;Inativo;04/2013;passiflora incarnata;incluido_alias_completo;Inativo;123970010;25000 002249 96 60;passiflora orient;orient mix fitoterapicos do brasil ltda 73 657 876 0001 89;;;TRUE;1;Passiflora incarnata;passiflora incarnata
84;Maracujá / Maracuja-amarelo / Maracuja-doce / Maracujá-azedo;REG:128420020;Passiflora incarnata;passiflora incarnata;119;Passiflora_incarnata__PASSIFLORA_INCARNATA.xlsx;SPASCUPREEL;;;REGISTRADO;128420020;25000.030618/97-11;PROBIOS COMÉRCIO IMPORTAÇÃO E EXPORTAÇÃO LTDA - 74.455.197/0001-90;Inativo;05/2007;passiflora incarnata;incluido_alias_completo;Inativo;128420020;25000 030618 97 11;spascupreel;probios comercio importacao e exportacao ltda 74 455 197 0001 90;;;TRUE;1;Passiflora incarnata;passiflora incarnata
84;Maracujá / Maracuja-amarelo / Maracuja-doce / Maracujá-azedo;REG:135170043;Passiflora incarnata;passiflora incarnata l.;120;Passiflora_incarnata__passiflora_incarnata_l.xlsx;PASSIFLORA ALTHAIA;;passiflora incarnata l.;REGISTRADO;135170043;25351.111846/2017-02;ALTHAIA S.A. INDUSTRIA FARMACEUTICA - 48.344.725/0007-19;Ativo;05/2029;passiflora incarnata;incluido_alias_completo;Ativo;135170043;25351 111846 2017 02;passiflora althaia;althaia s a industria farmaceutica 48 344 725 0007 19;passiflora incarnata l;2017;TRUE;1;Passiflora incarnata;passiflora incarnata l.
84;Maracujá / Maracuja-amarelo / Maracuja-doce / Maracujá-azedo;REG:135170056;Passiflora incarnata;passiflora incarnata l.;120;Passiflora_incarnata__passiflora_incarnata_l.xlsx;ZYMPALIX;;passiflora incarnata l.;REGISTRADO;135170056;25351.133084/2019-26;ALTHAIA S.A. INDUSTRIA FARMACEUTICA - 48.344.725/0007-19;Ativo;05/2030;passiflora incarnata;incluido_alias_completo;Ativo;135170056;25351 133084 2019 26;zympalix;althaia s a industria farmaceutica 48 344 725 0007 19;passiflora incarnata l;2019;TRUE;1;Passiflora incarnata;passiflora incarnata l.
84;Maracujá / Maracuja-amarelo / Maracuja-doce / Maracujá-azedo;REG:136390038;Passiflora incarnata;passiflora incarnata;119;Passiflora_incarnata__PASSIFLORA_INCARNATA.xlsx;FITOCALMIN;CALMAX;;REGISTRADO;136390038;25351.147860/2009-55;PRONATUS DO AMAZ.IND. COM. PROD. FARM. COSM. LTDA - 14.186.324/0001-70;Inativo;05/2015;passiflora incarnata;incluido_alias_completo;Inativo;136390038;25351 147860 2009 55;fitocalmin;pronatus do amaz ind com prod farm cosm ltda 14 186 324 0001 70;;2009;TRUE;1;Passiflora incarnata;passiflora incarnata
84;Maracujá / Maracuja-amarelo / Maracuja-doce / Maracujá-azedo;REG:137070024;Passiflora alata;passiflora alata curtis;117;Passiflora_alata__PASSIFLORA_ALATA_CURTIS.xlsx;PASSIFLORA;;;REGISTRADO;137070024;25000.007412/78;FLORA MEDICINAL J. MONTEIRO DA SILVA LTDA - 02.007.074/0001-85;Inativo;10/2004;passiflora alata;incluido_alias_completo;Inativo;137070024;25000 007412 78;passiflora;flora medicinal j monteiro da silva ltda 02 007 074 0001 85;;;TRUE;1;Passiflora alata;passiflora alata curtis
84;Maracujá / Maracuja-amarelo / Maracuja-doce / Maracujá-azedo;REG:137070042;Passiflora alata;passiflora alata curtis;117;Passiflora_alata__PASSIFLORA_ALATA_CURTIS.xlsx;DYRAJAIA;;;REGISTRADO;137070042;25991.204742/83;FLORA MEDICINAL J. MONTEIRO DA SILVA LTDA - 02.007.074/0001-85;Inativo;06/2003;passiflora alata;incluido_alias_completo;Inativo;137070042;25991 204742 83;dyrajaia;flora medicinal j monteiro da silva ltda 02 007 074 0001 85;;;TRUE;1;Passiflora alata;passiflora alata curtis
84;Maracujá / Maracuja-amarelo / Maracuja-doce / Maracujá-azedo;REG:137640146;Passiflora incarnata;passiflora incarnata l.;120;Passiflora_incarnata__passiflora_incarnata_l.xlsx;PRAKALMAR;;;REGISTRADO;137640146;25351.004424/2014-41;ASPEN PHARMA INDÚSTRIA FARMACÊUTICA LTDA - 02.433.631/0001-20;Inativo;04/2026;passiflora incarnata;incluido_alias_completo;Inativo;137640146;25351 004424 2014 41;prakalmar;aspen pharma industria farmaceutica ltda 02 433 631 0001 20;;2014;TRUE;1;Passiflora incarnata;passiflora incarnata l.
84;Maracujá / Maracuja-amarelo / Maracuja-doce / Maracujá-azedo;REG:137640173;Passiflora incarnata;passiflora incarnata l.;120;Passiflora_incarnata__passiflora_incarnata_l.xlsx;CALMAN;;crataegus rhipidophylla gand., passiflora incarnata l., salix alba l.;REGISTRADO;137640173;25351.339409/2017-52;ASPEN PHARMA INDÚSTRIA FARMACÊUTICA LTDA - 02.433.631/0001-20;Ativo;10/2029;passiflora incarnata;incluido_alias_completo;Ativo;137640173;25351 339409 2017 52;calman;aspen pharma industria farmaceutica ltda 02 433 631 0001 20;crataegus rhipidophylla gand passiflora incarnata l salix alba l;2017;TRUE;1;Passiflora incarnata;passiflora incarnata l.
84;Maracujá / Maracuja-amarelo / Maracuja-doce / Maracujá-azedo;REG:138100030;Passiflora incarnata;passiflora incarnata;119;Passiflora_incarnata__PASSIFLORA_INCARNATA.xlsx;ZEN;;;REGISTRADO;138100030;25351.211587/2005-44;LABORATORIO QUIMICO FARMACEUTICO TIARAJU LTDA. - 94.022.654/0001-60;Inativo;08/2025;passiflora incarnata;incluido_alias_completo;Inativo;138100030;25351 211587 2005 44;zen;laboratorio quimico farmaceutico tiaraju ltda 94 022 654 0001 60;;2005;TRUE;1;Passiflora incarnata;passiflora incarnata
84;Maracujá / Maracuja-amarelo / Maracuja-doce / Maracujá-azedo;REG:138410031;Passiflora incarnata;passiflora incarnata;119;Passiflora_incarnata__PASSIFLORA_INCARNATA.xlsx;SEAKALM;;;REGISTRADO;138410031;25351.004426/2006-87;NATULAB LABORATORIO S.A - 02.456.955/0001-83;Inativo;;passiflora incarnata;incluido_alias_completo;Inativo;138410031;25351 004426 2006 87;seakalm;natulab laboratorio s a 02 456 955 0001 83;;2006;TRUE;1;Passiflora incarnata;passiflora incarnata
84;Maracujá / Maracuja-amarelo / Maracuja-doce / Maracujá-azedo;REG:138410039;Passiflora incarnata;passiflora incarnata l.;120;Passiflora_incarnata__passiflora_incarnata_l.xlsx;SEAKALM;;passiflora incarnata l.;REGISTRADO;138410039;25351.088705/2009-50;NATULAB LABORATORIO S.A - 02.456.955/0001-83;Ativo;10/2029;passiflora incarnata;incluido_alias_completo;Ativo;138410039;25351 088705 2009 50;seakalm;natulab laboratorio s a 02 456 955 0001 83;passiflora incarnata l;2009;TRUE;1;Passiflora incarnata;passiflora incarnata l.
84;Maracujá / Maracuja-amarelo / Maracuja-doce / Maracujá-azedo;REG:141070626;Passiflora incarnata;passiflora incarnata l.;120;Passiflora_incarnata__passiflora_incarnata_l.xlsx;CALMPHAR PI;;passiflora incarnata l.;REGISTRADO;141070626;25351.513637/2019-21;PHARLAB INDÚSTRIA FARMACÊUTICA S.A. - 02.501.297/0001-02;Ativo;12/2029;passiflora incarnata;incluido_alias_completo;Ativo;141070626;25351 513637 2019 21;calmphar pi;pharlab industria farmaceutica s a 02 501 297 0001 02;passiflora incarnata l;2019;TRUE;1;Passiflora incarnata;passiflora incarnata l.
84;Maracujá / Maracuja-amarelo / Maracuja-doce / Maracujá-azedo;REG:142570077;Passiflora incarnata;passiflora incarnata;119;Passiflora_incarnata__PASSIFLORA_INCARNATA.xlsx;SEDACAL;;;REGISTRADO;142570077;25351.212131/2002-59;LUCIOMED FARMACÊUTICA DO BRASIL LTDA - 01.845.448/0001-79;Inativo;03/2008;passiflora incarnata;incluido_alias_completo;Inativo;142570077;25351 212131 2002 59;sedacal;luciomed farmaceutica do brasil ltda 01 845 448 0001 79;;2002;TRUE;1;Passiflora incarnata;passiflora incarnata
84;Maracujá / Maracuja-amarelo / Maracuja-doce / Maracujá-azedo;REG:143810264;Passiflora incarnata;passiflora incarnata l.;120;Passiflora_incarnata__passiflora_incarnata_l.xlsx;SOSSEG;;passiflora incarnata l.;REGISTRADO;143810264;25351.264004/2018-01;CIMED INDUSTRIA S.A - 02.814.497/0001-07;Ativo;08/2030;passiflora incarnata;incluido_alias_completo;Ativo;143810264;25351 264004 2018 01;sosseg;cimed industria s a 02 814 497 0001 07;passiflora incarnata l;2018;TRUE;1;Passiflora incarnata;passiflora incarnata l.
84;Maracujá / Maracuja-amarelo / Maracuja-doce / Maracujá-azedo;REG:144930057;Passiflora incarnata;passiflora incarnata l.;120;Passiflora_incarnata__passiflora_incarnata_l.xlsx;DALAY;;passiflora incarnata l.;REGISTRADO;144930057;25351.695768/2015-64;AIRELA INDÚSTRIA FARMACÊUTICA LTDA. - 01.858.973/0001-29;Ativo;11/2027;passiflora incarnata;incluido_alias_completo;Ativo;144930057;25351 695768 2015 64;dalay;airela industria farmaceutica ltda 01 858 973 0001 29;passiflora incarnata l;2015;TRUE;1;Passiflora incarnata;passiflora incarnata l.
84;Maracujá / Maracuja-amarelo / Maracuja-doce / Maracujá-azedo;REG:144930061;Passiflora incarnata;passiflora incarnata l.;120;Passiflora_incarnata__passiflora_incarnata_l.xlsx;AKALMESE;;passiflora incarnata l.;REGISTRADO;144930061;25351.662077/2021-51;AIRELA INDÚSTRIA FARMACÊUTICA LTDA. - 01.858.973/0001-29;Ativo;09/2031;passiflora incarnata;incluido_alias_completo;Ativo;144930061;25351 662077 2021 51;akalmese;airela industria farmaceutica ltda 01 858 973 0001 29;passiflora incarnata l;2021;TRUE;1;Passiflora incarnata;passiflora incarnata l.
84;Maracujá / Maracuja-amarelo / Maracuja-doce / Maracujá-azedo;REG:144930076;Passiflora incarnata;passiflora incarnata l.;120;Passiflora_incarnata__passiflora_incarnata_l.xlsx;PASSIFLORA AIRELA;;passiflora incarnata l.;REGISTRADO;144930076;25351.804848/2023-56;AIRELA INDÚSTRIA FARMACÊUTICA LTDA. - 01.858.973/0001-29;Ativo;02/2034;passiflora incarnata;incluido_alias_completo;Ativo;144930076;25351 804848 2023 56;passiflora airela;airela industria farmaceutica ltda 01 858 973 0001 29;passiflora incarnata l;2023;TRUE;1;Passiflora incarnata;passiflora incarnata l.
84;Maracujá / Maracuja-amarelo / Maracuja-doce / Maracujá-azedo;REG:144930085;Passiflora incarnata;passiflora incarnata l.;120;Passiflora_incarnata__passiflora_incarnata_l.xlsx;STILLKALM;;passiflora incarnata l.;REGISTRADO;144930085;25351.117531/2025-48;AIRELA INDÚSTRIA FARMACÊUTICA LTDA. - 01.858.973/0001-29;Ativo;10/2035;passiflora incarnata;incluido_alias_completo;Ativo;144930085;25351 117531 2025 48;stillkalm;airela industria farmaceutica ltda 01 858 973 0001 29;passiflora incarnata l;2025;TRUE;1;Passiflora incarnata;passiflora incarnata l.
84;Maracujá / Maracuja-amarelo / Maracuja-doce / Maracujá-azedo;REG:154000047;Passiflora incarnata;passiflora incarnata;119;Passiflora_incarnata__PASSIFLORA_INCARNATA.xlsx;CALMAVITA;;;REGISTRADO;154000047;25351.155737/2004-41;LABORATÓRIO VITALAB LTDA - 56.646.953/0001-86;Inativo;12/2010;passiflora incarnata;incluido_alias_completo;Inativo;154000047;25351 155737 2004 41;calmavita;laboratorio vitalab ltda 56 646 953 0001 86;;2004;TRUE;1;Passiflora incarnata;passiflora incarnata
84;Maracujá / Maracuja-amarelo / Maracuja-doce / Maracujá-azedo;REG:154230290;Passiflora incarnata;passiflora incarnata l.;120;Passiflora_incarnata__passiflora_incarnata_l.xlsx;APAXY;emb hosp, EMB. HOSPITALAR;passiflora incarnata l.;REGISTRADO;154230290;25351.554932/2016-06;GEOLAB INDÚSTRIA FARMACÊUTICA S/A - 03.485.572/0001-04;Ativo;05/2029;passiflora incarnata;incluido_alias_completo;Ativo;154230290;25351 554932 2016 06;apaxy;geolab industria farmaceutica s a 03 485 572 0001 04;passiflora incarnata l;2016;TRUE;1;Passiflora incarnata;passiflora incarnata l.
84;Maracujá / Maracuja-amarelo / Maracuja-doce / Maracujá-azedo;REG:155840574;Passiflora incarnata;passiflora incarnata l.;120;Passiflora_incarnata__passiflora_incarnata_l.xlsx;EQUILIBRISSE;;passiflora incarnata l.;REGISTRADO;155840574;25351.101431/2019-51;BRAINFARMA INDÚSTRIA QUÍMICA E FARMACÊUTICA S.A - 05.161.069/0001-10;Ativo;11/2029;passiflora incarnata;incluido_alias_completo;Ativo;155840574;25351 101431 2019 51;equilibrisse;brainfarma industria quimica e farmaceutica s a 05 161 069 0001 10;passiflora incarnata l;2019;TRUE;1;Passiflora incarnata;passiflora incarnata l.
84;Maracujá / Maracuja-amarelo / Maracuja-doce / Maracujá-azedo;REG:155840575;Passiflora incarnata;passiflora incarnata l.;120;Passiflora_incarnata__passiflora_incarnata_l.xlsx;EQUILIBRISSE;;passiflora incarnata l.;REGISTRADO;155840575;25351.010934/2018-45;BRAINFARMA INDÚSTRIA QUÍMICA E FARMACÊUTICA S.A - 05.161.069/0001-10;Ativo;11/2029;passiflora incarnata;incluido_alias_completo;Ativo;155840575;25351 010934 2018 45;equilibrisse;brainfarma industria quimica e farmaceutica s a 05 161 069 0001 10;passiflora incarnata l;2018;TRUE;1;Passiflora incarnata;passiflora incarnata l.
84;Maracujá / Maracuja-amarelo / Maracuja-doce / Maracujá-azedo;REG:155900005;Passiflora incarnata;passiflora incarnata l.;120;Passiflora_incarnata__passiflora_incarnata_l.xlsx;PASSIFLORINE PI;;passiflora incarnata l.;REGISTRADO;155900005;25351.773916/2018-61;MR PHARMA LTDA - 23.668.196/0001-92;Ativo;04/2029;passiflora incarnata;incluido_alias_completo;Ativo;155900005;25351 773916 2018 61;passiflorine pi;mr pharma ltda 23 668 196 0001 92;passiflora incarnata l;2018;TRUE;1;Passiflora incarnata;passiflora incarnata l.
84;Maracujá / Maracuja-amarelo / Maracuja-doce / Maracujá-azedo;REG:158190004;Passiflora incarnata;passiflora incarnata l.;120;Passiflora_incarnata__passiflora_incarnata_l.xlsx;PAZINE;;passiflora incarnata l.;REGISTRADO;158190004;25351.062637/2017-04;ARESE PHARMA LTDA. - 07.670.111/0001-54;Ativo;06/2028;passiflora incarnata;incluido_alias_completo;Ativo;158190004;25351 062637 2017 04;pazine;arese pharma ltda 07 670 111 0001 54;passiflora incarnata l;2017;TRUE;1;Passiflora incarnata;passiflora incarnata l.
84;Maracujá / Maracuja-amarelo / Maracuja-doce / Maracujá-azedo;REG:161980002;Passiflora incarnata;passiflora incarnata;119;Passiflora_incarnata__PASSIFLORA_INCARNATA.xlsx;SPASCUPREEL;;CITRULLUS COLOCYNTHIS SCHRAD., Colocynthis, AMMONIUM BROMATUM, atropinum sulfuricum, VERATRUM ALBUM, GELSEMIUM SEMPERVIRENS, MAGNESIUM PHOSPHORICUM, Agaricus muscarius, MATRICARIA RECUTITA L., PASSIFLORA INCARNATA, cuprum sulfuricum, ACONITUM NAPELLUS, CHAMOMILLA RECUTITA;REGISTRADO;161980002;25351.343339/2005-61;HEEL DO BRASIL BIOMÉDICA LTDA - 05.994.539/0001-27;Ativo;02/2028;passiflora incarnata;incluido_alias_completo;Ativo;161980002;25351 343339 2005 61;spascupreel;heel do brasil biomedica ltda 05 994 539 0001 27;citrullus colocynthis schrad colocynthis ammonium bromatum atropinum sulfuricum veratrum album gelsemium sempervirens magnesium phosphoricum agaricus muscarius matricaria recutita l passiflora incarnata cuprum sulfuricum aconitum napellus chamomilla recutita;2005;TRUE;1;Passiflora incarnata;passiflora incarnata
84;Maracujá / Maracuja-amarelo / Maracuja-doce / Maracujá-azedo;REG:161980015;Passiflora incarnata;passiflora incarnata;119;Passiflora_incarnata__PASSIFLORA_INCARNATA.xlsx;NEUREXAN;;;REGISTRADO;161980015;25351.124675/2009-18;HEEL DO BRASIL BIOMÉDICA LTDA - 05.994.539/0001-27;Inativo;01/2026;passiflora incarnata;incluido_alias_completo;Inativo;161980015;25351 124675 2009 18;neurexan;heel do brasil biomedica ltda 05 994 539 0001 27;;2009;TRUE;1;Passiflora incarnata;passiflora incarnata
84;Maracujá / Maracuja-amarelo / Maracuja-doce / Maracujá-azedo;REG:162410022;Passiflora incarnata;passiflora incarnata;119;Passiflora_incarnata__PASSIFLORA_INCARNATA.xlsx;PASSIPAX;;;REGISTRADO;162410022;25351.193450/2011-08;UNITHER INDUSTRIA FARMACEUTICA LTDA. - 04.656.253/0001-79;Inativo;12/2027;passiflora incarnata;incluido_alias_completo;Inativo;162410022;25351 193450 2011 08;passipax;unither industria farmaceutica ltda 04 656 253 0001 79;;2011;TRUE;1;Passiflora incarnata;passiflora incarnata
84;Maracujá / Maracuja-amarelo / Maracuja-doce / Maracujá-azedo;REG:167730202;Passiflora incarnata;passiflora incarnata l.;120;Passiflora_incarnata__passiflora_incarnata_l.xlsx;MARACUJA CONCENTRIX;;passiflora incarnata l., crataegus oxyacantha , salix alba l.;REGISTRADO;167730202;25351.648310/2010-18;LEGRAND PHARMA INDÚSTRIA FARMACÊUTICA LTDA - 05.044.984/0001-26;Ativo;08/2035;passiflora incarnata;incluido_alias_completo;Ativo;167730202;25351 648310 2010 18;maracuja concentrix;legrand pharma industria farmaceutica ltda 05 044 984 0001 26;passiflora incarnata l crataegus oxyacantha salix alba l;2010;TRUE;1;Passiflora incarnata;passiflora incarnata l.
84;Maracujá / Maracuja-amarelo / Maracuja-doce / Maracujá-azedo;REG:170420007;Passiflora incarnata;passiflora incarnata l.;120;Passiflora_incarnata__passiflora_incarnata_l.xlsx;Passiflora MCG;;passiflora incarnata l.;REGISTRADO;170420007;25351.015925/2025-62;MCG INDUSTRIA FARMACEUTICA E IMPORTAÇAO LTDA - 18.755.529/0001-80;Ativo;06/2035;passiflora incarnata;incluido_alias_completo;Ativo;170420007;25351 015925 2025 62;passiflora mcg;mcg industria farmaceutica e importacao ltda 18 755 529 0001 80;passiflora incarnata l;2025;TRUE;1;Passiflora incarnata;passiflora incarnata l.
84;Maracujá / Maracuja-amarelo / Maracuja-doce / Maracujá-azedo;REG:172870051;Passiflora alata;passiflora alata curtis;117;Passiflora_alata__PASSIFLORA_ALATA_CURTIS.xlsx;MARACUGINA COMPOSTA;;;REGISTRADO;172870051;25351.137607/2008-51;Hypera S.A. - 02.932.074/0001-91;Inativo;10/2012;passiflora alata;incluido_alias_completo;Inativo;172870051;25351 137607 2008 51;maracugina composta;hypera s a 02 932 074 0001 91;;2008;TRUE;1;Passiflora alata;passiflora alata curtis
84;Maracujá / Maracuja-amarelo / Maracuja-doce / Maracujá-azedo;REG:177940038;Passiflora incarnata;passiflora incarnata l.;120;Passiflora_incarnata__passiflora_incarnata_l.xlsx;ALPHALIV;;passiflora incarnata, passiflora incarnata l.;REGISTRADO;177940038;25351.549655/2018-60;MABRA FARMACEUTICA LTDA - 09.545.589/0001-88;Ativo;03/2029;passiflora incarnata;incluido_alias_completo;Ativo;177940038;25351 549655 2018 60;alphaliv;mabra farmaceutica ltda 09 545 589 0001 88;passiflora incarnata passiflora incarnata l;2018;TRUE;1;Passiflora incarnata;passiflora incarnata l.
84;Maracujá / Maracuja-amarelo / Maracuja-doce / Maracujá-azedo;REG:178170014;Passiflora alata;passiflora alata curtis;117;Passiflora_alata__PASSIFLORA_ALATA_CURTIS.xlsx;MARACUGINA COMPOSTA;;;REGISTRADO;178170014;25351.637597/2009-94;COSMED INDUSTRIA DE COSMETICOS E MEDICAMENTOS S.A. - 61.082.426/0002-07;Inativo;10/2012;passiflora alata;incluido_alias_completo;Inativo;178170014;25351 637597 2009 94;maracugina composta;cosmed industria de cosmeticos e medicamentos s a 61 082 426 0002 07;;2009;TRUE;1;Passiflora alata;passiflora alata curtis
84;Maracujá / Maracuja-amarelo / Maracuja-doce / Maracujá-azedo;REG:178170850;Passiflora incarnata;passiflora incarnata l.;120;Passiflora_incarnata__passiflora_incarnata_l.xlsx;MARACUGINA PI;;;REGISTRADO;178170850;25351.470059/2017-69;COSMED INDUSTRIA DE COSMETICOS E MEDICAMENTOS S.A. - 61.082.426/0002-07;Inativo;10/2027;passiflora incarnata;incluido_alias_completo;Inativo;178170850;25351 470059 2017 69;maracugina pi;cosmed industria de cosmeticos e medicamentos s a 61 082 426 0002 07;;2017;TRUE;1;Passiflora incarnata;passiflora incarnata l.
84;Maracujá / Maracuja-amarelo / Maracuja-doce / Maracujá-azedo;REG:178170874;Passiflora incarnata;passiflora incarnata l.;120;Passiflora_incarnata__passiflora_incarnata_l.xlsx;MARACUGINA PI (Passiflora incarnata L);;passiflora incarnata l.;REGISTRADO;178170874;25351.836633/2018-37;COSMED INDUSTRIA DE COSMETICOS E MEDICAMENTOS S.A. - 61.082.426/0002-07;Ativo;07/2029;passiflora incarnata;incluido_alias_completo;Ativo;178170874;25351 836633 2018 37;maracugina pi passiflora incarnata l;cosmed industria de cosmeticos e medicamentos s a 61 082 426 0002 07;passiflora incarnata l;2018;TRUE;1;Passiflora incarnata;passiflora incarnata l.
84;Maracujá / Maracuja-amarelo / Maracuja-doce / Maracujá-azedo;REG:178170878;Passiflora incarnata;passiflora incarnata l.;120;Passiflora_incarnata__passiflora_incarnata_l.xlsx;MARACUGINA PI (Passiflora incarnata L.);;passiflora incarnata l.;REGISTRADO;178170878;25351.643003/2018-11;COSMED INDUSTRIA DE COSMETICOS E MEDICAMENTOS S.A. - 61.082.426/0002-07;Ativo;09/2029;passiflora incarnata;incluido_alias_completo;Ativo;178170878;25351 643003 2018 11;maracugina pi passiflora incarnata l;cosmed industria de cosmeticos e medicamentos s a 61 082 426 0002 07;passiflora incarnata l;2018;TRUE;1;Passiflora incarnata;passiflora incarnata l.
84;Maracujá / Maracuja-amarelo / Maracuja-doce / Maracujá-azedo;REG:178170942;Passiflora incarnata;passiflora incarnata l.;120;Passiflora_incarnata__passiflora_incarnata_l.xlsx;FEMCALMY;;passiflora incarnata l.;REGISTRADO;178170942;25351.662697/2022-71;COSMED INDUSTRIA DE COSMETICOS E MEDICAMENTOS S.A. - 61.082.426/0002-07;Ativo;;passiflora incarnata;incluido_alias_completo;Ativo;178170942;25351 662697 2022 71;femcalmy;cosmed industria de cosmeticos e medicamentos s a 61 082 426 0002 07;passiflora incarnata l;2022;TRUE;1;Passiflora incarnata;passiflora incarnata l.
84;Maracujá / Maracuja-amarelo / Maracuja-doce / Maracujá-azedo;REG:183260479;Passiflora incarnata;passiflora incarnata l.;120;Passiflora_incarnata__passiflora_incarnata_l.xlsx;MEDANSIEDADE;;;REGISTRADO;183260479;25351.713849/2020-40;SANOFI MEDLEY FARMACÊUTICA LTDA. - 10.588.595/0010-92;Inativo;05/2031;passiflora incarnata;incluido_alias_completo;Inativo;183260479;25351 713849 2020 40;medansiedade;sanofi medley farmaceutica ltda 10 588 595 0010 92;;2020;TRUE;1;Passiflora incarnata;passiflora incarnata l.
84;Maracujá / Maracuja-amarelo / Maracuja-doce / Maracujá-azedo;REG:183260481;Passiflora incarnata;passiflora incarnata l.;120;Passiflora_incarnata__passiflora_incarnata_l.xlsx;NOVANOITE;;;REGISTRADO;183260481;25351.393102/2020-61;SANOFI MEDLEY FARMACÊUTICA LTDA. - 10.588.595/0010-92;Inativo;07/2031;passiflora incarnata;incluido_alias_completo;Inativo;183260481;25351 393102 2020 61;novanoite;sanofi medley farmaceutica ltda 10 588 595 0010 92;;2020;TRUE;1;Passiflora incarnata;passiflora incarnata l.
86;Mastruz;REG:102470014;Chenopodium anthelminticum;chenopodium anthelminticum;41;Chenopodium_anthelminticum__Chenopodium_anthelminticum.xlsx;CESSA VERMES;;;REGISTRADO;102470014;25992.004497/74;HOMEOPATIA WALDEMIRO PEREIRA LABORATORIO INDUSTRIAL FARMACEUTICO LTDA - 76.440.528/0001-43;Inativo;09/2004;chenopodium anthelminticum;incluido_alias_completo;Inativo;102470014;25992 004497 74;cessa vermes;homeopatia waldemiro pereira laboratorio industrial farmaceutico ltda 76 440 528 0001 43;;;TRUE;1;Chenopodium anthelminticum;chenopodium anthelminticum
87;Melissa;REG:103670123;Melissa officinalis;melissa officinalis l.;97;Melissa_officinalis__melissa_officinalis_l.xlsx;SONHARE;;;REGISTRADO;103670123;25000.015728/98-17;BOEHRINGER INGELHEIM DO BRASIL QUÍMICA E FARMACÊUTICA LTDA. - 60.831.658/0001-77;Inativo;11/2014;melissa officinalis;incluido_alias_completo;Inativo;103670123;25000 015728 98 17;sonhare;boehringer ingelheim do brasil quimica e farmaceutica ltda 60 831 658 0001 77;;;TRUE;2;melissa | Melissa officinalis;melissa officinalis l.
87;Melissa;REG:104040041;Melissa officinalis;melissa officinalis l.;97;Melissa_officinalis__melissa_officinalis_l.xlsx;PASSIFLORA COMPOSTA;PASSILEX;;REGISTRADO;104040041;25992.016414/70;LUPER INDÚSTRIA FARMACÊUTICA LTDA - 61.299.111/0001-35;Inativo;01/2000;melissa officinalis;incluido_alias_completo;Inativo;104040041;25992 016414 70;passiflora composta;luper industria farmaceutica ltda 61 299 111 0001 35;;;TRUE;2;melissa | Melissa officinalis;melissa officinalis l.
87;Melissa;REG:10440003;Melissa officinalis;melissa officinalis l.;97;Melissa_officinalis__melissa_officinalis_l.xlsx;CALMAPAX;;;REGISTRADO;10440003;25991.008425/81;CELLERA FARMACÊUTICA S.A. - 33.173.097/0002-74;Inativo;09/2008;melissa officinalis;incluido_alias_completo;Inativo;10440003;25991 008425 81;calmapax;cellera farmaceutica s a 33 173 097 0002 74;;;TRUE;2;melissa | Melissa officinalis;melissa officinalis l.
87;Melissa;REG:104670025;Melissa officinalis;melissa officinalis l.;97;Melissa_officinalis__melissa_officinalis_l.xlsx;CALMANTE FARMAERVAS;;;REGISTRADO;104670025;25004.000470/90;LABORATORIO FARMAERVAS LTDA - 60.565.520/0001-73;Inativo;02/2007;melissa officinalis;incluido_alias_completo;Inativo;104670025;25004 000470 90;calmante farmaervas;laboratorio farmaervas ltda 60 565 520 0001 73;;;TRUE;2;melissa | Melissa officinalis;melissa officinalis l.
87;Melissa;REG:104730033;Melissa officinalis;melissa officinalis l.;97;Melissa_officinalis__melissa_officinalis_l.xlsx;ERVA CIDREIRA KLEIN;;;REGISTRADO;104730033;25351.413821/2007-38;VIDORA FARMACÊUTICA LTDA - 92.762.277/0001-70;Inativo;02/2013;melissa officinalis;incluido_alias_completo;Inativo;104730033;25351 413821 2007 38;erva cidreira klein;vidora farmaceutica ltda 92 762 277 0001 70;;2007;TRUE;2;melissa | Melissa officinalis;melissa officinalis l.
87;Melissa;REG:105070020;Melissa officinalis;melissa officinalis l.;97;Melissa_officinalis__melissa_officinalis_l.xlsx;URGAMOL;;;REGISTRADO;105070020;25992.001132/38;LABORATORIO KRAEMER LTDA - 92.695.816/0001-03;Inativo;10/2009;melissa officinalis;incluido_alias_completo;Inativo;105070020;25992 001132 38;urgamol;laboratorio kraemer ltda 92 695 816 0001 03;;;TRUE;2;melissa | Melissa officinalis;melissa officinalis l.
87;Melissa;REG:105770050;Melissa officinalis;melissa officinalis l.;97;Melissa_officinalis__melissa_officinalis_l.xlsx;PASSANEURO;;;REGISTRADO;105770050;25001.003412/83;LABORATIL FARMACEUTICA LTDA - 47.100.862/0001-50;Inativo;02/2007;melissa officinalis;incluido_alias_completo;Inativo;105770050;25001 003412 83;passaneuro;laboratil farmaceutica ltda 47 100 862 0001 50;;;TRUE;2;melissa | Melissa officinalis;melissa officinalis l.
87;Melissa;REG:108580241;Melissa officinalis;melissa officinalis l.;97;Melissa_officinalis__melissa_officinalis_l.xlsx;BRONQUIOGEN;;;REGISTRADO;108580241;25001.206488/82;PRODOTTI LABORATÓRIO FARMACÊUTICO LTDA. - 51.603.488/0001-82;Inativo;04/2008;melissa officinalis;incluido_alias_completo;Inativo;108580241;25001 206488 82;bronquiogen;prodotti laboratorio farmaceutico ltda 51 603 488 0001 82;;;TRUE;2;melissa | Melissa officinalis;melissa officinalis l.
87;Melissa;REG:121390027;Melissa officinalis;melissa officinalis l.;97;Melissa_officinalis__melissa_officinalis_l.xlsx;TINTURA DE MELISSA YANTEN;;melissa officinalis l.;REGISTRADO;121390027;25351.703344/2011-58;LABORATORIO YANTEN LTDA - 84.830.074/0001-45;Ativo;12/2027;melissa officinalis;incluido_alias_completo;Ativo;121390027;25351 703344 2011 58;tintura de melissa yanten;laboratorio yanten ltda 84 830 074 0001 45;melissa officinalis l;2011;TRUE;2;melissa | Melissa officinalis;melissa officinalis l.
87;Melissa;REG:128420045;Melissa officinalis;melissa officinalis l.;97;Melissa_officinalis__melissa_officinalis_l.xlsx;VALERIANAHEEL;;;REGISTRADO;128420045;25000.005329/98-75;PROBIOS COMÉRCIO IMPORTAÇÃO E EXPORTAÇÃO LTDA - 74.455.197/0001-90;Inativo;01/2008;melissa officinalis;incluido_alias_completo;Inativo;128420045;25000 005329 98 75;valerianaheel;probios comercio importacao e exportacao ltda 74 455 197 0001 90;;;TRUE;2;melissa | Melissa officinalis;melissa officinalis l.
87;Melissa;REG:135310030;Melissa officinalis;melissa officinalis l.;97;Melissa_officinalis__melissa_officinalis_l.xlsx;ÁGUA DE MELISSA;;;REGISTRADO;135310030;25351.840186/2008-76;IFAL INDUSTRIA E COMERCIO DE PRODUTOS FARMAC LTDA - 00.376.959/0001-26;Inativo;10/2014;melissa officinalis;incluido_alias_completo;Inativo;135310030;25351 840186 2008 76;agua de melissa;ifal industria e comercio de produtos farmac ltda 00 376 959 0001 26;;2008;TRUE;2;melissa | Melissa officinalis;melissa officinalis l.
87;Melissa;REG:135310036;Melissa officinalis;melissa officinalis l.;97;Melissa_officinalis__melissa_officinalis_l.xlsx;MELISSA IFAL;;melissa officinalis l.;REGISTRADO;135310036;25351.186942/2016-10;IFAL INDUSTRIA E COMERCIO DE PRODUTOS FARMAC LTDA - 00.376.959/0001-26;Ativo;11/2028;melissa officinalis;incluido_alias_completo;Ativo;135310036;25351 186942 2016 10;melissa ifal;ifal industria e comercio de produtos farmac ltda 00 376 959 0001 26;melissa officinalis l;2016;TRUE;2;melissa | Melissa officinalis;melissa officinalis l.
87;Melissa;REG:144930058;Melissa officinalis;melissa officinalis l.;97;Melissa_officinalis__melissa_officinalis_l.xlsx;SONOLIS;;melissa officinalis l.;REGISTRADO;144930058;25351.135045/2020-05;AIRELA INDÚSTRIA FARMACÊUTICA LTDA. - 01.858.973/0001-29;Ativo;04/2029;melissa officinalis;incluido_alias_completo;Ativo;144930058;25351 135045 2020 05;sonolis;airela industria farmaceutica ltda 01 858 973 0001 29;melissa officinalis l;2020;TRUE;2;melissa | Melissa officinalis;melissa officinalis l.
87;Melissa;REG:152750002;Melissa officinalis;melissa officinalis l.;97;Melissa_officinalis__melissa_officinalis_l.xlsx;MELISSAM;;;REGISTRADO;152750002;25351.013110/2003-33;TAUENS FARMACÊUTICA LTDA - 04.246.660/0001-08;Inativo;09/2008;melissa officinalis;incluido_alias_completo;Inativo;152750002;25351 013110 2003 33;melissam;tauens farmaceutica ltda 04 246 660 0001 08;;2003;TRUE;2;melissa | Melissa officinalis;melissa officinalis l.
87;Melissa;REG:152750005;Melissa officinalis;melissa officinalis l.;97;Melissa_officinalis__melissa_officinalis_l.xlsx;SONOLIS;;;REGISTRADO;152750005;25351.652493/2008-74;TAUENS FARMACÊUTICA LTDA - 04.246.660/0001-08;Inativo;04/2029;melissa officinalis;incluido_alias_completo;Inativo;152750005;25351 652493 2008 74;sonolis;tauens farmaceutica ltda 04 246 660 0001 08;;2008;TRUE;2;melissa | Melissa officinalis;melissa officinalis l.
87;Melissa;REG:167730611;Melissa officinalis;melissa officinalis l.;97;Melissa_officinalis__melissa_officinalis_l.xlsx;Melissa Legrand;;melissa officinalis l.;REGISTRADO;167730611;25351.594911/2016-05;LEGRAND PHARMA INDÚSTRIA FARMACÊUTICA LTDA - 05.044.984/0001-26;Ativo;12/2028;melissa officinalis;incluido_alias_completo;Ativo;167730611;25351 594911 2016 05;melissa legrand;legrand pharma industria farmaceutica ltda 05 044 984 0001 26;melissa officinalis l;2016;TRUE;2;melissa | Melissa officinalis;melissa officinalis l.
89;Mil-folhas / Mil-em-rama;REG:100610051;Achillea millefolium;achillea millefolium l.;1;Achillea_millefolium__ACHILLEA_MILLEFOLIUM_L.xlsx;MENODORON WELEDA;;;REGISTRADO;100610051;25992.015870/75;WELEDA DO BRASIL LABORATÓRIO E FARMÁCIA LTDA - 56.992.217/0001-80;Inativo;12/2011;achillea millefolium;incluido_alias_completo;Inativo;100610051;25992 015870 75;menodoron weleda;weleda do brasil laboratorio e farmacia ltda 56 992 217 0001 80;;;TRUE;1;Achillea millefolium;achillea millefolium l.
89;Mil-folhas / Mil-em-rama;REG:102470056;sanguinaria;sanguinaria canadensis;404;sanguinaria__SANGUINARIA_CANADENSIS.xlsx;DERMOCLYN;;;REGISTRADO;102470056;25001.021331/84;HOMEOPATIA WALDEMIRO PEREIRA LABORATORIO INDUSTRIAL FARMACEUTICO LTDA - 76.440.528/0001-43;Inativo;03/2005;sanguinaria;incluido_alias_completo;Inativo;102470056;25001 021331 84;dermoclyn;homeopatia waldemiro pereira laboratorio industrial farmaceutico ltda 76 440 528 0001 43;;;TRUE;1;sanguinaria;sanguinaria canadensis
89;Mil-folhas / Mil-em-rama;REG:102660019;sanguinaria;sanguinaria canadensis;404;sanguinaria__SANGUINARIA_CANADENSIS.xlsx;MENOMED;;;REGISTRADO;102660019;25992.018064/74;FARMÁCIA E LABORATÓRIO HOMEOPÁTICO ALMEIDA PRADO LTDA - 60.862.208/0001-41;Inativo;02/2015;sanguinaria;incluido_alias_completo;Inativo;102660019;25992 018064 74;menomed;farmacia e laboratorio homeopatico almeida prado ltda 60 862 208 0001 41;;;TRUE;1;sanguinaria;sanguinaria canadensis
89;Mil-folhas / Mil-em-rama;REG:102660031;sanguinaria;sanguinaria canadensis;404;sanguinaria__SANGUINARIA_CANADENSIS.xlsx;COMPLEXO HOMEOPÁTICO IRIS ALMEIDA PRADO 1;;;REGISTRADO;102660031;25992.017364/70;FARMÁCIA E LABORATÓRIO HOMEOPÁTICO ALMEIDA PRADO LTDA - 60.862.208/0001-41;Inativo;02/2026;sanguinaria;incluido_alias_completo;Inativo;102660031;25992 017364 70;complexo homeopatico iris almeida prado 1;farmacia e laboratorio homeopatico almeida prado ltda 60 862 208 0001 41;;;TRUE;1;sanguinaria;sanguinaria canadensis
89;Mil-folhas / Mil-em-rama;REG:102660125;sanguinaria;sanguinaria canadensis;404;sanguinaria__SANGUINARIA_CANADENSIS.xlsx;CEFALMED;;;REGISTRADO;102660125;25992.018060/74;FARMÁCIA E LABORATÓRIO HOMEOPÁTICO ALMEIDA PRADO LTDA - 60.862.208/0001-41;Inativo;02/2025;sanguinaria;incluido_alias_completo;Inativo;102660125;25992 018060 74;cefalmed;farmacia e laboratorio homeopatico almeida prado ltda 60 862 208 0001 41;;;TRUE;1;sanguinaria;sanguinaria canadensis
89;Mil-folhas / Mil-em-rama;REG:102660153;sanguinaria;sanguinaria canadensis;404;sanguinaria__SANGUINARIA_CANADENSIS.xlsx;COMPLEXO HOMEOPÁTICO LACHESIS ALMEIDA PRADO 28;;;REGISTRADO;102660153;25992.017388/70;FARMÁCIA E LABORATÓRIO HOMEOPÁTICO ALMEIDA PRADO LTDA - 60.862.208/0001-41;Inativo;02/2026;sanguinaria;incluido_alias_completo;Inativo;102660153;25992 017388 70;complexo homeopatico lachesis almeida prado 28;farmacia e laboratorio homeopatico almeida prado ltda 60 862 208 0001 41;;;TRUE;1;sanguinaria;sanguinaria canadensis
89;Mil-folhas / Mil-em-rama;REG:102660163;sanguinaria;sanguinaria canadensis;404;sanguinaria__SANGUINARIA_CANADENSIS.xlsx;MENOEX;;;REGISTRADO;102660163;25351.525204/2008-65;FARMÁCIA E LABORATÓRIO HOMEOPÁTICO ALMEIDA PRADO LTDA - 60.862.208/0001-41;Inativo;09/2028;sanguinaria;incluido_alias_completo;Inativo;102660163;25351 525204 2008 65;menoex;farmacia e laboratorio homeopatico almeida prado ltda 60 862 208 0001 41;;2008;TRUE;1;sanguinaria;sanguinaria canadensis
89;Mil-folhas / Mil-em-rama;REG:103900191;Achillea millefolium;achillea millefolium l.;1;Achillea_millefolium__ACHILLEA_MILLEFOLIUM_L.xlsx;MOTIX;;;REGISTRADO;103900191;25351.422047/2015-66;FARMOQUÍMICA S/A - 33.349.473/0001-58;Inativo;12/2026;achillea millefolium;incluido_alias_completo;Inativo;103900191;25351 422047 2015 66;motix;farmoquimica s a 33 349 473 0001 58;;2015;TRUE;1;Achillea millefolium;achillea millefolium l.
89;Mil-folhas / Mil-em-rama;REG:103900228;Achillea millefolium;achillea millefolium l.;1;Achillea_millefolium__ACHILLEA_MILLEFOLIUM_L.xlsx;MOTIX;;ARNICA MONTANA L., arnica montana, CALENDULA OFFICINALIS L., HAMAMELIS VIRGINIANA L., ECHINACEA ANGUSTIFOLIA, ECHINACEA ANGUSTIFOLIA DC., ECHINACEA PURPUREA (L.) MOENCH, MATRICARIA CHAMOMILLA , MATRICARIA CHAMOMILLA L., BELLIS PERENNIS, SYMPHYTUM OFFICINALE, HYPERICUM PERFORATUM, ACHILLEA MILLEFOLIUM L., ACONITUM NAPELLUS, ATROPA BELLADONNA, Mercurius solubilis, HEPAR SULPHUR, hepar sulfuris;REGISTRADO;103900228;25351.203839/2024-24;FARMOQUÍMICA S/A - 33.349.473/0001-58;Ativo;06/2034;achillea millefolium;incluido_alias_completo;Ativo;103900228;25351 203839 2024 24;motix;farmoquimica s a 33 349 473 0001 58;arnica montana l arnica montana calendula officinalis l hamamelis virginiana l echinacea angustifolia echinacea angustifolia dc echinacea purpurea l moench matricaria chamomilla matricaria chamomilla l bellis perennis symphytum officinale hypericum perforatum achillea millefolium l aconitum napellus atropa belladonna mercurius solubilis hepar sulphur hepar sulfuris;2024;TRUE;1;Achillea millefolium;achillea millefolium l.
89;Mil-folhas / Mil-em-rama;REG:128420008;Achillea millefolium;achillea millefolium l.;1;Achillea_millefolium__ACHILLEA_MILLEFOLIUM_L.xlsx;TRAUMEEL S;;;REGISTRADO;128420008;25000.007786/96-04;PROBIOS COMÉRCIO IMPORTAÇÃO E EXPORTAÇÃO LTDA - 74.455.197/0001-90;Inativo;12/2006;achillea millefolium;incluido_alias_completo;Inativo;128420008;25000 007786 96 04;traumeel s;probios comercio importacao e exportacao ltda 74 455 197 0001 90;;;TRUE;1;Achillea millefolium;achillea millefolium l.
89;Mil-folhas / Mil-em-rama;REG:128420024;sanguinaria;sanguinaria canadensis;404;sanguinaria__SANGUINARIA_CANADENSIS.xlsx;KLIMAKT HEEL;KLIMAKT-HEEL;;REGISTRADO;128420024;25000.005318/98-59;PROBIOS COMÉRCIO IMPORTAÇÃO E EXPORTAÇÃO LTDA - 74.455.197/0001-90;Inativo;07/2007;sanguinaria;incluido_alias_completo;Inativo;128420024;25000 005318 98 59;klimakt heel;probios comercio importacao e exportacao ltda 74 455 197 0001 90;;;TRUE;1;sanguinaria;sanguinaria canadensis
89;Mil-folhas / Mil-em-rama;REG:128420036;sanguinaria;sanguinaria canadensis;404;sanguinaria__SANGUINARIA_CANADENSIS.xlsx;ECHINACEA COMPOSITUM S N;;;REGISTRADO;128420036;25351.201971/2002-96;PROBIOS COMÉRCIO IMPORTAÇÃO E EXPORTAÇÃO LTDA - 74.455.197/0001-90;Inativo;11/2007;sanguinaria;incluido_alias_completo;Inativo;128420036;25351 201971 2002 96;echinacea compositum s n;probios comercio importacao e exportacao ltda 74 455 197 0001 90;;2002;TRUE;1;sanguinaria;sanguinaria canadensis
89;Mil-folhas / Mil-em-rama;REG:161980004;sanguinaria;sanguinaria canadensis;404;sanguinaria__SANGUINARIA_CANADENSIS.xlsx;KLIMAKT-HEEL T;;;REGISTRADO;161980004;25351.316628/2007-50;HEEL DO BRASIL BIOMÉDICA LTDA - 05.994.539/0001-27;Inativo;03/2028;sanguinaria;incluido_alias_completo;Inativo;161980004;25351 316628 2007 50;klimakt heel t;heel do brasil biomedica ltda 05 994 539 0001 27;;2007;TRUE;1;sanguinaria;sanguinaria canadensis
89;Mil-folhas / Mil-em-rama;REG:161980007;Achillea millefolium;achillea millefolium l.;1;Achillea_millefolium__ACHILLEA_MILLEFOLIUM_L.xlsx;TRAUMEEL S;;ARNICA MONTANA L., arnica montana, CALENDULA OFFICINALIS L., HAMAMELIS VIRGINIANA L., ECHINACEA ANGUSTIFOLIA DC., ECHINACEA PURPUREA, ECHINACEA PURPUREA (L.) MOENCH, MATRICARIA CHAMOMILLA , MATRICARIA CHAMOMILLA L., BELLIS PERENNIS, SYMPHYTUM OFFICINALE, HYPERICUM PERFORATUM, ACHILLEA MILLEFOLIUM L., ACONITUM NAPELLUS, ATROPA BELLADONNA, Mercurius solubilis, HEPAR SULPHUR, hepar sulfuris;REGISTRADO;161980007;25351.280113/2005-42;HEEL DO BRASIL BIOMÉDICA LTDA - 05.994.539/0001-27;Ativo;09/2028;achillea millefolium;incluido_alias_completo;Ativo;161980007;25351 280113 2005 42;traumeel s;heel do brasil biomedica ltda 05 994 539 0001 27;arnica montana l arnica montana calendula officinalis l hamamelis virginiana l echinacea angustifolia dc echinacea purpurea echinacea purpurea l moench matricaria chamomilla matricaria chamomilla l bellis perennis symphytum officinale hypericum perforatum achillea millefolium l aconitum napellus atropa belladonna mercurius solubilis hepar sulphur hepar sulfuris;2005;TRUE;1;Achillea millefolium;achillea millefolium l.
89;Mil-folhas / Mil-em-rama;REG:161980011;sanguinaria;sanguinaria canadensis;404;sanguinaria__SANGUINARIA_CANADENSIS.xlsx;ZEEL COMP N;;RHUS TOXICODENDRON, SOLANUM DULCAMARA L., SULFUR, arnica montana, SANGUINARIA CANADENSIS;REGISTRADO;161980011;25351.585785/2008-94;HEEL DO BRASIL BIOMÉDICA LTDA - 05.994.539/0001-27;Ativo;04/2029;sanguinaria;incluido_alias_completo;Ativo;161980011;25351 585785 2008 94;zeel comp n;heel do brasil biomedica ltda 05 994 539 0001 27;rhus toxicodendron solanum dulcamara l sulfur arnica montana sanguinaria canadensis;2008;TRUE;1;sanguinaria;sanguinaria canadensis
89;Mil-folhas / Mil-em-rama;REG:161980017;sanguinaria;sanguinaria canadensis;404;sanguinaria__SANGUINARIA_CANADENSIS.xlsx;ZEEL-ARTRO;;CARTILAGO SUIS, FUNICULUS UMBILICALIS SUIS, EMBRYO SUIS , PLACENTA SUIS, DULCAMARA, SYMPHYTUM OFFICINALE, NADIDUM, COENZYME A, SANGUINARIA CANADENSIS, DIETILOXALACETATO DE SÓDIO, ACIDUM ALPHA-LIPOICUM, RHUS TOXICODENDRON, arnica montana, SULPHUR;REGISTRADO;161980017;25351.463735/2021-24;HEEL DO BRASIL BIOMÉDICA LTDA - 05.994.539/0001-27;Ativo;12/2032;sanguinaria;incluido_alias_completo;Ativo;161980017;25351 463735 2021 24;zeel artro;heel do brasil biomedica ltda 05 994 539 0001 27;cartilago suis funiculus umbilicalis suis embryo suis placenta suis dulcamara symphytum officinale nadidum coenzyme a sanguinaria canadensis dietiloxalacetato de sodio acidum alpha lipoicum rhus toxicodendron arnica montana sulphur;2021;TRUE;1;sanguinaria;sanguinaria canadensis
90;Milho;REG:105750044;milho;amido de milho;367;milho__AMIDO_DE_MILHO.xlsx;LIMBITROL;;;REGISTRADO;105750044;25000.013850/99-21;VALEANT FARMACÊUTICA DO BRASIL LTDA - 61.186.136/0001-22;Inativo;06/2029;milho;incluido_alias_completo;Inativo;105750044;25000 013850 99 21;limbitrol;valeant farmaceutica do brasil ltda 61 186 136 0001 22;;;TRUE;1;milho;amido de milho
91;Mirtilo;REG:104041983;Vaccinium myrtillus;extrato de vaccinium myrtillus;173;Vaccinium_myrtillus__EXTRATO_DE_VACCINIUM_MYRTILLUS.xlsx;MIRTILO LUPER;;;REGISTRADO;104041983;25351.344145/2005-83;LUPER INDÚSTRIA FARMACÊUTICA LTDA - 61.299.111/0001-35;Inativo;11/2010;vaccinium myrtillus;incluido_alias_completo;Inativo;104041983;25351 344145 2005 83;mirtilo luper;luper industria farmaceutica ltda 61 299 111 0001 35;;2005;TRUE;1;Vaccinium myrtillus;extrato de vaccinium myrtillus
91;Mirtilo;REG:118610097;Vaccinium myrtillus;extrato de vaccinium myrtillus;173;Vaccinium_myrtillus__EXTRATO_DE_VACCINIUM_MYRTILLUS.xlsx;MIRALIS;;;REGISTRADO;118610097;25351.016322/01-49;ATIVUS FARMACÊUTICA LTDA - 64.088.172/0001-41;Inativo;10/2011;vaccinium myrtillus;incluido_alias_completo;Inativo;118610097;25351 016322 01 49;miralis;ativus farmaceutica ltda 64 088 172 0001 41;;;TRUE;1;Vaccinium myrtillus;extrato de vaccinium myrtillus
92;Mulungu/ mulungu-do-litoral/ eritrina-candelabro/ amansa-senhor / árvore-de-coral / bico-de-papagaio / corticeira / flor-de-coral / corticeira-da-serra / corticeira-do-mato / sinhanduva;REG:100660043;Erythrina mulungu;erythrina mulungu mart.;63;Erythrina_mulungu__erythrina_mulungu_mart.xlsx;PHYTOCALM;;;REGISTRADO;100660043;25992.026222/75;LABORATORIO CATARINENSE LTDA - 84.684.620/0001-87;Inativo;09/2006;erythrina mulungu;incluido_alias_completo;Inativo;100660043;25992 026222 75;phytocalm;laboratorio catarinense ltda 84 684 620 0001 87;;;TRUE;2;Erythrina mulungu | mulungu;erythrina mulungu mart.
92;Mulungu/ mulungu-do-litoral/ eritrina-candelabro/ amansa-senhor / árvore-de-coral / bico-de-papagaio / corticeira / flor-de-coral / corticeira-da-serra / corticeira-do-mato / sinhanduva;REG:102030019;Erythrina mulungu;erythrina mulungu mart.;63;Erythrina_mulungu__erythrina_mulungu_mart.xlsx;PASSIFLORA COMPOSTA;;;REGISTRADO;102030019;25001.009953/82;INFABRA INDUSTRIA FARMACEUTICA BRASILEIRA LTDA - 42.341.149/0001-84;Inativo;09/2003;erythrina mulungu;incluido_alias_completo;Inativo;102030019;25001 009953 82;passiflora composta;infabra industria farmaceutica brasileira ltda 42 341 149 0001 84;;;TRUE;2;Erythrina mulungu | mulungu;erythrina mulungu mart.
92;Mulungu/ mulungu-do-litoral/ eritrina-candelabro/ amansa-senhor / árvore-de-coral / bico-de-papagaio / corticeira / flor-de-coral / corticeira-da-serra / corticeira-do-mato / sinhanduva;REG:102850016;Erythrina mulungu;erythrina mulungu mart.;63;Erythrina_mulungu__erythrina_mulungu_mart.xlsx;PASSICALM;;;REGISTRADO;102850016;25992.010010/19-40;LABORATORIOS GEMBALLA LTDA - 85.776.524/0001-21;Inativo;09/2003;erythrina mulungu;incluido_alias_completo;Inativo;102850016;25992 010010 19 40;passicalm;laboratorios gemballa ltda 85 776 524 0001 21;;;TRUE;2;Erythrina mulungu | mulungu;erythrina mulungu mart.
92;Mulungu/ mulungu-do-litoral/ eritrina-candelabro/ amansa-senhor / árvore-de-coral / bico-de-papagaio / corticeira / flor-de-coral / corticeira-da-serra / corticeira-do-mato / sinhanduva;REG:104040041;Erythrina mulungu;erythrina mulungu mart.;63;Erythrina_mulungu__erythrina_mulungu_mart.xlsx;PASSIFLORA COMPOSTA;PASSILEX;;REGISTRADO;104040041;25992.016414/70;LUPER INDÚSTRIA FARMACÊUTICA LTDA - 61.299.111/0001-35;Inativo;01/2000;erythrina mulungu;incluido_alias_completo;Inativo;104040041;25992 016414 70;passiflora composta;luper industria farmaceutica ltda 61 299 111 0001 35;;;TRUE;2;Erythrina mulungu | mulungu;erythrina mulungu mart.
92;Mulungu/ mulungu-do-litoral/ eritrina-candelabro/ amansa-senhor / árvore-de-coral / bico-de-papagaio / corticeira / flor-de-coral / corticeira-da-serra / corticeira-do-mato / sinhanduva;REG:10440003;Erythrina mulungu;erythrina mulungu mart.;63;Erythrina_mulungu__erythrina_mulungu_mart.xlsx;CALMAPAX;;;REGISTRADO;10440003;25991.008425/81;CELLERA FARMACÊUTICA S.A. - 33.173.097/0002-74;Inativo;09/2008;erythrina mulungu;incluido_alias_completo;Inativo;10440003;25991 008425 81;calmapax;cellera farmaceutica s a 33 173 097 0002 74;;;TRUE;2;Erythrina mulungu | mulungu;erythrina mulungu mart.
92;Mulungu/ mulungu-do-litoral/ eritrina-candelabro/ amansa-senhor / árvore-de-coral / bico-de-papagaio / corticeira / flor-de-coral / corticeira-da-serra / corticeira-do-mato / sinhanduva;REG:104760010;Erythrina mulungu;erythrina mulungu mart.;63;Erythrina_mulungu__erythrina_mulungu_mart.xlsx;CARDIOSETYL;;;REGISTRADO;104760010;25991.001927/77;LABORATORIO QUIMICO FARMACEUTICO BARROS LTDA - 21.573.449/0001-19;Inativo;04/2004;erythrina mulungu;incluido_alias_completo;Inativo;104760010;25991 001927 77;cardiosetyl;laboratorio quimico farmaceutico barros ltda 21 573 449 0001 19;;;TRUE;2;Erythrina mulungu | mulungu;erythrina mulungu mart.
92;Mulungu/ mulungu-do-litoral/ eritrina-candelabro/ amansa-senhor / árvore-de-coral / bico-de-papagaio / corticeira / flor-de-coral / corticeira-da-serra / corticeira-do-mato / sinhanduva;REG:105770050;Erythrina mulungu;erythrina mulungu mart.;63;Erythrina_mulungu__erythrina_mulungu_mart.xlsx;PASSANEURO;;;REGISTRADO;105770050;25001.003412/83;LABORATIL FARMACEUTICA LTDA - 47.100.862/0001-50;Inativo;02/2007;erythrina mulungu;incluido_alias_completo;Inativo;105770050;25001 003412 83;passaneuro;laboratil farmaceutica ltda 47 100 862 0001 50;;;TRUE;2;Erythrina mulungu | mulungu;erythrina mulungu mart.
92;Mulungu/ mulungu-do-litoral/ eritrina-candelabro/ amansa-senhor / árvore-de-coral / bico-de-papagaio / corticeira / flor-de-coral / corticeira-da-serra / corticeira-do-mato / sinhanduva;REG:105890015;Erythrina mulungu;erythrina mulungu mart.;63;Erythrina_mulungu__erythrina_mulungu_mart.xlsx;PASSIFLORA DA ÍNDIA;;;REGISTRADO;105890015;25001.007127/86;LABORATÓRIO FARMACÊUTICO FLORA DA ÍNDIA LTDA. - 87.104.170/0001-02;Inativo;04/2008;erythrina mulungu;incluido_alias_completo;Inativo;105890015;25001 007127 86;passiflora da india;laboratorio farmaceutico flora da india ltda 87 104 170 0001 02;;;TRUE;2;Erythrina mulungu | mulungu;erythrina mulungu mart.
92;Mulungu/ mulungu-do-litoral/ eritrina-candelabro/ amansa-senhor / árvore-de-coral / bico-de-papagaio / corticeira / flor-de-coral / corticeira-da-serra / corticeira-do-mato / sinhanduva;REG:106890038;Erythrina mulungu;erythrina mulungu mart.;63;Erythrina_mulungu__erythrina_mulungu_mart.xlsx;RITMONEURAN;;;REGISTRADO;106890038;25001.005919/78;KLEY HERTZ FARMACEUTICA S.A - 92.695.691/0001-03;Inativo;10/2009;erythrina mulungu;incluido_alias_completo;Inativo;106890038;25001 005919 78;ritmoneuran;kley hertz farmaceutica s a 92 695 691 0001 03;;;TRUE;2;Erythrina mulungu | mulungu;erythrina mulungu mart.
92;Mulungu/ mulungu-do-litoral/ eritrina-candelabro/ amansa-senhor / árvore-de-coral / bico-de-papagaio / corticeira / flor-de-coral / corticeira-da-serra / corticeira-do-mato / sinhanduva;REG:116780020;Erythrina velutina;erythrina velutina willd.;64;Erythrina_velutina__erythrina_velutina_willd.xlsx;FLOR DA NOITE COMPOSTA;;dorstenia arifolia lam., cereus jamacaru dc., erythrina velutina willd., himatanthus lancifolius (mull.arg.) woodson;REGISTRADO;116780020;25351.535663/2010-37;AS ERVAS CURAM INDUSTRIA FARMACEUTICA LTDA - 79.634.572/0001-82;Ativo;03/2027;erythrina velutina;incluido_alias_completo;Ativo;116780020;25351 535663 2010 37;flor da noite composta;as ervas curam industria farmaceutica ltda 79 634 572 0001 82;dorstenia arifolia lam cereus jamacaru dc erythrina velutina willd himatanthus lancifolius mull arg woodson;2010;TRUE;1;Erythrina velutina;erythrina velutina willd.
92;Mulungu/ mulungu-do-litoral/ eritrina-candelabro/ amansa-senhor / árvore-de-coral / bico-de-papagaio / corticeira / flor-de-coral / corticeira-da-serra / corticeira-do-mato / sinhanduva;REG:122830011;Erythrina mulungu;erythrina mulungu mart.;63;Erythrina_mulungu__erythrina_mulungu_mart.xlsx;SEDANUS;;;REGISTRADO;122830011;25991.004257/81;DM INDÚSTRIA FARMACÊUTICA LTDA - 67.866.665/0002-34;Inativo;09/2002;erythrina mulungu;incluido_alias_completo;Inativo;122830011;25991 004257 81;sedanus;dm industria farmaceutica ltda 67 866 665 0002 34;;;TRUE;2;Erythrina mulungu | mulungu;erythrina mulungu mart.
92;Mulungu/ mulungu-do-litoral/ eritrina-candelabro/ amansa-senhor / árvore-de-coral / bico-de-papagaio / corticeira / flor-de-coral / corticeira-da-serra / corticeira-do-mato / sinhanduva;REG:122830100;Erythrina mulungu;erythrina mulungu mart.;63;Erythrina_mulungu__erythrina_mulungu_mart.xlsx;MARACUGINA COMPOSTA;;;REGISTRADO;122830100;25001.025729/84;DM INDÚSTRIA FARMACÊUTICA LTDA - 67.866.665/0002-34;Inativo;10/2012;erythrina mulungu;incluido_alias_completo;Inativo;122830100;25001 025729 84;maracugina composta;dm industria farmaceutica ltda 67 866 665 0002 34;;;TRUE;2;Erythrina mulungu | mulungu;erythrina mulungu mart.
92;Mulungu/ mulungu-do-litoral/ eritrina-candelabro/ amansa-senhor / árvore-de-coral / bico-de-papagaio / corticeira / flor-de-coral / corticeira-da-serra / corticeira-do-mato / sinhanduva;REG:137070024;Erythrina mulungu;erythrina mulungu mart.;63;Erythrina_mulungu__erythrina_mulungu_mart.xlsx;PASSIFLORA;;;REGISTRADO;137070024;25000.007412/78;FLORA MEDICINAL J. MONTEIRO DA SILVA LTDA - 02.007.074/0001-85;Inativo;10/2004;erythrina mulungu;incluido_alias_completo;Inativo;137070024;25000 007412 78;passiflora;flora medicinal j monteiro da silva ltda 02 007 074 0001 85;;;TRUE;2;Erythrina mulungu | mulungu;erythrina mulungu mart.
92;Mulungu/ mulungu-do-litoral/ eritrina-candelabro/ amansa-senhor / árvore-de-coral / bico-de-papagaio / corticeira / flor-de-coral / corticeira-da-serra / corticeira-do-mato / sinhanduva;REG:172870051;Erythrina mulungu;erythrina mulungu mart.;63;Erythrina_mulungu__erythrina_mulungu_mart.xlsx;MARACUGINA COMPOSTA;;;REGISTRADO;172870051;25351.137607/2008-51;Hypera S.A. - 02.932.074/0001-91;Inativo;10/2012;erythrina mulungu;incluido_alias_completo;Inativo;172870051;25351 137607 2008 51;maracugina composta;hypera s a 02 932 074 0001 91;;2008;TRUE;2;Erythrina mulungu | mulungu;erythrina mulungu mart.
92;Mulungu/ mulungu-do-litoral/ eritrina-candelabro/ amansa-senhor / árvore-de-coral / bico-de-papagaio / corticeira / flor-de-coral / corticeira-da-serra / corticeira-do-mato / sinhanduva;REG:178170014;Erythrina mulungu;erythrina mulungu mart.;63;Erythrina_mulungu__erythrina_mulungu_mart.xlsx;MARACUGINA COMPOSTA;;;REGISTRADO;178170014;25351.637597/2009-94;COSMED INDUSTRIA DE COSMETICOS E MEDICAMENTOS S.A. - 61.082.426/0002-07;Inativo;10/2012;erythrina mulungu;incluido_alias_completo;Inativo;178170014;25351 637597 2009 94;maracugina composta;cosmed industria de cosmeticos e medicamentos s a 61 082 426 0002 07;;2009;TRUE;2;Erythrina mulungu | mulungu;erythrina mulungu mart.
93;Oliveira / Oliva;REG:100410112;oliva;óleo de oliva;369;oliva__ÓLEO_DE_OLIVA.xlsx;SMOFLIPID 20%;;ÓLEO DE SOJA, TRIGLICERÍDEOS CADEIA MÉDIA, ÓLEO DE OLIVA, ÓLEO DE PEIXE;REGISTRADO;100410112;25351.138512/2005-10;FRESENIUS KABI BRASIL LTDA - 49.324.221/0001-04;Ativo;07/2035;oliva;incluido_alias_completo;Ativo;100410112;25351 138512 2005 10;smoflipid 20;fresenius kabi brasil ltda 49 324 221 0001 04;oleo de soja triglicerideos cadeia media oleo de oliva oleo de peixe;2005;TRUE;1;oliva;óleo de oliva
93;Oliveira / Oliva;REG:100410149;oliva;óleo de oliva;369;oliva__ÓLEO_DE_OLIVA.xlsx;SMOFKABIVEN LIVRE DE ELETRÓLITOS;;ALANINA, ARGININA, GLICINA, HISTIDINA, ISOLEUCINA, LEUCINA, ACETATO DE LISINA, metionina (11 C), FENILALANINA, PROLINA, SERINA, TAURINA, TREONINA, TRIPTOFANo, TIROSINA, LEVOVALINA, GLICOSE MONOHIDRATADA, ÓLEO DE SOJA, TRIGLICERÍDEOS CADEIA MÉDIA, ÓLEO DE OLIVA, ÓLEO DE PEIXE;REGISTRADO;100410149;25351.321579/2010-54;FRESENIUS KABI BRASIL LTDA - 49.324.221/0001-04;Ativo;10/2027;oliva;incluido_alias_completo;Ativo;100410149;25351 321579 2010 54;smofkabiven livre de eletrolitos;fresenius kabi brasil ltda 49 324 221 0001 04;alanina arginina glicina histidina isoleucina leucina acetato de lisina metionina 11 c fenilalanina prolina serina taurina treonina triptofano tirosina levovalina glicose monohidratada oleo de soja triglicerideos cadeia media oleo de oliva oleo de peixe;2010;TRUE;1;oliva;óleo de oliva
93;Oliveira / Oliva;REG:100410150;oliva;óleo de oliva;369;oliva__ÓLEO_DE_OLIVA.xlsx;SMOFKABIVEN;PERIPHERAL, EXTRA NITROGEN;ALANINA, ARGININA, GLICINA, HISTIDINA, ISOLEUCINA, LEUCINA, ACETATO DE LISINA, levometionina, FENILALANINA, PROLINA, SERINA, TAURINA, TREONINA, TRIPTOFANo, TIROSINA, LEVOVALINA, cloreto de cálcio diidratado, GLICEROFOSFATO DE SÓDIO, SULFATO DE MAGNÉSIO HEPTAIDRATADO, CLORETO DE POTÁSSIO, ACETATO DE SÓDIO TRIHIDRATADO, SULFATO DE ZINCO HEPTAIDRATADO, GLICOSE MONOHIDRATADA, ÓLEO DE SOJA, TRIGLICERÍDEOS DE CADEIA MÉDIA, ÓLEO DE OLIVA, ÓLEO DE PEIXE, racealfatocoferol, GLICEROL;REGISTRADO;100410150;25351.610080/2013-27;FRESENIUS KABI BRASIL LTDA - 49.324.221/0001-04;Ativo;07/2029;oliva;incluido_alias_completo;Ativo;100410150;25351 610080 2013 27;smofkabiven;fresenius kabi brasil ltda 49 324 221 0001 04;alanina arginina glicina histidina isoleucina leucina acetato de lisina levometionina fenilalanina prolina serina taurina treonina triptofano tirosina levovalina cloreto de calcio diidratado glicerofosfato de sodio sulfato de magnesio heptaidratado cloreto de potassio acetato de sodio trihidratado sulfato de zinco heptaidratado glicose monohidratada oleo de soja triglicerideos de cadeia media oleo de oliva oleo de peixe racealfatocoferol glicerol;2013;TRUE;1;oliva;óleo de oliva
93;Oliveira / Oliva;REG:101430052;oliva;óleo de oliva;369;oliva__ÓLEO_DE_OLIVA.xlsx;SENCIL;SENCIL GAZES, SENCIL DERMATOLOGICO, SENCIL PROCTOLOGICO, SENCIL GINECOLOGICO;;REGISTRADO;101430052;25000.020701/98-18;MEGALABS FARMACEUTICA S.A. - 33.026.055/0001-20;Inativo;05/2006;oliva;incluido_alias_completo;Inativo;101430052;25000 020701 98 18;sencil;megalabs farmaceutica s a 33 026 055 0001 20;;;TRUE;1;oliva;óleo de oliva
93;Oliveira / Oliva;REG:106830117;oliva;óleo de oliva;369;oliva__ÓLEO_DE_OLIVA.xlsx;CLINOLEIC;;;REGISTRADO;106830117;25000.012813/99-69;BAXTER HOSPITALAR LTDA - 49.351.786/0002-61;Inativo;05/2027;oliva;incluido_alias_completo;Inativo;106830117;25000 012813 99 69;clinoleic;baxter hospitalar ltda 49 351 786 0002 61;;;TRUE;1;oliva;óleo de oliva
93;Oliveira / Oliva;REG:106830157;oliva;óleo de oliva;369;oliva__ÓLEO_DE_OLIVA.xlsx;OLICLINOMEL;;;REGISTRADO;106830157;25351.081560/2004-30;BAXTER HOSPITALAR LTDA - 49.351.786/0002-61;Inativo;06/2015;oliva;incluido_alias_completo;Inativo;106830157;25351 081560 2004 30;oliclinomel;baxter hospitalar ltda 49 351 786 0002 61;;2004;TRUE;1;oliva;óleo de oliva
93;Oliveira / Oliva;REG:106830176;oliva;óleo de oliva;369;oliva__ÓLEO_DE_OLIVA.xlsx;OLICLINOMEL N8-800;;;REGISTRADO;106830176;25351.038650/2008-34;BAXTER HOSPITALAR LTDA - 49.351.786/0002-61;Inativo;11/2015;oliva;incluido_alias_completo;Inativo;106830176;25351 038650 2008 34;oliclinomel n8 800;baxter hospitalar ltda 49 351 786 0002 61;;2008;TRUE;1;oliva;óleo de oliva
93;Oliveira / Oliva;REG:106830181;oliva;óleo de oliva;369;oliva__ÓLEO_DE_OLIVA.xlsx;OLIMEL;N4E, N5E, N7E, N9E;ALANINA, ARGININA, ÁCIDO ASPÁRTICO, ÁCIDO GLUTÂMICO, GLICINA, HISTIDINA, ISOLEUCINA, LEUCINA, ACETATO DE LISINA, levometionina, FENILALAMINA, PROLINA, SERINA, TREONINA, TRIPTOFANo, TIROSINA, LEVOVALINA, ACETATO DE SÓDIO TRI-HIDRATADO , ACETATO DE SÓDIO TRIHIDRATADO, GLICEROFOSFATO DE SÓDIO, CLORETO DE POTÁSSIO, CLORETO DE MAGNÉSIO HEXAIDRATADO, GLICOSE MONOHIDRATADA, GLICOSE MONOIDRATADA, CLORETO DE CÁLCIO DI-HIDRATADO, cloreto de cálcio diidratado, ÓLEO DE OLIVA, ÓLEO DE SOJA, FENILALANINA;REGISTRADO;106830181;25351.742952/2010-73;BAXTER HOSPITALAR LTDA - 49.351.786/0002-61;Ativo;07/2028;oliva;incluido_alias_completo;Ativo;106830181;25351 742952 2010 73;olimel;baxter hospitalar ltda 49 351 786 0002 61;alanina arginina acido aspartico acido glutamico glicina histidina isoleucina leucina acetato de lisina levometionina fenilalamina prolina serina treonina triptofano tirosina levovalina acetato de sodio tri hidratado acetato de sodio trihidratado glicerofosfato de sodio cloreto de potassio cloreto de magnesio hexaidratado glicose monohidratada glicose monoidratada cloreto de calcio di hidratado cloreto de calcio diidratado oleo de oliva oleo de soja fenilalanina;2010;TRUE;1;oliva;óleo de oliva
93;Oliveira / Oliva;REG:106830185;oliva;óleo de oliva;369;oliva__ÓLEO_DE_OLIVA.xlsx;Numeta Neo;;ALANINA, ARGININA, ÁCIDO ASPÁRTICO, CISTEÍNA, ÁCIDO GLUTÂMICO, GLICINA, HISTIDINA, ISOLEUCINA, LEUCINA, LISINA, levometionina, CLORIDRATO DE ORNITINA, FENILALANINA, PROLINA, SERINA, TAURINA, TREONINA, TRIPTOFANo, TIROSINA, LEVOVALINA, ACETATO DE POTÁSSIO, ACETATO DE MAGNÉSIO TETRAIDRATADO, GLICEROFOSFATO DE SÓDIO, GLICOSE MONOIDRATADA, ÓLEO DE OLIVA, ÓLEO DE SOJA, cloreto de cálcio diidratado;REGISTRADO;106830185;25351.113004/2019-16;BAXTER HOSPITALAR LTDA - 49.351.786/0002-61;Ativo;03/2030;oliva;incluido_alias_completo;Ativo;106830185;25351 113004 2019 16;numeta neo;baxter hospitalar ltda 49 351 786 0002 61;alanina arginina acido aspartico cisteina acido glutamico glicina histidina isoleucina leucina lisina levometionina cloridrato de ornitina fenilalanina prolina serina taurina treonina triptofano tirosina levovalina acetato de potassio acetato de magnesio tetraidratado glicerofosfato de sodio glicose monoidratada oleo de oliva oleo de soja cloreto de calcio diidratado;2019;TRUE;1;oliva;óleo de oliva
93;Oliveira / Oliva;REG:106830186;oliva;óleo de oliva;369;oliva__ÓLEO_DE_OLIVA.xlsx;NUMETA PED;NUMETA PED;ALANINA, ARGININA, ÁCIDO ASPÁRTICO, CISTEÍNA, ÁCIDO GLUTÂMICO, GLICINA, HISTIDINA, ISOLEUCINA, LEUCINA, LISINA, levometionina, CLORIDRATO DE ORNITINA, FENILALANINA, PROLINA, SERINA, TAURINA, TREONINA, TRIPTOFANo, TIROSINA, LEVOVALINA, CLORETO DE SÓDIO, ACETATO DE POTÁSSIO, cloreto de cálcio diidratado, ACETATO DE MAGNÉSIO TETRAIDRATADO, GLICEROFOSFATO DE SÓDIO, GLICOSE MONOIDRATADA, ÓLEO DE OLIVA, ÓLEO DE SOJA;REGISTRADO;106830186;25351.076976/2019-12;BAXTER HOSPITALAR LTDA - 49.351.786/0002-61;Ativo;04/2030;oliva;incluido_alias_completo;Ativo;106830186;25351 076976 2019 12;numeta ped;baxter hospitalar ltda 49 351 786 0002 61;alanina arginina acido aspartico cisteina acido glutamico glicina histidina isoleucina leucina lisina levometionina cloridrato de ornitina fenilalanina prolina serina taurina treonina triptofano tirosina levovalina cloreto de sodio acetato de potassio cloreto de calcio diidratado acetato de magnesio tetraidratado glicerofosfato de sodio glicose monoidratada oleo de oliva oleo de soja;2019;TRUE;1;oliva;óleo de oliva
94;Pata-de-vaca / bauínia / capa-bode / casco-de-burro / casco-de-vaca / ceroula-de-homem / miroró / miriró / mororó / pata-de-boi / pata-de-veado / pé-de-boi / unha-de-anta / unha-de-boi / unha-de-boi-de-espinho / unha-de-vaca / unha-de-veado / Brazilian orchid-tree / cow’s-foot / pezuña de vaca / pesña de vaca;REG:102470070;Bauhinia forficata;bauhinia forficata l.;22;Bauhinia_forficata__bauhinia_forficata_l.xlsx;TARUBELIS;;;REGISTRADO;102470070;25992.020470/75;HOMEOPATIA WALDEMIRO PEREIRA LABORATORIO INDUSTRIAL FARMACEUTICO LTDA - 76.440.528/0001-43;Inativo;03/2001;bauhinia forficata;incluido_alias_completo;Inativo;102470070;25992 020470 75;tarubelis;homeopatia waldemiro pereira laboratorio industrial farmaceutico ltda 76 440 528 0001 43;;;TRUE;1;Bauhinia forficata;bauhinia forficata l.
98;Plantago / Psyllium;REG:100431017;plantago;plantago ovata forssk.;380;plantago__plantago_ovata_forssk.xlsx;POVATA;;;REGISTRADO;100431017;25351.309222/2008-00;EUROFARMA LABORATORIOS S.A. - 61.190.096/0001-92;Inativo;04/2019;plantago ovata;incluido_alias_completo;Inativo;100431017;25351 309222 2008 00;povata;eurofarma laboratorios s a 61 190 096 0001 92;;2008;TRUE;2;plantago | plantago ovata;plantago ovata forssk.
98;Plantago / Psyllium;REG:100770041;plantago;plantago major l.;379;plantago__plantago_major_l.xlsx;CASSAÚ COMPOSTO;;;REGISTRADO;100770041;25992.015115/70;CIBECOL INDUSTRIAL FARMACÊUTICA LTDA - 92.943.992/0001-09;Inativo;12/2005;plantago;incluido_alias_completo;Inativo;100770041;25992 015115 70;cassau composto;cibecol industrial farmaceutica ltda 92 943 992 0001 09;;;TRUE;1;plantago;plantago major l.
98;Plantago / Psyllium;REG:100770043;plantago;plantago major l.;379;plantago__plantago_major_l.xlsx;SALSAPARILHA COMPOSTO;;;REGISTRADO;100770043;25992.015116/70;CIBECOL INDUSTRIAL FARMACÊUTICA LTDA - 92.943.992/0001-09;Inativo;03/2006;plantago;incluido_alias_completo;Inativo;100770043;25992 015116 70;salsaparilha composto;cibecol industrial farmaceutica ltda 92 943 992 0001 09;;;TRUE;1;plantago;plantago major l.
98;Plantago / Psyllium;REG:101550244;plantago;plantago ovata forssk.;380;plantago__plantago_ovata_forssk.xlsx;NORMATEN FIBER;;;REGISTRADO;101550244;25351.724574/2010-41;MARJAN INDÚSTRIA E COMÉRCIO LTDA - 60.726.692/0001-81;Inativo;04/2027;plantago ovata;incluido_alias_completo;Inativo;101550244;25351 724574 2010 41;normaten fiber;marjan industria e comercio ltda 60 726 692 0001 81;;2010;TRUE;2;plantago | plantago ovata;plantago ovata forssk.
98;Plantago / Psyllium;REG:101590032;plantago;plantago major l.;379;plantago__plantago_major_l.xlsx;FUMASIL;;;REGISTRADO;101590032;25991.002248/80;SIDEPAL INDUSTRIAL COMERCIAL LTDA - 61.374.823/0001-71;Inativo;04/2010;plantago;incluido_alias_completo;Inativo;101590032;25991 002248 80;fumasil;sidepal industrial comercial ltda 61 374 823 0001 71;;;TRUE;1;plantago;plantago major l.
98;Plantago / Psyllium;REG:102350994;plantago;plantago ovata forssk.;380;plantago__plantago_ovata_forssk.xlsx;FIBIRAX   PLANT;;;REGISTRADO;102350994;25351.578916/2009-33;EMS S/A - 57.507.378/0003-65;Inativo;07/2025;plantago ovata;incluido_alias_completo;Inativo;102350994;25351 578916 2009 33;fibirax plant;ems s a 57 507 378 0003 65;;2009;TRUE;2;plantago | plantago ovata;plantago ovata forssk.
98;Plantago / Psyllium;REG:102470015;plantago;plantago major l.;379;plantago__plantago_major_l.xlsx;CESSAOTITE;;;REGISTRADO;102470015;25992.013060/75;HOMEOPATIA WALDEMIRO PEREIRA LABORATORIO INDUSTRIAL FARMACEUTICO LTDA - 76.440.528/0001-43;Inativo;12/1985;plantago;incluido_alias_completo;Inativo;102470015;25992 013060 75;cessaotite;homeopatia waldemiro pereira laboratorio industrial farmaceutico ltda 76 440 528 0001 43;;;TRUE;1;plantago;plantago major l.
98;Plantago / Psyllium;REG:102470060;plantago;plantago major l.;379;plantago__plantago_major_l.xlsx;ANTINICÓS;;;REGISTRADO;102470060;25992.009199/76;HOMEOPATIA WALDEMIRO PEREIRA LABORATORIO INDUSTRIAL FARMACEUTICO LTDA - 76.440.528/0001-43;Inativo;03/2005;plantago;incluido_alias_completo;Inativo;102470060;25992 009199 76;antinicos;homeopatia waldemiro pereira laboratorio industrial farmaceutico ltda 76 440 528 0001 43;;;TRUE;1;plantago;plantago major l.
98;Plantago / Psyllium;REG:102660114;plantago;plantago ovata forssk.;380;plantago__plantago_ovata_forssk.xlsx;LAXOFIBRA;;;REGISTRADO;102660114;25351.034192/01-17;FARMÁCIA E LABORATÓRIO HOMEOPÁTICO ALMEIDA PRADO LTDA - 60.862.208/0001-41;Inativo;05/2013;plantago ovata;incluido_alias_completo;Inativo;102660114;25351 034192 01 17;laxofibra;farmacia e laboratorio homeopatico almeida prado ltda 60 862 208 0001 41;;;TRUE;2;plantago | plantago ovata;plantago ovata forssk.
98;Plantago / Psyllium;REG:102660147;plantago;plantago major l.;379;plantago__plantago_major_l.xlsx;COMPLEXO HOMEOPÁTICO PLANTAGO MAJOR ALMEIDA PRADO 7;;;REGISTRADO;102660147;25992.017370/70;FARMÁCIA E LABORATÓRIO HOMEOPÁTICO ALMEIDA PRADO LTDA - 60.862.208/0001-41;Inativo;03/2011;plantago;incluido_alias_completo;Inativo;102660147;25992 017370 70;complexo homeopatico plantago major almeida prado 7;farmacia e laboratorio homeopatico almeida prado ltda 60 862 208 0001 41;;;TRUE;1;plantago;plantago major l.
98;Plantago / Psyllium;REG:103940553;plantago;plantago psyllium l.;381;plantago__plantago_psyllium_l.xlsx;PARAPSYL;;;REGISTRADO;103940553;25351.077882/2009-34;LABORATÓRIO AMERICANO DE FARMACOTERAPIA S/A - 61.150.819/0001-20;Inativo;03/2014;plantago;incluido_alias_completo;Inativo;103940553;25351 077882 2009 34;parapsyl;laboratorio americano de farmacoterapia s a 61 150 819 0001 20;;2009;TRUE;2;plantago | psyllium;plantago psyllium l.
98;Plantago / Psyllium;REG:104041982;plantago;plantago ovata forssk.;380;plantago__plantago_ovata_forssk.xlsx;PLANTACIL;;;REGISTRADO;104041982;25351.267799/2004-03;LUPER INDÚSTRIA FARMACÊUTICA LTDA - 61.299.111/0001-35;Inativo;11/2015;plantago ovata;incluido_alias_completo;Inativo;104041982;25351 267799 2004 03;plantacil;luper industria farmaceutica ltda 61 299 111 0001 35;;2004;TRUE;2;plantago | plantago ovata;plantago ovata forssk.
98;Plantago / Psyllium;REG:104640013;plantago;plantago psyllium l.;381;plantago__plantago_psyllium_l.xlsx;PARAPSYL;;;REGISTRADO;104640013;25351.026711/00-56;BARRENNE INDÚSTRIA FARMACÊUTICA LTDA - 33.043.308/0001-73;Inativo;05/2011;plantago;incluido_alias_completo;Inativo;104640013;25351 026711 00 56;parapsyl;barrenne industria farmaceutica ltda 33 043 308 0001 73;;;TRUE;2;plantago | psyllium;plantago psyllium l.
98;Plantago / Psyllium;REG:105830778;plantago;plantago ovata forssk.;380;plantago__plantago_ovata_forssk.xlsx;FIBRATA;;;REGISTRADO;105830778;25351.102469/2013-74;GERMED FARMACEUTICA LTDA - 45.992.062/0001-65;Inativo;05/2019;plantago ovata;incluido_alias_completo;Inativo;105830778;25351 102469 2013 74;fibrata;germed farmaceutica ltda 45 992 062 0001 65;;2013;TRUE;2;plantago | plantago ovata;plantago ovata forssk.
98;Plantago / Psyllium;REG:106390173;plantago;plantago ovata forssk.;380;plantago__plantago_ovata_forssk.xlsx;AGIOFIBRA;;;REGISTRADO;106390173;25001.013385/85;TAKEDA PHARMA LTDA. - 60.397.775/0001-74;Inativo;09/2010;plantago ovata;incluido_alias_completo;Inativo;106390173;25001 013385 85;agiofibra;takeda pharma ltda 60 397 775 0001 74;;;TRUE;2;plantago | plantago ovata;plantago ovata forssk.
98;Plantago / Psyllium;REG:106390184;plantago;plantago ovata forssk.;380;plantago__plantago_ovata_forssk.xlsx;AGIOLAX;;;REGISTRADO;106390184;25992.008282/75;TAKEDA PHARMA LTDA. - 60.397.775/0001-74;Inativo;06/2020;plantago ovata;incluido_alias_completo;Inativo;106390184;25992 008282 75;agiolax;takeda pharma ltda 60 397 775 0001 74;;;TRUE;2;plantago | plantago ovata;plantago ovata forssk.
98;Plantago / Psyllium;REG:106390205;plantago;plantago ovata forssk.;380;plantago__plantago_ovata_forssk.xlsx;PLANTABEN;;;REGISTRADO;106390205;25000.019337/99-52;TAKEDA PHARMA LTDA. - 60.397.775/0001-74;Inativo;12/2020;plantago ovata;incluido_alias_completo;Inativo;106390205;25000 019337 99 52;plantaben;takeda pharma ltda 60 397 775 0001 74;;;TRUE;2;plantago | plantago ovata;plantago ovata forssk.
98;Plantago / Psyllium;REG:106550055;plantago;plantago ovata forssk.;380;plantago__plantago_ovata_forssk.xlsx;PLANTAX;;;REGISTRADO;106550055;25001.001931/85;FARMION LAB BRAS DE FARMACOLOGIA LTDA - 49.744.584/0001-07;Inativo;03/2005;plantago ovata;incluido_alias_completo;Inativo;106550055;25001 001931 85;plantax;farmion lab bras de farmacologia ltda 49 744 584 0001 07;;;TRUE;2;plantago | plantago ovata;plantago ovata forssk.
98;Plantago / Psyllium;REG:113001138;plantago;plantago ovata forssk.;380;plantago__plantago_ovata_forssk.xlsx;FIBRAY;;;REGISTRADO;113001138;25351.219978/2011-57;SANOFI-AVENTIS FARMACÊUTICA LTDA - 02.685.377/0001-57;Inativo;01/2018;plantago ovata;incluido_alias_completo;Inativo;113001138;25351 219978 2011 57;fibray;sanofi aventis farmaceutica ltda 02 685 377 0001 57;;2011;TRUE;2;plantago | plantago ovata;plantago ovata forssk.
98;Plantago / Psyllium;REG:116950038;plantago;plantago ovata forssk.;380;plantago__plantago_ovata_forssk.xlsx;PLANTAGO VITAMED;;;REGISTRADO;116950038;25351.688867/2008-90;LABORATÓRIO FARMACÊUTICO VITAMED LTDA - 29.346.301/0001-53;Inativo;10/2019;plantago ovata;incluido_alias_completo;Inativo;116950038;25351 688867 2008 90;plantago vitamed;laboratorio farmaceutico vitamed ltda 29 346 301 0001 53;;2008;TRUE;2;plantago | plantago ovata;plantago ovata forssk.
98;Plantago / Psyllium;REG:118600047;plantago;plantago psyllium l.;381;plantago__plantago_psyllium_l.xlsx;FIBRACARE;;;REGISTRADO;118600047;25351.021016/2003-58;HERBARIUM LABORATORIO BOTANICO LTDA - 78.950.011/0001-20;Inativo;12/2013;plantago;incluido_alias_completo;Inativo;118600047;25351 021016 2003 58;fibracare;herbarium laboratorio botanico ltda 78 950 011 0001 20;;2003;TRUE;2;plantago | psyllium;plantago psyllium l.
98;Plantago / Psyllium;REG:121420008;plantago;plantago ovata forssk.;380;plantago__plantago_ovata_forssk.xlsx;METAMUCIL;;plantago ovata forssk.;REGISTRADO;121420008;25351.470028/2009-41;PROCTER & GAMBLE DO BRASIL LTDA. - 59.476.770/0001-58;Ativo;02/2028;plantago ovata;incluido_alias_completo;Ativo;121420008;25351 470028 2009 41;metamucil;procter gamble do brasil ltda 59 476 770 0001 58;plantago ovata forssk;2009;TRUE;2;plantago | plantago ovata;plantago ovata forssk.
98;Plantago / Psyllium;REG:121430017;plantago;plantago ovata forssk.;380;plantago__plantago_ovata_forssk.xlsx;Metamucil;;;REGISTRADO;121430017;25991.007171/79;PROCTER & GAMBLE HIGIENE E COSMÉTICOS LTDA - 67.712.562/0001-39;Inativo;02/2010;plantago ovata;incluido_alias_completo;Inativo;121430017;25991 007171 79;metamucil;procter gamble higiene e cosmeticos ltda 67 712 562 0001 39;;;TRUE;2;plantago | plantago ovata;plantago ovata forssk.
98;Plantago / Psyllium;REG:123970030;plantago;plantago psyllium l.;381;plantago__plantago_psyllium_l.xlsx;FIBROX ORIENT;;;REGISTRADO;123970030;25351.057555/2005-97;ORIENT MIX FITOTERÁPICOS DO BRASIL LTDA. - 73.657.876/0001-89;Inativo;06/2015;plantago;incluido_alias_completo;Inativo;123970030;25351 057555 2005 97;fibrox orient;orient mix fitoterapicos do brasil ltda 73 657 876 0001 89;;2005;TRUE;2;plantago | psyllium;plantago psyllium l.
98;Plantago / Psyllium;REG:135690572;plantago;plantago ovata forssk.;380;plantago__plantago_ovata_forssk.xlsx;FIBREMS;;;REGISTRADO;135690572;25351.595239/2009-71;EMS SIGMA PHARMA LTDA - 00.923.140/0001-31;Inativo;07/2025;plantago ovata;incluido_alias_completo;Inativo;135690572;25351 595239 2009 71;fibrems;ems sigma pharma ltda 00 923 140 0001 31;;2009;TRUE;2;plantago | plantago ovata;plantago ovata forssk.
98;Plantago / Psyllium;REG:138410059;plantago;plantago ovata forssk.;380;plantago__plantago_ovata_forssk.xlsx;PLANTOLAXY;;plantago ovata forssk.;REGISTRADO;138410059;25351.123535/2013-01;NATULAB LABORATORIO S.A - 02.456.955/0001-83;Ativo;10/2028;plantago ovata;incluido_alias_completo;Ativo;138410059;25351 123535 2013 01;plantolaxy;natulab laboratorio s a 02 456 955 0001 83;plantago ovata forssk;2013;TRUE;2;plantago | plantago ovata;plantago ovata forssk.
98;Plantago / Psyllium;REG:154230169;plantago;plantago ovata forssk.;380;plantago__plantago_ovata_forssk.xlsx;PLANTALYVE;;;REGISTRADO;154230169;25351.755931/2009-15;GEOLAB INDÚSTRIA FARMACÊUTICA S/A - 03.485.572/0001-04;Inativo;02/2026;plantago ovata;incluido_alias_completo;Inativo;154230169;25351 755931 2009 15;plantalyve;geolab industria farmaceutica s a 03 485 572 0001 04;;2009;TRUE;2;plantago | plantago ovata;plantago ovata forssk.
98;Plantago / Psyllium;REG:155840406;plantago;plantago ovata forssk.;380;plantago__plantago_ovata_forssk.xlsx;PLANTACIL;;;REGISTRADO;155840406;25351.535124/2012-72;BRAINFARMA INDÚSTRIA QUÍMICA E FARMACÊUTICA S.A - 05.161.069/0001-10;Inativo;11/2025;plantago ovata;incluido_alias_completo;Inativo;155840406;25351 535124 2012 72;plantacil;brainfarma industria quimica e farmaceutica s a 05 161 069 0001 10;;2012;TRUE;2;plantago | plantago ovata;plantago ovata forssk.
98;Plantago / Psyllium;REG:167730143;plantago;plantago ovata forssk.;380;plantago__plantago_ovata_forssk.xlsx;PLANTARE;;plantago ovata forssk.;REGISTRADO;167730143;25351.601519/2009-24;LEGRAND PHARMA INDÚSTRIA FARMACÊUTICA LTDA - 05.044.984/0001-26;Ativo;07/2035;plantago ovata;incluido_alias_completo;Ativo;167730143;25351 601519 2009 24;plantare;legrand pharma industria farmaceutica ltda 05 044 984 0001 26;plantago ovata forssk;2009;TRUE;2;plantago | plantago ovata;plantago ovata forssk.
98;Plantago / Psyllium;REG:172870417;plantago;plantago psyllium l.;381;plantago__plantago_psyllium_l.xlsx;PARAPSYL;;;REGISTRADO;172870417;25351.331125/2009-23;Hypera S.A. - 02.932.074/0001-91;Inativo;03/2014;plantago;incluido_alias_completo;Inativo;172870417;25351 331125 2009 23;parapsyl;hypera s a 02 932 074 0001 91;;2009;TRUE;2;plantago | psyllium;plantago psyllium l.
98;Plantago / Psyllium;REG:172870475;plantago;plantago ovata forssk.;380;plantago__plantago_ovata_forssk.xlsx;PLANTACIL;;;REGISTRADO;172870475;25351.515818/2011-81;Hypera S.A. - 02.932.074/0001-91;Inativo;11/2015;plantago ovata;incluido_alias_completo;Inativo;172870475;25351 515818 2011 81;plantacil;hypera s a 02 932 074 0001 91;;2011;TRUE;2;plantago | plantago ovata;plantago ovata forssk.
98;Plantago / Psyllium;REG:178170109;plantago;plantago psyllium l.;381;plantago__plantago_psyllium_l.xlsx;PARAPSYL;;;REGISTRADO;178170109;25351.668224/2009-28;COSMED INDUSTRIA DE COSMETICOS E MEDICAMENTOS S.A. - 61.082.426/0002-07;Inativo;03/2019;plantago;incluido_alias_completo;Inativo;178170109;25351 668224 2009 28;parapsyl;cosmed industria de cosmeticos e medicamentos s a 61 082 426 0002 07;;2009;TRUE;2;plantago | psyllium;plantago psyllium l.
98;Plantago / Psyllium;REG:188300049;plantago;plantago ovata forssk.;380;plantago__plantago_ovata_forssk.xlsx;AGIOLAX;;plantago ovata forssk., senna alexandrina mill.;REGISTRADO;188300049;25351.067920/2018-96;VIATRIS FARMACEUTICA DO BRASIL LTDA - 11.643.096/0001-22;Ativo;06/2035;plantago ovata;incluido_alias_completo;Ativo;188300049;25351 067920 2018 96;agiolax;viatris farmaceutica do brasil ltda 11 643 096 0001 22;plantago ovata forssk senna alexandrina mill;2018;TRUE;2;plantago | plantago ovata;plantago ovata forssk.
98;Plantago / Psyllium;REG:188300051;plantago;plantago ovata forssk.;380;plantago__plantago_ovata_forssk.xlsx;PLANTABEN;;plantago ovata forssk.;REGISTRADO;188300051;25351.067929/2018-05;VIATRIS FARMACEUTICA DO BRASIL LTDA - 11.643.096/0001-22;Ativo;12/2035;plantago ovata;incluido_alias_completo;Ativo;188300051;25351 067929 2018 05;plantaben;viatris farmaceutica do brasil ltda 11 643 096 0001 22;plantago ovata forssk;2018;TRUE;2;plantago | plantago ovata;plantago ovata forssk.
98;Plantago / Psyllium;REG:194270056;plantago;plantago ovata forssk.;380;plantago__plantago_ovata_forssk.xlsx;POVATA;;;REGISTRADO;194270056;25351.012262/2017-01;MOMENTA FARMACÊUTICA LTDA. - 14.806.008/0001-54;Inativo;04/2024;plantago ovata;incluido_alias_completo;Inativo;194270056;25351 012262 2017 01;povata;momenta farmaceutica ltda 14 806 008 0001 54;;2017;TRUE;2;plantago | plantago ovata;plantago ovata forssk.
99;Poejo;REG:114620036;Thymus vulgaris;thymus vulgaris l.;169;Thymus_vulgaris__thymus_vulgaris_l.xlsx;TOMIS;;thymus vulgaris  l.;REGISTRADO;114620036;25351.750457/2018-47;MYRALIS INDÚSTRIA FARMACÊUTICA LTDA - 17.440.261/0001-25;Ativo;11/2029;thymus vulgaris;incluido_alias_completo;Ativo;114620036;25351 750457 2018 47;tomis;myralis industria farmaceutica ltda 17 440 261 0001 25;thymus vulgaris l;2018;TRUE;2;thym | Thymus vulgaris;thymus vulgaris l.
100;Polígala;REG:100660055;polygala senega;polygala senega l.;384;polygala_senega__polygala_senega_l.xlsx;MELAGRIÃO;;mikania glomerata spreng., glinus oppositifolius (l.) aug. dc., polygala senega l., cephaelis ipecacuanha (brot.) a. rich;REGISTRADO;100660055;25992.001794/40;LABORATORIO CATARINENSE LTDA - 84.684.620/0001-87;Ativo;06/2028;polygala senega;incluido_alias_completo;Ativo;100660055;25992 001794 40;melagriao;laboratorio catarinense ltda 84 684 620 0001 87;mikania glomerata spreng glinus oppositifolius l aug dc polygala senega l cephaelis ipecacuanha brot a rich;;TRUE;1;polygala senega;polygala senega l.
100;Polígala;REG:105070017;poligala;poligala;383;poligala__POLIGALA.xlsx;SINOLINA;;;REGISTRADO;105070017;25992.005369/19-35;LABORATORIO KRAEMER LTDA - 92.695.816/0001-03;Inativo;10/2004;poligala;incluido_alias_completo;Inativo;105070017;25992 005369 19 35;sinolina;laboratorio kraemer ltda 92 695 816 0001 03;;;TRUE;1;poligala;poligala
100;Polígala;REG:105070029;poligala;poligala;383;poligala__POLIGALA.xlsx;BECOLINA;;;REGISTRADO;105070029;25992.000461/39;LABORATORIO KRAEMER LTDA - 92.695.816/0001-03;Inativo;10/2004;poligala;incluido_alias_completo;Inativo;105070029;25992 000461 39;becolina;laboratorio kraemer ltda 92 695 816 0001 03;;;TRUE;1;poligala;poligala
101;Quebra-pedra;REG:102640052;Phyllanthus niruri;phyllanthus niruri l.;126;Phyllanthus_niruri__phyllanthus_niruri_l.xlsx;DI-SOLVENTE  JESA SOLUÇÃO;DI-SOLVENTE JESA SOLUÇÃO;;REGISTRADO;102640052;25991.010202/79;MILLER INDUSTRIAL FTCA LTDA - 33.191.735/0001-07;Inativo;02/2003;phyllanthus niruri;incluido_alias_completo;Inativo;102640052;25991 010202 79;di solvente jesa solucao;miller industrial ftca ltda 33 191 735 0001 07;;;TRUE;1;Phyllanthus niruri;phyllanthus niruri l.
102;Quássia;REG:100490017;Quassia amara;quassia amara l.;136;Quassia_amara__quassia_amara_l.xlsx;INFALIVINA;;;REGISTRADO;100490017;25992.001318/54;LABORATÓRIO SAÚDE LTDA - 91.671.792/0001-81;Inativo;06/2010;quassia amara;incluido_alias_completo;Inativo;100490017;25992 001318 54;infalivina;laboratorio saude ltda 91 671 792 0001 81;;;TRUE;2;quassia | Quassia amara;quassia amara l.
102;Quássia;REG:102512419;Quassia amara;quassia amara l.;136;Quassia_amara__quassia_amara_l.xlsx;DIGESTAR;;;REGISTRADO;102512419;25001.010071/80;BRASMEDICA SA IND FTCA - 60.889.557/0001-57;Inativo;10/2000;quassia amara;incluido_alias_completo;Inativo;102512419;25001 010071 80;digestar;brasmedica sa ind ftca 60 889 557 0001 57;;;TRUE;2;quassia | Quassia amara;quassia amara l.
102;Quássia;REG:104340004;quassia;quassia;387;quassia__QUASSIA.xlsx;GASTROGENOL;;;REGISTRADO;104340004;25992.000970/29;PROFARB LTDA - 22.777.676/0001-29;Inativo;10/2009;quassia;incluido_alias_completo;Inativo;104340004;25992 000970 29;gastrogenol;profarb ltda 22 777 676 0001 29;;;TRUE;1;quassia;quassia
104;Sabugueiro/ Sabugueiro-do-brasil;REG:102660074;Sambucus nigra;sambucus nigra l.;153;Sambucus_nigra__sambucus_nigra_l.xlsx;COMPLEXO HOMEOPÁTICO SAMBUCUS ALMEIDA PRADO 47;;;REGISTRADO;102660074;25992.017404/70;FARMÁCIA E LABORATÓRIO HOMEOPÁTICO ALMEIDA PRADO LTDA - 60.862.208/0001-41;Inativo;03/2011;sambucus nigra;incluido_alias_completo;Inativo;102660074;25992 017404 70;complexo homeopatico sambucus almeida prado 47;farmacia e laboratorio homeopatico almeida prado ltda 60 862 208 0001 41;;;TRUE;1;Sambucus nigra;sambucus nigra l.
104;Sabugueiro/ Sabugueiro-do-brasil;REG:102860017;Sambucus australis;sambucus australis cham. & schlecht.;151;Sambucus_australis__sambucus_australis_cham._schlecht.xlsx;ESPÉCIES PURGATIVAS LAXO FLORAL;;;REGISTRADO;102860017;25992.033646/76;LABORATORIO SAUDE LTDA - 92.786.219/0001-86;Inativo;07/2004;sambucus australis;incluido_alias_completo;Inativo;102860017;25992 033646 76;especies purgativas laxo floral;laboratorio saude ltda 92 786 219 0001 86;;;TRUE;1;Sambucus australis;sambucus australis cham. & schlecht.
104;Sabugueiro/ Sabugueiro-do-brasil;REG:104730026;Sambucus nigra;sambucus nigra l.;153;Sambucus_nigra__sambucus_nigra_l.xlsx;Chá de Espécies Laxativas Klein;;;REGISTRADO;104730026;25001.006468/72;VIDORA FARMACÊUTICA LTDA - 92.762.277/0001-70;Inativo;10/2005;sambucus nigra;incluido_alias_completo;Inativo;104730026;25001 006468 72;cha de especies laxativas klein;vidora farmaceutica ltda 92 762 277 0001 70;;;TRUE;1;Sambucus nigra;sambucus nigra l.
104;Sabugueiro/ Sabugueiro-do-brasil;REG:121390022;Sambucus nigra;sambucus nigra l.;153;Sambucus_nigra__sambucus_nigra_l.xlsx;SABUGUEIRO YANTEN;;;REGISTRADO;121390022;25351.038583/2003-43;LABORATORIO YANTEN LTDA - 84.830.074/0001-45;Inativo;11/2008;sambucus nigra;incluido_alias_completo;Inativo;121390022;25351 038583 2003 43;sabugueiro yanten;laboratorio yanten ltda 84 830 074 0001 45;;2003;TRUE;1;Sambucus nigra;sambucus nigra l.
104;Sabugueiro/ Sabugueiro-do-brasil;REG:123420002;Sambucus nigra;sambucus nigra l.;153;Sambucus_nigra__sambucus_nigra_l.xlsx;SINUPRET;;verbena officinalis l, gentiana lutea l., rumex crispus l., primula veris l. e/ou primula elatior (l.) hill, sambucus nigra l.;REGISTRADO;123420002;25351.657131/2021-47;BIONORICA DO BRASIL DISTRIBUICAO E IMPORTACAO LTDA - 19.585.186/0001-16;Ativo;10/2033;sambucus nigra;incluido_alias_completo;Ativo;123420002;25351 657131 2021 47;sinupret;bionorica do brasil distribuicao e importacao ltda 19 585 186 0001 16;verbena officinalis l gentiana lutea l rumex crispus l primula veris l e ou primula elatior l hill sambucus nigra l;2021;TRUE;1;Sambucus nigra;sambucus nigra l.
106;Salgueiro / salgueiro-branco;REG:101550098;Salix alba;salix alba l.;147;Salix_alba__salix_alba_l.xlsx;PASALIX;;passiflora incarnata l., salix alba l., crataegus rhipidophylla gand.;REGISTRADO;101550098;25001.007471/87;MARJAN INDÚSTRIA E COMÉRCIO LTDA - 60.726.692/0001-81;Ativo;05/2030;salix alba;incluido_alias_completo;Ativo;101550098;25001 007471 87;pasalix;marjan industria e comercio ltda 60 726 692 0001 81;passiflora incarnata l salix alba l crataegus rhipidophylla gand;;TRUE;1;Salix alba;salix alba l.
106;Salgueiro / salgueiro-branco;REG:102980331;Salix alba;salix alba l.;147;Salix_alba__salix_alba_l.xlsx;PASIC;;;REGISTRADO;102980331;25351.020698/2003-81;CRISTÁLIA PRODUTOS QUÍMICOS FARMACÊUTICOS LTDA. - 44.734.671/0001-51;Inativo;09/2008;salix alba;incluido_alias_completo;Inativo;102980331;25351 020698 2003 81;pasic;cristalia produtos quimicos farmaceuticos ltda 44 734 671 0001 51;;2003;TRUE;1;Salix alba;salix alba l.
106;Salgueiro / salgueiro-branco;REG:103970024;Salix alba;salix alba l.;147;Salix_alba__salix_alba_l.xlsx;PASSIFLORINE;;;REGISTRADO;103970024;25991.001085/80;PRODUTOS FARMACÊUTICOS MILLET ROUX - 33.388.182/0001-79;Inativo;06/2006;salix alba;incluido_alias_completo;Inativo;103970024;25991 001085 80;passiflorine;produtos farmaceuticos millet roux 33 388 182 0001 79;;;TRUE;1;Salix alba;salix alba l.
106;Salgueiro / salgueiro-branco;REG:105760126;Salix alba;salix alba l.;147;Salix_alba__salix_alba_l.xlsx;CEPHALIX;;;REGISTRADO;105760126;25351.130651/2011-04;LABORATORIO SIMOES LTDA. - 33.379.884/0001-96;Inativo;10/2017;salix alba;incluido_alias_completo;Inativo;105760126;25351 130651 2011 04;cephalix;laboratorio simoes ltda 33 379 884 0001 96;;2011;TRUE;1;Salix alba;salix alba l.
106;Salgueiro / salgueiro-branco;REG:105770174;Salix alba;salix alba l.;147;Salix_alba__salix_alba_l.xlsx;CALMIPLAN;;;REGISTRADO;105770174;25351.005572/01-44;LABORATIL FARMACEUTICA LTDA - 47.100.862/0001-50;Inativo;10/2006;salix alba;incluido_alias_completo;Inativo;105770174;25351 005572 01 44;calmiplan;laboratil farmaceutica ltda 47 100 862 0001 50;;;TRUE;1;Salix alba;salix alba l.
106;Salgueiro / salgueiro-branco;REG:105830124;Salix alba;salix alba l.;147;Salix_alba__salix_alba_l.xlsx;MARACUJA CONCENTRIX;;;REGISTRADO;105830124;25000.001066/88;GERMED FARMACEUTICA LTDA - 45.992.062/0001-65;Inativo;08/2015;salix alba;incluido_alias_completo;Inativo;105830124;25000 001066 88;maracuja concentrix;germed farmaceutica ltda 45 992 062 0001 65;;;TRUE;1;Salix alba;salix alba l.
106;Salgueiro / salgueiro-branco;REG:106240231;Salix alba;extrato da folha de salix alba (salgueiro);146;Salix_alba__extrato_da_folha_de_salix_alba_salgueiro.xlsx;ACALMIL;;;REGISTRADO;106240231;25351.070459/2003-72;INDÚSTRIA FARMACÊUTICA MILIAN LTDA - 29.333.218/0001-40;Inativo;01/2015;salix alba;incluido_alias_completo;Inativo;106240231;25351 070459 2003 72;acalmil;industria farmaceutica milian ltda 29 333 218 0001 40;;2003;TRUE;2;salgueiro | Salix alba;extrato da folha de salix alba (salgueiro)
106;Salgueiro / salgueiro-branco;REG:106890089;salgueiro;extrato seco de salgueiro;401;salgueiro__EXTRATO_SECO_DE_SALGUEIRO.xlsx;SONOTABS;;;REGISTRADO;106890089;25351.066996/2003-18;KLEY HERTZ FARMACEUTICA S.A - 92.695.691/0001-03;Inativo;06/2005;salgueiro;incluido_alias_completo;Inativo;106890089;25351 066996 2003 18;sonotabs;kley hertz farmaceutica s a 92 695 691 0001 03;;2003;TRUE;1;salgueiro;extrato seco de salgueiro
106;Salgueiro / salgueiro-branco;REG:106890158;Salix alba;salix alba l.;147;Salix_alba__salix_alba_l.xlsx;GALENOGAL ELIXIR;;salix alba l.;REGISTRADO;106890158;25351.123083/2006-59;KLEY HERTZ FARMACEUTICA S.A - 92.695.691/0001-03;Ativo;06/2036;salix alba;incluido_alias_completo;Ativo;106890158;25351 123083 2006 59;galenogal elixir;kley hertz farmaceutica s a 92 695 691 0001 03;salix alba l;2006;TRUE;1;Salix alba;salix alba l.
106;Salgueiro / salgueiro-branco;REG:109740168;Salix alba;salix alba l.;147;Salix_alba__salix_alba_l.xlsx;SERENUS;;crataegus rhipidophylla gand., passiflora incarnata l., salix alba l.;REGISTRADO;109740168;25351.213567/2002-65;BIOLAB SANUS FARMACÊUTICA LTDA - 49.475.833/0001-06;Ativo;12/2027;salix alba;incluido_alias_completo;Ativo;109740168;25351 213567 2002 65;serenus;biolab sanus farmaceutica ltda 49 475 833 0001 06;crataegus rhipidophylla gand passiflora incarnata l salix alba l;2002;TRUE;1;Salix alba;salix alba l.
106;Salgueiro / salgueiro-branco;REG:116800032;salgueiro;extrato seco de salgueiro;401;salgueiro__EXTRATO_SECO_DE_SALGUEIRO.xlsx;SONOTABS;;;REGISTRADO;116800032;25000.027028/98-01;LABORATÓRIOS GALENOGAL LTDA - 90.455.262/0001-33;Inativo;06/2005;salgueiro;incluido_alias_completo;Inativo;116800032;25000 027028 98 01;sonotabs;laboratorios galenogal ltda 90 455 262 0001 33;;;TRUE;1;salgueiro;extrato seco de salgueiro
106;Salgueiro / salgueiro-branco;REG:118190118;Salix alba;extrato da folha de salix alba (salgueiro);146;Salix_alba__extrato_da_folha_de_salix_alba_salgueiro.xlsx;ACALMIL;;;REGISTRADO;118190118;25351.357322/2011-94;MULTILAB INDUSTRIA E COMERCIO DE PRODUTOS FARMACEUTICOS LTDA - 92.265.552/0009-05;Inativo;01/2015;salix alba;incluido_alias_completo;Inativo;118190118;25351 357322 2011 94;acalmil;multilab industria e comercio de produtos farmaceuticos ltda 92 265 552 0009 05;;2011;TRUE;2;salgueiro | Salix alba;extrato da folha de salix alba (salgueiro)
106;Salgueiro / salgueiro-branco;REG:118610017;Salix alba;salix alba l.;147;Salix_alba__salix_alba_l.xlsx;CALMAN;;;REGISTRADO;118610017;25992.005568/53;ATIVUS FARMACÊUTICA LTDA - 64.088.172/0001-41;Inativo;10/2019;salix alba;incluido_alias_completo;Inativo;118610017;25992 005568 53;calman;ativus farmaceutica ltda 64 088 172 0001 41;;;TRUE;1;Salix alba;salix alba l.
106;Salgueiro / salgueiro-branco;REG:118610107;Salix alba;salix alba l.;147;Salix_alba__salix_alba_l.xlsx;FLORINY;;;REGISTRADO;118610107;25351.025343/01-18;ATIVUS FARMACÊUTICA LTDA - 64.088.172/0001-41;Inativo;05/2012;salix alba;incluido_alias_completo;Inativo;118610107;25351 025343 01 18;floriny;ativus farmaceutica ltda 64 088 172 0001 41;;;TRUE;1;Salix alba;salix alba l.
106;Salgueiro / salgueiro-branco;REG:118610114;Salix alba;salix alba l.;147;Salix_alba__salix_alba_l.xlsx;ZORTRIX;;;REGISTRADO;118610114;25351.167143/2002-11;ATIVUS FARMACÊUTICA LTDA - 64.088.172/0001-41;Inativo;09/2012;salix alba;incluido_alias_completo;Inativo;118610114;25351 167143 2002 11;zortrix;ativus farmaceutica ltda 64 088 172 0001 41;;2002;TRUE;1;Salix alba;salix alba l.
106;Salgueiro / salgueiro-branco;REG:118610247;Salix alba;salix alba l.;147;Salix_alba__salix_alba_l.xlsx;BIOFLAN;;;REGISTRADO;118610247;25351.438089/2005-47;ATIVUS FARMACÊUTICA LTDA - 64.088.172/0001-41;Inativo;12/2010;salix alba;incluido_alias_completo;Inativo;118610247;25351 438089 2005 47;bioflan;ativus farmaceutica ltda 64 088 172 0001 41;;2005;TRUE;1;Salix alba;salix alba l.
106;Salgueiro / salgueiro-branco;REG:123970016;Salix alba;salix alba l.;147;Salix_alba__salix_alba_l.xlsx;SALIX ALBA ORIENT;;;REGISTRADO;123970016;25351.215376/2002-38;ORIENT MIX FITOTERÁPICOS DO BRASIL LTDA. - 73.657.876/0001-89;Inativo;05/2008;salix alba;incluido_alias_completo;Inativo;123970016;25351 215376 2002 38;salix alba orient;orient mix fitoterapicos do brasil ltda 73 657 876 0001 89;;2002;TRUE;1;Salix alba;salix alba l.
106;Salgueiro / salgueiro-branco;REG:137640173;Salix alba;salix alba l.;147;Salix_alba__salix_alba_l.xlsx;CALMAN;;crataegus rhipidophylla gand., passiflora incarnata l., salix alba l.;REGISTRADO;137640173;25351.339409/2017-52;ASPEN PHARMA INDÚSTRIA FARMACÊUTICA LTDA - 02.433.631/0001-20;Ativo;10/2029;salix alba;incluido_alias_completo;Ativo;137640173;25351 339409 2017 52;calman;aspen pharma industria farmaceutica ltda 02 433 631 0001 20;crataegus rhipidophylla gand passiflora incarnata l salix alba l;2017;TRUE;1;Salix alba;salix alba l.
106;Salgueiro / salgueiro-branco;REG:138410031;Salix alba;salix alba l.;147;Salix_alba__salix_alba_l.xlsx;SEAKALM;;;REGISTRADO;138410031;25351.004426/2006-87;NATULAB LABORATORIO S.A - 02.456.955/0001-83;Inativo;;salix alba;incluido_alias_completo;Inativo;138410031;25351 004426 2006 87;seakalm;natulab laboratorio s a 02 456 955 0001 83;;2006;TRUE;1;Salix alba;salix alba l.
106;Salgueiro / salgueiro-branco;REG:167730202;Salix alba;salix alba l.;147;Salix_alba__salix_alba_l.xlsx;MARACUJA CONCENTRIX;;passiflora incarnata l., crataegus oxyacantha , salix alba l.;REGISTRADO;167730202;25351.648310/2010-18;LEGRAND PHARMA INDÚSTRIA FARMACÊUTICA LTDA - 05.044.984/0001-26;Ativo;08/2035;salix alba;incluido_alias_completo;Ativo;167730202;25351 648310 2010 18;maracuja concentrix;legrand pharma industria farmaceutica ltda 05 044 984 0001 26;passiflora incarnata l crataegus oxyacantha salix alba l;2010;TRUE;1;Salix alba;salix alba l.
108;Saw palmetto / Serenoa;REG:100140082;Serenoa repens;serenoa repens (w. bartram) small;157;Serenoa_repens__serenoa_repens_w._bartram_small.xlsx;PROSTALON;;;REGISTRADO;100140082;25000.014488/99-51;QUIMICA FARMACEUTICA NIKKHO DO BRASIL LTDA - 33.517.558/0001-06;Inativo;09/2010;serenoa repens;incluido_alias_completo;Inativo;100140082;25000 014488 99 51;prostalon;quimica farmaceutica nikkho do brasil ltda 33 517 558 0001 06;;;TRUE;2;serenoa | Serenoa repens;serenoa repens (w. bartram) small
108;Saw palmetto / Serenoa;REG:100610066;sabal serrulata;sabal serrulata;400;sabal_serrulata__sabal_serrulata.xlsx;PROSTADORON;;;REGISTRADO;100610066;25351.008579/01-08;WELEDA DO BRASIL LABORATÓRIO E FARMÁCIA LTDA - 56.992.217/0001-80;Inativo;03/2012;sabal serrulata;incluido_alias_completo;Inativo;100610066;25351 008579 01 08;prostadoron;weleda do brasil laboratorio e farmacia ltda 56 992 217 0001 80;;;TRUE;1;sabal serrulata;sabal serrulata
108;Saw palmetto / Serenoa;REG:101550230;Serenoa repens;serenoa repens (w. bartram) small;157;Serenoa_repens__serenoa_repens_w._bartram_small.xlsx;PROSTAT-HPB;;;REGISTRADO;101550230;25351.006666/01-21;MARJAN INDÚSTRIA E COMÉRCIO LTDA - 60.726.692/0001-81;Inativo;01/2028;serenoa repens;incluido_alias_completo;Inativo;101550230;25351 006666 01 21;prostat hpb;marjan industria e comercio ltda 60 726 692 0001 81;;;TRUE;2;serenoa | Serenoa repens;serenoa repens (w. bartram) small
108;Saw palmetto / Serenoa;REG:102660023;sabal serrulata;sabal serrulata;400;sabal_serrulata__sabal_serrulata.xlsx;SEXOMED;;;REGISTRADO;102660023;25992.011200/75;FARMÁCIA E LABORATÓRIO HOMEOPÁTICO ALMEIDA PRADO LTDA - 60.862.208/0001-41;Inativo;02/2011;sabal serrulata;incluido_alias_completo;Inativo;102660023;25992 011200 75;sexomed;farmacia e laboratorio homeopatico almeida prado ltda 60 862 208 0001 41;;;TRUE;1;sabal serrulata;sabal serrulata
108;Saw palmetto / Serenoa;REG:103700310;Serenoa repens;serenoa repens (w. bartram) small;157;Serenoa_repens__serenoa_repens_w._bartram_small.xlsx;PROSTALIUM;;;REGISTRADO;103700310;25351.011973/00-99;LABORATÓRIO TEUTO BRASILEIRO S/A - 17.159.229/0001-76;Inativo;07/2005;serenoa repens;incluido_alias_completo;Inativo;103700310;25351 011973 00 99;prostalium;laboratorio teuto brasileiro s a 17 159 229 0001 76;;;TRUE;2;serenoa | Serenoa repens;serenoa repens (w. bartram) small
108;Saw palmetto / Serenoa;REG:104680001;sabal serrulata;sabal serrulata;400;sabal_serrulata__sabal_serrulata.xlsx;CLEMARIUM NOBRE;;;REGISTRADO;104680001;25351.016654/00-98;HOMEOPATIA MURTINHO NOBRE LTDA - 61.129.037/0001-09;Inativo;10/2006;sabal serrulata;incluido_alias_completo;Inativo;104680001;25351 016654 00 98;clemarium nobre;homeopatia murtinho nobre ltda 61 129 037 0001 09;;;TRUE;1;sabal serrulata;sabal serrulata
108;Saw palmetto / Serenoa;REG:105760113;sabal serrulata;sabal serrulata;400;sabal_serrulata__sabal_serrulata.xlsx;SEXUOL;;;REGISTRADO;105760113;25992.000476/19;LABORATORIO SIMOES LTDA. - 33.379.884/0001-96;Inativo;04/2003;sabal serrulata;incluido_alias_completo;Inativo;105760113;25992 000476 19;sexuol;laboratorio simoes ltda 33 379 884 0001 96;;;TRUE;1;sabal serrulata;sabal serrulata
108;Saw palmetto / Serenoa;REG:108930007;sabal serrulata;sabal serrulata;400;sabal_serrulata__sabal_serrulata.xlsx;MEMORISAN;;;REGISTRADO;108930007;25992.001262/76;NUTRACOM INDUSTRIA E COMERCIO LTDA - 25.859.018/0001-74;Inativo;04/2009;sabal serrulata;incluido_alias_completo;Inativo;108930007;25992 001262 76;memorisan;nutracom industria e comercio ltda 25 859 018 0001 74;;;TRUE;1;sabal serrulata;sabal serrulata
108;Saw palmetto / Serenoa;REG:109740131;Serenoa repens;serenoa repens (w. bartram) small;157;Serenoa_repens__serenoa_repens_w._bartram_small.xlsx;HIPROBEN;;;REGISTRADO;109740131;25000.001300/99-22;BIOLAB SANUS FARMACÊUTICA LTDA - 49.475.833/0001-06;Inativo;07/2006;serenoa repens;incluido_alias_completo;Inativo;109740131;25000 001300 99 22;hiproben;biolab sanus farmaceutica ltda 49 475 833 0001 06;;;TRUE;2;serenoa | Serenoa repens;serenoa repens (w. bartram) small
108;Saw palmetto / Serenoa;REG:115570066;Serenoa repens;serenoa repens (w. bartram) small;157;Serenoa_repens__serenoa_repens_w._bartram_small.xlsx;SANPROST;;serenoa repens (w. bartram) small;REGISTRADO;115570066;25351.354473/2010-57;INFAN INDUSTRIA QUIMICA FARMACEUTICA NACIONAL S/A - 08.939.548/0001-03;Ativo;11/2035;serenoa repens;incluido_alias_completo;Ativo;115570066;25351 354473 2010 57;sanprost;infan industria quimica farmaceutica nacional s a 08 939 548 0001 03;serenoa repens w bartram small;2010;TRUE;2;serenoa | Serenoa repens;serenoa repens (w. bartram) small
108;Saw palmetto / Serenoa;REG:118600004;Serenoa repens;serenoa repens (w. bartram) small;157;Serenoa_repens__serenoa_repens_w._bartram_small.xlsx;PROSTATAL;;;REGISTRADO;118600004;25023.021488/99;HERBARIUM LABORATORIO BOTANICO LTDA - 78.950.011/0001-20;Inativo;06/2011;serenoa repens;incluido_alias_completo;Inativo;118600004;25023 021488 99;prostatal;herbarium laboratorio botanico ltda 78 950 011 0001 20;;;TRUE;2;serenoa | Serenoa repens;serenoa repens (w. bartram) small
108;Saw palmetto / Serenoa;REG:118600097;Serenoa repens;serenoa repens (w. bartram) small;157;Serenoa_repens__serenoa_repens_w._bartram_small.xlsx;PROSTATAL;;serenoa repens (w. bartram) small;REGISTRADO;118600097;25351.068936/2011-19;HERBARIUM LABORATORIO BOTANICO LTDA - 78.950.011/0001-20;Ativo;03/2029;serenoa repens;incluido_alias_completo;Ativo;118600097;25351 068936 2011 19;prostatal;herbarium laboratorio botanico ltda 78 950 011 0001 20;serenoa repens w bartram small;2011;TRUE;2;serenoa | Serenoa repens;serenoa repens (w. bartram) small
108;Saw palmetto / Serenoa;REG:118610084;Serenoa repens;serenoa repens (w. bartram) small;157;Serenoa_repens__serenoa_repens_w._bartram_small.xlsx;RENOPEN;;;REGISTRADO;118610084;25000.001899/98-31;ATIVUS FARMACÊUTICA LTDA - 64.088.172/0001-41;Inativo;05/2010;serenoa repens;incluido_alias_completo;Inativo;118610084;25000 001899 98 31;renopen;ativus farmaceutica ltda 64 088 172 0001 41;;;TRUE;2;serenoa | Serenoa repens;serenoa repens (w. bartram) small
108;Saw palmetto / Serenoa;REG:120190134;Serenoa repens;serenoa repens (w. bartram) small;157;Serenoa_repens__serenoa_repens_w._bartram_small.xlsx;PROSNAT;;;REGISTRADO;120190134;25351.169988/2002-41;GREENPHARMA QUÍMICA E FARMACÊUTICA LTDA - 33.408.105/0001-33;Inativo;08/2008;serenoa repens;incluido_alias_completo;Inativo;120190134;25351 169988 2002 41;prosnat;greenpharma quimica e farmaceutica ltda 33 408 105 0001 33;;2002;TRUE;2;serenoa | Serenoa repens;serenoa repens (w. bartram) small
108;Saw palmetto / Serenoa;REG:121070006;Serenoa repens;serenoa repens (w. bartram) small;157;Serenoa_repens__serenoa_repens_w._bartram_small.xlsx;PROSTAGEM;;;REGISTRADO;121070006;25351.022028/2003-08;APIS FLORA INDUSTRIAL  E COMERCIAL LTDA - 49.345.358/0001-45;Inativo;03/2009;serenoa repens;incluido_alias_completo;Inativo;121070006;25351 022028 2003 08;prostagem;apis flora industrial e comercial ltda 49 345 358 0001 45;;2003;TRUE;2;serenoa | Serenoa repens;serenoa repens (w. bartram) small
108;Saw palmetto / Serenoa;REG:121170093;Serenoa repens;serenoa repens (w. bartram) small;157;Serenoa_repens__serenoa_repens_w._bartram_small.xlsx;PERMIXON;;;REGISTRADO;121170093;25000.022540/94-10;ASTA MÉDICA LTDA - 71.524.631/0001-58;Inativo;11/2001;serenoa repens;incluido_alias_completo;Inativo;121170093;25000 022540 94 10;permixon;asta medica ltda 71 524 631 0001 58;;;TRUE;2;serenoa | Serenoa repens;serenoa repens (w. bartram) small
108;Saw palmetto / Serenoa;REG:128420046;sabal serrulata;sabal serrulata;400;sabal_serrulata__sabal_serrulata.xlsx;SABAL HOMACCORD;;;REGISTRADO;128420046;25000.005322/98-26;PROBIOS COMÉRCIO IMPORTAÇÃO E EXPORTAÇÃO LTDA - 74.455.197/0001-90;Inativo;01/2008;sabal serrulata;incluido_alias_completo;Inativo;128420046;25000 005322 98 26;sabal homaccord;probios comercio importacao e exportacao ltda 74 455 197 0001 90;;;TRUE;1;sabal serrulata;sabal serrulata
108;Saw palmetto / Serenoa;REG:132650012;Serenoa repens;serenoa repens (w. bartram) small;157;Serenoa_repens__serenoa_repens_w._bartram_small.xlsx;SP;;;REGISTRADO;132650012;25351.033147/2003-88;COLBRÁS INDÚSTRIA E COMÉRCIO LTDA - 00.413.925/0001-64;Inativo;11/2008;serenoa repens;incluido_alias_completo;Inativo;132650012;25351 033147 2003 88;sp;colbras industria e comercio ltda 00 413 925 0001 64;;2003;TRUE;2;serenoa | Serenoa repens;serenoa repens (w. bartram) small
108;Saw palmetto / Serenoa;REG:142570062;Serenoa repens;serenoa repens (w. bartram) small;157;Serenoa_repens__serenoa_repens_w._bartram_small.xlsx;PROSTASAW;;;REGISTRADO;142570062;25351.194709/2002-88;LUCIOMED FARMACÊUTICA DO BRASIL LTDA - 01.845.448/0001-79;Inativo;12/2007;serenoa repens;incluido_alias_completo;Inativo;142570062;25351 194709 2002 88;prostasaw;luciomed farmaceutica do brasil ltda 01 845 448 0001 79;;2002;TRUE;2;serenoa | Serenoa repens;serenoa repens (w. bartram) small
108;Saw palmetto / Serenoa;REG:145010006;Serenoa repens;serenoa repens (w. bartram) small;157;Serenoa_repens__serenoa_repens_w._bartram_small.xlsx;SAW PALMETTO BRASMED;;;REGISTRADO;145010006;25351.060877/2003-51;BRASMED BOTÂNICA E FARMACÊUTICA LTDA - 00.660.703/0001-46;Inativo;09/2009;serenoa repens;incluido_alias_completo;Inativo;145010006;25351 060877 2003 51;saw palmetto brasmed;brasmed botanica e farmaceutica ltda 00 660 703 0001 46;;2003;TRUE;2;serenoa | Serenoa repens;serenoa repens (w. bartram) small
108;Saw palmetto / Serenoa;REG:155240004;Serenoa repens;serenoa repens (w. bartram) small;157;Serenoa_repens__serenoa_repens_w._bartram_small.xlsx;SAW PALMETO;;;REGISTRADO;155240004;25351.350262/2005-86;HEALTY IMPORT 2001 COMÉRCIO, IMPORTAÇÃO E EXPORTAÇÃO LTDA - ME - 03.176.912/0001-07;Inativo;10/2010;serenoa repens;incluido_alias_completo;Inativo;155240004;25351 350262 2005 86;saw palmeto;healty import 2001 comercio importacao e exportacao ltda me 03 176 912 0001 07;;2005;TRUE;2;serenoa | Serenoa repens;serenoa repens (w. bartram) small
109;Sene;REG:100380109;Senna alexandrina;senna alexandrina mill.;156;Senna_alexandrina__senna_alexandrina_mill.xlsx;SENNE BRASTERÁPICA;;senna alexandrina mill.;REGISTRADO;100380109;25351.466097/2020-12;BRASTERAPICA PHARMACEUTICA LTDA. - 46.179.008/0001-68;Ativo;12/2030;senna alexandrina;incluido_alias_completo;Ativo;100380109;25351 466097 2020 12;senne brasterapica;brasterapica pharmaceutica ltda 46 179 008 0001 68;senna alexandrina mill;2020;TRUE;1;Senna alexandrina;senna alexandrina mill.
109;Sene;REG:100470217;cassia acutifolia;cassia acutifolia del.;243;cassia_acutifolia__cassia_acutifolia_del.xlsx;FRUTALAX;;;REGISTRADO;100470217;25001.005043/82;SANDOZ DO BRASIL INDÚSTRIA FARMACÊUTICA LTDA - 61.286.647/0001-16;Inativo;04/2008;cassia acutifolia;incluido_alias_completo;Inativo;100470217;25001 005043 82;frutalax;sandoz do brasil industria farmaceutica ltda 61 286 647 0001 16;;;TRUE;1;cassia acutifolia;cassia acutifolia del.
109;Sene;REG:100890187;sene;sene;409;sene__SENE.xlsx;LAXTAM;;;REGISTRADO;100890187;25001.015641/85;MERCK S/A - 33.069.212/0001-84;Inativo;03/2008;sene;incluido_alias_completo;Inativo;100890187;25001 015641 85;laxtam;merck s a 33 069 212 0001 84;;;TRUE;1;sene;sene
109;Sene;REG:100920043;cassia angustifolia;cassia angustifolia l.;244;cassia_angustifolia__cassia_angustifolia_l.xlsx;CHÁ DE SENE SANITAS;CHÁ  DE SENE SANITAS;;REGISTRADO;100920043;25025.005671/99;LABORATORIO INDUSTRIAL FARMACÊUTICO LIFAR LTDA - 92.928.951/0001-43;Inativo;05/2006;cassia angustifolia;incluido_alias_completo;Inativo;100920043;25025 005671 99;cha de sene sanitas;laboratorio industrial farmaceutico lifar ltda 92 928 951 0001 43;;;TRUE;1;cassia angustifolia;cassia angustifolia l.
109;Sene;REG:100920058;cassia angustifolia;cassia angustifolia l.;244;cassia_angustifolia__cassia_angustifolia_l.xlsx;CHALAX;;;REGISTRADO;100920058;25992.003218/34;LABORATORIO INDUSTRIAL FARMACÊUTICO LIFAR LTDA - 92.928.951/0001-43;Inativo;10/2009;cassia angustifolia;incluido_alias_completo;Inativo;100920058;25992 003218 34;chalax;laboratorio industrial farmaceutico lifar ltda 92 928 951 0001 43;;;TRUE;1;cassia angustifolia;cassia angustifolia l.
109;Sene;REG:101550085;Senna alexandrina;senna alexandrina mill.;156;Senna_alexandrina__senna_alexandrina_mill.xlsx;TAMARIL;;;REGISTRADO;101550085;25001.007502/87;MARJAN INDÚSTRIA E COMÉRCIO LTDA - 60.726.692/0001-81;Inativo;05/2010;senna alexandrina;incluido_alias_completo;Inativo;101550085;25001 007502 87;tamaril;marjan industria e comercio ltda 60 726 692 0001 81;;;TRUE;1;Senna alexandrina;senna alexandrina mill.
109;Sene;REG:102100051;Senna alexandrina;senna alexandrina mill.;156;Senna_alexandrina__senna_alexandrina_mill.xlsx;SENE COMPRIMIDOS ADV;;;REGISTRADO;102100051;25351.315339/2007-33;LABORATORIO TAYUYNA LTDA - 60.879.848/0001-64;Inativo;12/2012;senna alexandrina;incluido_alias_completo;Inativo;102100051;25351 315339 2007 33;sene comprimidos adv;laboratorio tayuyna ltda 60 879 848 0001 64;;2007;TRUE;1;Senna alexandrina;senna alexandrina mill.
109;Sene;REG:102640051;cassia acutifolia;cassia acutifolia del.;243;cassia_acutifolia__cassia_acutifolia_del.xlsx;ELIXIR DE NOGUEIRA, SALSA, CAROBA COMPOSTO;;;REGISTRADO;102640051;25992.017685/71;MILLER INDUSTRIAL FTCA LTDA - 33.191.735/0001-07;Inativo;11/2003;cassia acutifolia;incluido_alias_completo;Inativo;102640051;25992 017685 71;elixir de nogueira salsa caroba composto;miller industrial ftca ltda 33 191 735 0001 07;;;TRUE;1;cassia acutifolia;cassia acutifolia del.
109;Sene;REG:102660052;cassia angustifolia;cassia angustifolia, vahl;245;cassia_angustifolia__cassia_angustifolia_vahl.xlsx;LAXATIN;;;REGISTRADO;102660052;25351.026523/01-27;FARMÁCIA E LABORATÓRIO HOMEOPÁTICO ALMEIDA PRADO LTDA - 60.862.208/0001-41;Inativo;03/2007;cassia angustifolia;incluido_alias_completo;Inativo;102660052;25351 026523 01 27;laxatin;farmacia e laboratorio homeopatico almeida prado ltda 60 862 208 0001 41;;;TRUE;1;cassia angustifolia;cassia angustifolia, vahl
109;Sene;REG:102860017;cassia angustifolia;cassia angustifolia, vahl;245;cassia_angustifolia__cassia_angustifolia_vahl.xlsx;ESPÉCIES PURGATIVAS LAXO FLORAL;;;REGISTRADO;102860017;25992.033646/76;LABORATORIO SAUDE LTDA - 92.786.219/0001-86;Inativo;07/2004;cassia angustifolia;incluido_alias_completo;Inativo;102860017;25992 033646 76;especies purgativas laxo floral;laboratorio saude ltda 92 786 219 0001 86;;;TRUE;1;cassia angustifolia;cassia angustifolia, vahl
109;Sene;REG:102970009;Senna alexandrina;senna alexandrina mill.;156;Senna_alexandrina__senna_alexandrina_mill.xlsx;JAMAIQUINHA CHA;;;REGISTRADO;102970009;25992.002362/73;LABORATÓRIO FARMACÊUTICO PAGE LTDA - 92.765.973/0001-30;Inativo;10/2013;senna alexandrina;incluido_alias_completo;Inativo;102970009;25992 002362 73;jamaiquinha cha;laboratorio farmaceutico page ltda 92 765 973 0001 30;;;TRUE;1;Senna alexandrina;senna alexandrina mill.
109;Sene;REG:103940550;cassia angustifolia;cassia angustifolia, vahl;245;cassia_angustifolia__cassia_angustifolia_vahl.xlsx;TAMARINE;;;REGISTRADO;103940550;25351.077850/2009-21;LABORATÓRIO AMERICANO DE FARMACOTERAPIA S/A - 61.150.819/0001-20;Inativo;04/2010;cassia angustifolia;incluido_alias_completo;Inativo;103940550;25351 077850 2009 21;tamarine;laboratorio americano de farmacoterapia s a 61 150 819 0001 20;;2009;TRUE;1;cassia angustifolia;cassia angustifolia, vahl
109;Sene;REG:104041970;Senna alexandrina;senna alexandrina mill.;156;Senna_alexandrina__senna_alexandrina_mill.xlsx;SENARETI;;;REGISTRADO;104041970;25351.268737/2004-19;LUPER INDÚSTRIA FARMACÊUTICA LTDA - 61.299.111/0001-35;Inativo;07/2015;senna alexandrina;incluido_alias_completo;Inativo;104041970;25351 268737 2004 19;senareti;luper industria farmaceutica ltda 61 299 111 0001 35;;2004;TRUE;1;Senna alexandrina;senna alexandrina mill.
109;Sene;REG:104150044;Senna alexandrina;senna alexandrina mill.;156;Senna_alexandrina__senna_alexandrina_mill.xlsx;HOMEOPURGO CB 50;;;REGISTRADO;104150044;25351.170024/2002-46;LABORATORIO HANEMANIANA VERITAS LTDA - 33.790.981/0001-77;Inativo;04/2008;senna alexandrina;incluido_alias_completo;Inativo;104150044;25351 170024 2002 46;homeopurgo cb 50;laboratorio hanemaniana veritas ltda 33 790 981 0001 77;;2002;TRUE;1;Senna alexandrina;senna alexandrina mill.
109;Sene;REG:104640009;cassia angustifolia;cassia angustifolia l.;244;cassia_angustifolia__cassia_angustifolia_l.xlsx;TAMARINE;;;REGISTRADO;104640009;25001.014352/84;BARRENNE INDÚSTRIA FARMACÊUTICA LTDA - 33.043.308/0001-73;Inativo;08/2009;cassia angustifolia;incluido_alias_completo;Inativo;104640009;25001 014352 84;tamarine;barrenne industria farmaceutica ltda 33 043 308 0001 73;;;TRUE;1;cassia angustifolia;cassia angustifolia l.
109;Sene;REG:104670103;cassia acutifolia;cassia acutifolia del.;243;cassia_acutifolia__cassia_acutifolia_del.xlsx;TABLETES DE FUCUS COMPOSTO DR ALBERTO SEABRA 81;;;REGISTRADO;104670103;25992.004231/75;LABORATORIO FARMAERVAS LTDA - 60.565.520/0001-73;Inativo;05/2005;cassia acutifolia;incluido_alias_completo;Inativo;104670103;25992 004231 75;tabletes de fucus composto dr alberto seabra 81;laboratorio farmaervas ltda 60 565 520 0001 73;;;TRUE;1;cassia acutifolia;cassia acutifolia del.
109;Sene;REG:104670278;cassia acutifolia;cassia acutifolia del.;243;cassia_acutifolia__cassia_acutifolia_del.xlsx;CHÁ DE ESPECIES LAXATIVAS FARMAERVAS;;;REGISTRADO;104670278;25001.015872/72;LABORATORIO FARMAERVAS LTDA - 60.565.520/0001-73;Inativo;05/2003;cassia acutifolia;incluido_alias_completo;Inativo;104670278;25001 015872 72;cha de especies laxativas farmaervas;laboratorio farmaervas ltda 60 565 520 0001 73;;;TRUE;1;cassia acutifolia;cassia acutifolia del.
109;Sene;REG:104730026;cassia angustifolia;cassia angustifolia l.;244;cassia_angustifolia__cassia_angustifolia_l.xlsx;Chá de Espécies Laxativas Klein;;;REGISTRADO;104730026;25001.006468/72;VIDORA FARMACÊUTICA LTDA - 92.762.277/0001-70;Inativo;10/2005;cassia angustifolia;incluido_alias_completo;Inativo;104730026;25001 006468 72;cha de especies laxativas klein;vidora farmaceutica ltda 92 762 277 0001 70;;;TRUE;1;cassia angustifolia;cassia angustifolia l.
109;Sene;REG:105290004;cassia angustifolia;cassia angustifolia, vahl;245;cassia_angustifolia__cassia_angustifolia_vahl.xlsx;PRISOERVAS;;;REGISTRADO;105290004;25351.038349/01-29;EASELABS LABORATORIO FARMACEUTICO LTDA. - 17.299.140/0001-05;Inativo;07/2007;cassia angustifolia;incluido_alias_completo;Inativo;105290004;25351 038349 01 29;prisoervas;easelabs laboratorio farmaceutico ltda 17 299 140 0001 05;;;TRUE;1;cassia angustifolia;cassia angustifolia, vahl
109;Sene;REG:105730201;sene;extrato seco de sene;407;sene__EXTRATO_SECO_DE_SENE.xlsx;BISCOLAX;;;REGISTRADO;105730201;25000.002067/90;ACHÉ LABORATÓRIOS FARMACÊUTICOS S.A - 60.659.463/0029-92;Inativo;01/1997;sene;incluido_alias_completo;Inativo;105730201;25000 002067 90;biscolax;ache laboratorios farmaceuticos s a 60 659 463 0029 92;;;TRUE;1;sene;extrato seco de sene
109;Sene;REG:105730745;Senna alexandrina;senna alexandrina mill.;156;Senna_alexandrina__senna_alexandrina_mill.xlsx;SENE TIARAJU;;;REGISTRADO;105730745;25351.107598/2020-60;ACHÉ LABORATÓRIOS FARMACÊUTICOS S.A - 60.659.463/0029-92;Inativo;03/2029;senna alexandrina;incluido_alias_completo;Inativo;105730745;25351 107598 2020 60;sene tiaraju;ache laboratorios farmaceuticos s a 60 659 463 0029 92;;2020;TRUE;1;Senna alexandrina;senna alexandrina mill.
109;Sene;REG:105760107;Senna alexandrina;senna alexandrina mill.;156;Senna_alexandrina__senna_alexandrina_mill.xlsx;PRISOVENTRIL;;;REGISTRADO;105760107;25351.012849/2003-28;LABORATORIO SIMOES LTDA. - 33.379.884/0001-96;Inativo;06/2008;senna alexandrina;incluido_alias_completo;Inativo;105760107;25351 012849 2003 28;prisoventril;laboratorio simoes ltda 33 379 884 0001 96;;2003;TRUE;1;Senna alexandrina;senna alexandrina mill.
109;Sene;REG:106390184;Senna alexandrina;senna alexandrina mill.;156;Senna_alexandrina__senna_alexandrina_mill.xlsx;AGIOLAX;;;REGISTRADO;106390184;25992.008282/75;TAKEDA PHARMA LTDA. - 60.397.775/0001-74;Inativo;06/2020;senna alexandrina;incluido_alias_completo;Inativo;106390184;25992 008282 75;agiolax;takeda pharma ltda 60 397 775 0001 74;;;TRUE;1;Senna alexandrina;senna alexandrina mill.
109;Sene;REG:106550055;cassia angustifolia;cassia angustifolia l.;244;cassia_angustifolia__cassia_angustifolia_l.xlsx;PLANTAX;;;REGISTRADO;106550055;25001.001931/85;FARMION LAB BRAS DE FARMACOLOGIA LTDA - 49.744.584/0001-07;Inativo;03/2005;cassia angustifolia;incluido_alias_completo;Inativo;106550055;25001 001931 85;plantax;farmion lab bras de farmacologia ltda 49 744 584 0001 07;;;TRUE;1;cassia angustifolia;cassia angustifolia l.
109;Sene;REG:106890196;Senna alexandrina;senna alexandrina mill.;156;Senna_alexandrina__senna_alexandrina_mill.xlsx;SENEFLORA;;senna alexandrina mill.;REGISTRADO;106890196;25351.499768/2015-64;KLEY HERTZ FARMACEUTICA S.A - 92.695.691/0001-03;Ativo;04/2027;senna alexandrina;incluido_alias_completo;Ativo;106890196;25351 499768 2015 64;seneflora;kley hertz farmaceutica s a 92 695 691 0001 03;senna alexandrina mill;2015;TRUE;1;Senna alexandrina;senna alexandrina mill.
109;Sene;REG:107150082;cassia acutifolia;cassia acutifolia del.;243;cassia_acutifolia__cassia_acutifolia_del.xlsx;FLORLAX;;;REGISTRADO;107150082;25000.002825/89;CAZI QUIMICA FARMACEUTICA INDUSTRIA E COMERCIO LTDA - 44.010.437/0001-81;Inativo;03/2005;cassia acutifolia;incluido_alias_completo;Inativo;107150082;25000 002825 89;florlax;cazi quimica farmaceutica industria e comercio ltda 44 010 437 0001 81;;;TRUE;1;cassia acutifolia;cassia acutifolia del.
109;Sene;REG:107150178;Senna alexandrina;senna alexandrina mill.;156;Senna_alexandrina__senna_alexandrina_mill.xlsx;SENNALAX;;senna alexandrina mill.;REGISTRADO;107150178;25351.121909/2009-17;CAZI QUIMICA FARMACEUTICA INDUSTRIA E COMERCIO LTDA - 44.010.437/0001-81;Ativo;11/2035;senna alexandrina;incluido_alias_completo;Ativo;107150178;25351 121909 2009 17;sennalax;cazi quimica farmaceutica industria e comercio ltda 44 010 437 0001 81;senna alexandrina mill;2009;TRUE;1;Senna alexandrina;senna alexandrina mill.
109;Sene;REG:108970011;cassia acutifolia;cassia acutifolia del.;243;cassia_acutifolia__cassia_acutifolia_del.xlsx;VARICELL;;;REGISTRADO;108970011;25351.020518/00-93;EVERSIL PRODUTOS FTCOS IND COM LTDA - 61.158.267/0001-04;Inativo;07/2006;cassia acutifolia;incluido_alias_completo;Inativo;108970011;25351 020518 00 93;varicell;eversil produtos ftcos ind com ltda 61 158 267 0001 04;;;TRUE;1;cassia acutifolia;cassia acutifolia del.
109;Sene;REG:108970030;sene;pó de folha de sene;408;sene__PÓ_DE_FOLHA_DE_SENE.xlsx;CIRCANETTEN;;;REGISTRADO;108970030;25351.186136/2002-19;EVERSIL PRODUTOS FTCOS IND COM LTDA - 61.158.267/0001-04;Inativo;02/2013;sene;incluido_alias_completo;Inativo;108970030;25351 186136 2002 19;circanetten;eversil produtos ftcos ind com ltda 61 158 267 0001 04;;2002;TRUE;1;sene;pó de folha de sene
109;Sene;REG:109740130;cassia senna;cassia senna l.;246;cassia_senna__cassia_senna_l.xlsx;LAXETTE;;cassia angustifolia l., cassia senna l., senna alexandrina mill.;REGISTRADO;109740130;25000.001298/99-82;BIOLAB SANUS FARMACÊUTICA LTDA - 49.475.833/0001-06;Ativo;06/2036;cassia senna;incluido_alias_completo;Ativo;109740130;25000 001298 99 82;laxette;biolab sanus farmaceutica ltda 49 475 833 0001 06;cassia angustifolia l cassia senna l senna alexandrina mill;;TRUE;3;cassia angustifolia | cassia senna | Senna alexandrina;cassia angustifolia l. | cassia senna l. | senna alexandrina mill.
109;Sene;REG:109740217;sene;sene;409;sene__SENE.xlsx;FONTOLAX;;;REGISTRADO;109740217;25351.088672/2009-91;BIOLAB SANUS FARMACÊUTICA LTDA - 49.475.833/0001-06;Inativo;01/2020;sene;incluido_alias_completo;Inativo;109740217;25351 088672 2009 91;fontolax;biolab sanus farmaceutica ltda 49 475 833 0001 06;;2009;TRUE;1;sene;sene
109;Sene;REG:110220009;cassia senna;cassia senna l.;246;cassia_senna__cassia_senna_l.xlsx;DUODEN;;;REGISTRADO;110220009;25351.003996/02-09;HENSA-FARMA S.A - INDÚSTRIA QUÍMICA E FARMACÊUTICA - 06.270.144/0001-44;Inativo;09/2007;cassia senna;incluido_alias_completo;Inativo;110220009;25351 003996 02 09;duoden;hensa farma s a industria quimica e farmaceutica 06 270 144 0001 44;;;TRUE;1;cassia senna;cassia senna l.
109;Sene;REG:111990031;Senna alexandrina;senna alexandrina mill.;156;Senna_alexandrina__senna_alexandrina_mill.xlsx;ACTIVE PLUS;;senna alexandrina mill.;REGISTRADO;111990031;25351.411851/2019-43;MAKROFARMA QUIMICA FARMACEUTICA LTDA - 33.223.157/0001-35;Ativo;03/2030;senna alexandrina;incluido_alias_completo;Ativo;111990031;25351 411851 2019 43;active plus;makrofarma quimica farmaceutica ltda 33 223 157 0001 35;senna alexandrina mill;2019;TRUE;1;Senna alexandrina;senna alexandrina mill.
109;Sene;REG:112700020;cassia angustifolia;cassia angustifolia l.;244;cassia_angustifolia__cassia_angustifolia_l.xlsx;SENE + ASSOCIACOES;FONTOLAX;;REGISTRADO;112700020;25000.008797/92-24;FONTOVIT LABORATORIOS SA - 53.249.736/0001-64;Inativo;08/2009;cassia angustifolia;incluido_alias_completo;Inativo;112700020;25000 008797 92 24;sene associacoes;fontovit laboratorios sa 53 249 736 0001 64;;;TRUE;1;cassia angustifolia;cassia angustifolia l.
109;Sene;REG:113000192;Senna alexandrina;senna alexandrina mill.;156;Senna_alexandrina__senna_alexandrina_mill.xlsx;NATURETTI;;;REGISTRADO;113000192;25000.008034/89;SANOFI-AVENTIS FARMACÊUTICA LTDA - 02.685.377/0001-57;Inativo;;senna alexandrina;incluido_alias_completo;Inativo;113000192;25000 008034 89;naturetti;sanofi aventis farmaceutica ltda 02 685 377 0001 57;;;TRUE;1;Senna alexandrina;senna alexandrina mill.
109;Sene;REG:113001208;Senna alexandrina;senna alexandrina mill.;156;Senna_alexandrina__senna_alexandrina_mill.xlsx;DULCOFITO;;;REGISTRADO;113001208;25351.110112/2018-56;SANOFI-AVENTIS FARMACÊUTICA LTDA - 02.685.377/0001-57;Inativo;04/2030;senna alexandrina;incluido_alias_completo;Inativo;113001208;25351 110112 2018 56;dulcofito;sanofi aventis farmaceutica ltda 02 685 377 0001 57;;2018;TRUE;1;Senna alexandrina;senna alexandrina mill.
109;Sene;REG:115700031;cassia angustifolia;cassia angustifolia l.;244;cassia_angustifolia__cassia_angustifolia_l.xlsx;SANLAX;;;REGISTRADO;115700031;25000.016652/88-11;INDÚSTRIA FARMACÊUTICA SANTA TEREZINHA LTDA - EPP - 79.648.523/0001-07;Inativo;10/2017;cassia angustifolia;incluido_alias_completo;Inativo;115700031;25000 016652 88 11;sanlax;industria farmaceutica santa terezinha ltda epp 79 648 523 0001 07;;;TRUE;2;cassia angustifolia;cassia angustifolia l. | cassia angustifolia, vahl
109;Sene;REG:118600030;cassia angustifolia;cassia angustifolia l.;244;cassia_angustifolia__cassia_angustifolia_l.xlsx;SENE HERBARIUM;;;REGISTRADO;118600030;25351.212073/2002-63;HERBARIUM LABORATORIO BOTANICO LTDA - 78.950.011/0001-20;Inativo;12/2007;cassia angustifolia;incluido_alias_completo;Inativo;118600030;25351 212073 2002 63;sene herbarium;herbarium laboratorio botanico ltda 78 950 011 0001 20;;2002;TRUE;1;cassia angustifolia;cassia angustifolia l.
109;Sene;REG:118600087;Senna alexandrina;senna alexandrina mill.;156;Senna_alexandrina__senna_alexandrina_mill.xlsx;SENE HERBARIUM;;senna alexandrina mill.;REGISTRADO;118600087;25351.080192/2008-36;HERBARIUM LABORATORIO BOTANICO LTDA - 78.950.011/0001-20;Ativo;07/2028;senna alexandrina;incluido_alias_completo;Ativo;118600087;25351 080192 2008 36;sene herbarium;herbarium laboratorio botanico ltda 78 950 011 0001 20;senna alexandrina mill;2008;TRUE;1;Senna alexandrina;senna alexandrina mill.
109;Sene;REG:118600102;Senna alexandrina;senna alexandrina mill.;156;Senna_alexandrina__senna_alexandrina_mill.xlsx;LUFTALAX;;;REGISTRADO;118600102;25351.032236/2022-70;HERBARIUM LABORATORIO BOTANICO LTDA - 78.950.011/0001-20;Inativo;05/2032;senna alexandrina;incluido_alias_completo;Inativo;118600102;25351 032236 2022 70;luftalax;herbarium laboratorio botanico ltda 78 950 011 0001 20;;2022;TRUE;1;Senna alexandrina;senna alexandrina mill.
109;Sene;REG:118610102;Senna alexandrina;senna alexandrina mill.;156;Senna_alexandrina__senna_alexandrina_mill.xlsx;SENAN;;;REGISTRADO;118610102;25351.025340/01-11;ATIVUS FARMACÊUTICA LTDA - 64.088.172/0001-41;Inativo;02/2017;senna alexandrina;incluido_alias_completo;Inativo;118610102;25351 025340 01 11;senan;ativus farmaceutica ltda 64 088 172 0001 41;;;TRUE;2;cassia senna | Senna alexandrina;extrato da folha de cassia senna | senna alexandrina mill.
109;Sene;REG:118610262;Senna alexandrina;senna alexandrina mill.;156;Senna_alexandrina__senna_alexandrina_mill.xlsx;LACASS;;;REGISTRADO;118610262;25351.806536/2008-59;ATIVUS FARMACÊUTICA LTDA - 64.088.172/0001-41;Inativo;07/2019;senna alexandrina;incluido_alias_completo;Inativo;118610262;25351 806536 2008 59;lacass;ativus farmaceutica ltda 64 088 172 0001 41;;2008;TRUE;1;Senna alexandrina;senna alexandrina mill.
109;Sene;REG:118610276;Senna alexandrina;senna alexandrina mill.;156;Senna_alexandrina__senna_alexandrina_mill.xlsx;MYRASENE;;;REGISTRADO;118610276;25351.011987/2013-19;ATIVUS FARMACÊUTICA LTDA - 64.088.172/0001-41;Inativo;09/2018;senna alexandrina;incluido_alias_completo;Inativo;118610276;25351 011987 2013 19;myrasene;ativus farmaceutica ltda 64 088 172 0001 41;;2013;TRUE;1;Senna alexandrina;senna alexandrina mill.
109;Sene;REG:120090001;Senna alexandrina;senna alexandrina mill.;156;Senna_alexandrina__senna_alexandrina_mill.xlsx;LAXASENE BIONATUS;;senna alexandrina mill.;REGISTRADO;120090001;25000.017258/92-31;BIONATUS LABORATÓRIO BOTÂNICO LTDA - 68.032.192/0001-51;Ativo;12/2035;senna alexandrina;incluido_alias_completo;Ativo;120090001;25000 017258 92 31;laxasene bionatus;bionatus laboratorio botanico ltda 68 032 192 0001 51;senna alexandrina mill;;TRUE;1;Senna alexandrina;senna alexandrina mill.
109;Sene;REG:120600027;cassia angustifolia;cassia angustifolia, vahl;245;cassia_angustifolia__cassia_angustifolia_vahl.xlsx;CAPSPLAN;;;REGISTRADO;120600027;25351.108809/2009-23;LAPON INDUSTRIA FARMACEUTICA LTDA - EPP - 35.356.799/0001-38;Inativo;12/2019;cassia angustifolia;incluido_alias_completo;Inativo;120600027;25351 108809 2009 23;capsplan;lapon industria farmaceutica ltda epp 35 356 799 0001 38;;2009;TRUE;1;cassia angustifolia;cassia angustifolia, vahl
109;Sene;REG:120600032;Senna alexandrina;senna alexandrina mill.;156;Senna_alexandrina__senna_alexandrina_mill.xlsx;CAPSPLAN;;senna alexandrina mill.;REGISTRADO;120600032;25351.001417/2022-54;LAPON INDUSTRIA FARMACEUTICA LTDA - EPP - 35.356.799/0001-38;Ativo;08/2032;senna alexandrina;incluido_alias_completo;Ativo;120600032;25351 001417 2022 54;capsplan;lapon industria farmaceutica ltda epp 35 356 799 0001 38;senna alexandrina mill;2022;TRUE;1;Senna alexandrina;senna alexandrina mill.
109;Sene;REG:121390021;cassia angustifolia;cassia angustifolia l.;244;cassia_angustifolia__cassia_angustifolia_l.xlsx;SENE YANTEN;;;REGISTRADO;121390021;25351.026746/2003-45;LABORATORIO YANTEN LTDA - 84.830.074/0001-45;Inativo;10/2008;cassia angustifolia;incluido_alias_completo;Inativo;121390021;25351 026746 2003 45;sene yanten;laboratorio yanten ltda 84 830 074 0001 45;;2003;TRUE;1;cassia angustifolia;cassia angustifolia l.
109;Sene;REG:122830087;sene;extrato seco de sene;407;sene__EXTRATO_SECO_DE_SENE.xlsx;NOVOLAX;;;REGISTRADO;122830087;25000.008809/88;DM INDÚSTRIA FARMACÊUTICA LTDA - 67.866.665/0002-34;Inativo;07/2004;sene;incluido_alias_completo;Inativo;122830087;25000 008809 88;novolax;dm industria farmaceutica ltda 67 866 665 0002 34;;;TRUE;2;cassia acutifolia | sene;cassia acutifolia del. | extrato seco de sene
109;Sene;REG:123970015;cassia angustifolia;cassia angustifolia l.;244;cassia_angustifolia__cassia_angustifolia_l.xlsx;SENE ORIENT;;;REGISTRADO;123970015;25351.199055/2002-89;ORIENT MIX FITOTERÁPICOS DO BRASIL LTDA. - 73.657.876/0001-89;Inativo;04/2008;cassia angustifolia;incluido_alias_completo;Inativo;123970015;25351 199055 2002 89;sene orient;orient mix fitoterapicos do brasil ltda 73 657 876 0001 89;;2002;TRUE;1;cassia angustifolia;cassia angustifolia l.
109;Sene;REG:123970038;Senna alexandrina;senna alexandrina mill.;156;Senna_alexandrina__senna_alexandrina_mill.xlsx;SENUSLAX;;;REGISTRADO;123970038;25351.315692/2008-02;ORIENT MIX FITOTERÁPICOS DO BRASIL LTDA. - 73.657.876/0001-89;Inativo;09/2025;senna alexandrina;incluido_alias_completo;Inativo;123970038;25351 315692 2008 02;senuslax;orient mix fitoterapicos do brasil ltda 73 657 876 0001 89;;2008;TRUE;1;Senna alexandrina;senna alexandrina mill.
109;Sene;REG:127580002;cassia angustifolia;cassia angustifolia, vahl;245;cassia_angustifolia__cassia_angustifolia_vahl.xlsx;PHYTOSENE;;;REGISTRADO;127580002;25000.036036/97-31;LABORATÓRIO FARMACÊUTICO CARESSE LTDA ME - 56.930.811/0001-46;Inativo;09/2006;cassia angustifolia;incluido_alias_completo;Inativo;127580002;25000 036036 97 31;phytosene;laboratorio farmaceutico caresse ltda me 56 930 811 0001 46;;;TRUE;1;cassia angustifolia;cassia angustifolia, vahl
109;Sene;REG:133828010;Senna alexandrina;senna alexandrina mill.;156;Senna_alexandrina__senna_alexandrina_mill.xlsx;Sene icar;;;REGISTRADO;133828010;25000.024854/98-62;VIC PHARMA INDUSTRIA E COMERCIO LTDA - 39.032.974/0001-92;Inativo;07/2008;senna alexandrina;incluido_alias_completo;Inativo;133828010;25000 024854 98 62;sene icar;vic pharma industria e comercio ltda 39 032 974 0001 92;;;TRUE;1;Senna alexandrina;senna alexandrina mill.
109;Sene;REG:137640138;Senna alexandrina;senna alexandrina mill.;156;Senna_alexandrina__senna_alexandrina_mill.xlsx;SENAN;;;REGISTRADO;137640138;25351.581630/2011-13;ASPEN PHARMA INDÚSTRIA FARMACÊUTICA LTDA - 02.433.631/0001-20;Inativo;06/2028;senna alexandrina;incluido_alias_completo;Inativo;137640138;25351 581630 2011 13;senan;aspen pharma industria farmaceutica ltda 02 433 631 0001 20;;2011;TRUE;1;Senna alexandrina;senna alexandrina mill.
109;Sene;REG:138100023;Senna alexandrina;senna alexandrina mill.;156;Senna_alexandrina__senna_alexandrina_mill.xlsx;SENE TIARAJU;;;REGISTRADO;138100023;25351.001502/02-06;LABORATORIO QUIMICO FARMACEUTICO TIARAJU LTDA. - 94.022.654/0001-60;Inativo;03/2029;senna alexandrina;incluido_alias_completo;Inativo;138100023;25351 001502 02 06;sene tiaraju;laboratorio quimico farmaceutico tiaraju ltda 94 022 654 0001 60;;;TRUE;1;Senna alexandrina;senna alexandrina mill.
109;Sene;REG:138410042;Senna alexandrina;senna alexandrina mill.;156;Senna_alexandrina__senna_alexandrina_mill.xlsx;NATULAXE;;senna alexandrina mill.;REGISTRADO;138410042;25351.407727/2009-45;NATULAB LABORATORIO S.A - 02.456.955/0001-83;Ativo;04/2035;senna alexandrina;incluido_alias_completo;Ativo;138410042;25351 407727 2009 45;natulaxe;natulab laboratorio s a 02 456 955 0001 83;senna alexandrina mill;2009;TRUE;1;Senna alexandrina;senna alexandrina mill.
109;Sene;REG:143810132;Senna alexandrina;senna alexandrina mill.;156;Senna_alexandrina__senna_alexandrina_mill.xlsx;LASENE;;;REGISTRADO;143810132;25351.561024/2008-47;CIMED INDUSTRIA S.A - 02.814.497/0001-07;Inativo;03/2014;senna alexandrina;incluido_alias_completo;Inativo;143810132;25351 561024 2008 47;lasene;cimed industria s a 02 814 497 0001 07;;2008;TRUE;1;Senna alexandrina;senna alexandrina mill.
109;Sene;REG:144930044;Senna alexandrina;senna alexandrina mill.;156;Senna_alexandrina__senna_alexandrina_mill.xlsx;SENEBEN;;senna alexandrina mill.;REGISTRADO;144930044;25351.049167/2003-71;AIRELA INDÚSTRIA FARMACÊUTICA LTDA. - 01.858.973/0001-29;Ativo;03/2029;senna alexandrina;incluido_alias_completo;Ativo;144930044;25351 049167 2003 71;seneben;airela industria farmaceutica ltda 01 858 973 0001 29;senna alexandrina mill;2003;TRUE;1;Senna alexandrina;senna alexandrina mill.
109;Sene;REG:145010017;cassia angustifolia;cassia angustifolia l.;244;cassia_angustifolia__cassia_angustifolia_l.xlsx;SENE BRASMED;;;REGISTRADO;145010017;25351.060903/2003-41;BRASMED BOTÂNICA E FARMACÊUTICA LTDA - 00.660.703/0001-46;Inativo;09/2009;cassia angustifolia;incluido_alias_completo;Inativo;145010017;25351 060903 2003 41;sene brasmed;brasmed botanica e farmaceutica ltda 00 660 703 0001 46;;2003;TRUE;1;cassia angustifolia;cassia angustifolia l.
109;Sene;REG:15098000;cassia angustifolia;cassia angustifolia l.;244;cassia_angustifolia__cassia_angustifolia_l.xlsx;STEINONIT;;;REGISTRADO;15098000;25991.013639/78;NUTRACOM INDUSTRIA E COMERCIO LTDA - 25.859.018/0001-74;Inativo;06/2009;cassia angustifolia;incluido_alias_completo;Inativo;15098000;25991 013639 78;steinonit;nutracom industria e comercio ltda 25 859 018 0001 74;;;TRUE;1;cassia angustifolia;cassia angustifolia l.
109;Sene;REG:152080003;Senna alexandrina;senna alexandrina mill.;156;Senna_alexandrina__senna_alexandrina_mill.xlsx;PLAN 30 DIAS;;senna alexandrina mill., peumus boldus molina;REGISTRADO;152080003;25351.756358/2018-79;TÉ GUARANI DO BRASIL LTDA - 04.259.723/0001-60;Ativo;04/2030;senna alexandrina;incluido_alias_completo;Ativo;152080003;25351 756358 2018 79;plan 30 dias;te guarani do brasil ltda 04 259 723 0001 60;senna alexandrina mill peumus boldus molina;2018;TRUE;1;Senna alexandrina;senna alexandrina mill.
109;Sene;REG:155840404;Senna alexandrina;senna alexandrina mill.;156;Senna_alexandrina__senna_alexandrina_mill.xlsx;SENARETI;;senna alexandrina mill.;REGISTRADO;155840404;25351.534887/2012-25;BRAINFARMA INDÚSTRIA QUÍMICA E FARMACÊUTICA S.A - 05.161.069/0001-10;Ativo;07/2035;senna alexandrina;incluido_alias_completo;Ativo;155840404;25351 534887 2012 25;senareti;brainfarma industria quimica e farmaceutica s a 05 161 069 0001 10;senna alexandrina mill;2012;TRUE;1;Senna alexandrina;senna alexandrina mill.
109;Sene;REG:155840644;Senna alexandrina;senna alexandrina mill.;156;Senna_alexandrina__senna_alexandrina_mill.xlsx;NATURETTI;;senna alexandrina mill., cassia fistula l.;REGISTRADO;155840644;25351.497284/2022-18;BRAINFARMA INDÚSTRIA QUÍMICA E FARMACÊUTICA S.A - 05.161.069/0001-10;Ativo;12/2029;senna alexandrina;incluido_alias_completo;Ativo;155840644;25351 497284 2022 18;naturetti;brainfarma industria quimica e farmaceutica s a 05 161 069 0001 10;senna alexandrina mill cassia fistula l;2022;TRUE;1;Senna alexandrina;senna alexandrina mill.
109;Sene;REG:156200021;cassia acutifolia;cassia acutifolia del.;243;cassia_acutifolia__cassia_acutifolia_del.xlsx;Varicell;;;REGISTRADO;156200021;25351.823874/2008-80;VIDFARMA INDÚSTRIA DE MEDICAMENTOS LTDA - 03.993.167/0001-99;Inativo;07/2006;cassia acutifolia;incluido_alias_completo;Inativo;156200021;25351 823874 2008 80;varicell;vidfarma industria de medicamentos ltda 03 993 167 0001 99;;2008;TRUE;1;cassia acutifolia;cassia acutifolia del.
109;Sene;REG:158190003;Senna alexandrina;senna alexandrina mill.;156;Senna_alexandrina__senna_alexandrina_mill.xlsx;LACASS;;senna alexandrina mill.;REGISTRADO;158190003;25351.062609/2017-02;ARESE PHARMA LTDA. - 07.670.111/0001-54;Ativo;07/2029;senna alexandrina;incluido_alias_completo;Ativo;158190003;25351 062609 2017 02;lacass;arese pharma ltda 07 670 111 0001 54;senna alexandrina mill;2017;TRUE;1;Senna alexandrina;senna alexandrina mill.
109;Sene;REG:172870053;cassia angustifolia;cassia angustifolia, vahl;245;cassia_angustifolia__cassia_angustifolia_vahl.xlsx;TAMARINE;;;REGISTRADO;172870053;25351.333230/2009-19;Hypera S.A. - 02.932.074/0001-91;Inativo;04/2010;cassia angustifolia;incluido_alias_completo;Inativo;172870053;25351 333230 2009 19;tamarine;hypera s a 02 932 074 0001 91;;2009;TRUE;1;cassia angustifolia;cassia angustifolia, vahl
109;Sene;REG:172870474;Senna alexandrina;senna alexandrina mill.;156;Senna_alexandrina__senna_alexandrina_mill.xlsx;SENARETI;;;REGISTRADO;172870474;25351.515613/2011-26;Hypera S.A. - 02.932.074/0001-91;Inativo;07/2015;senna alexandrina;incluido_alias_completo;Inativo;172870474;25351 515613 2011 26;senareti;hypera s a 02 932 074 0001 91;;2011;TRUE;1;Senna alexandrina;senna alexandrina mill.
109;Sene;REG:178170023;Senna alexandrina;senna alexandrina mill.;156;Senna_alexandrina__senna_alexandrina_mill.xlsx;TAMARINE;TAMARINE;senna alexandrina mill., cassia fistula, cassia fistula l., cássia fístula;REGISTRADO;178170023;25351.651335/2009-92;COSMED INDUSTRIA DE COSMETICOS E MEDICAMENTOS S.A. - 61.082.426/0002-07;Ativo;04/2035;senna alexandrina;incluido_alias_completo;Ativo;178170023;25351 651335 2009 92;tamarine;cosmed industria de cosmeticos e medicamentos s a 61 082 426 0002 07;senna alexandrina mill cassia fistula cassia fistula l cassia fistula;2009;TRUE;1;Senna alexandrina;senna alexandrina mill.
109;Sene;REG:183260328;Senna alexandrina;senna alexandrina mill.;156;Senna_alexandrina__senna_alexandrina_mill.xlsx;NATURETTI;;;REGISTRADO;183260328;25351.189712/2019-28;SANOFI MEDLEY FARMACÊUTICA LTDA. - 10.588.595/0010-92;Inativo;12/2029;senna alexandrina;incluido_alias_completo;Inativo;183260328;25351 189712 2019 28;naturetti;sanofi medley farmaceutica ltda 10 588 595 0010 92;;2019;TRUE;1;Senna alexandrina;senna alexandrina mill.
109;Sene;REG:188300049;Senna alexandrina;senna alexandrina mill.;156;Senna_alexandrina__senna_alexandrina_mill.xlsx;AGIOLAX;;plantago ovata forssk., senna alexandrina mill.;REGISTRADO;188300049;25351.067920/2018-96;VIATRIS FARMACEUTICA DO BRASIL LTDA - 11.643.096/0001-22;Ativo;06/2035;senna alexandrina;incluido_alias_completo;Ativo;188300049;25351 067920 2018 96;agiolax;viatris farmaceutica do brasil ltda 11 643 096 0001 22;plantago ovata forssk senna alexandrina mill;2018;TRUE;1;Senna alexandrina;senna alexandrina mill.
109;Sene;REG:5;sene;sene;409;sene__SENE.xlsx;OBESINAS DR. ALBERTO SEABRA 44;;;REGISTRADO;5;25000.003601/31;LABORATORIO FARMAERVAS LTDA - 60.565.520/0001-73;Inativo;03/2005;sene;incluido_alias_completo;Inativo;5;25000 003601 31;obesinas dr alberto seabra 44;laboratorio farmaervas ltda 60 565 520 0001 73;;;TRUE;1;sene;sene
110;Soja / Isoflavona-de-soja;REG:100410048;soja;óleo de soja;421;soja__ÓLEO_DE_SOJA.xlsx;LIPOVENOS;LIPOVENOS 20%, LIPOVENOS 10%, LIPOVENOS PLR, lipovenos 20%;;REGISTRADO;100410048;25001.017103/84-01;FRESENIUS KABI BRASIL LTDA - 49.324.221/0001-04;Inativo;06/2025;soja;incluido_alias_completo;Inativo;100410048;25001 017103 84 01;lipovenos;fresenius kabi brasil ltda 49 324 221 0001 04;;;TRUE;1;soja;óleo de soja
110;Soja / Isoflavona-de-soja;REG:100410101;soja;oleo de soja purificado;418;soja__OLEO_DE_SOJA_PURIFICADO.xlsx;INTRALIPID;INTRALIPID 10%, INTRALIPID 20%;;REGISTRADO;100410101;25351.011074/2004-54;FRESENIUS KABI BRASIL LTDA - 49.324.221/0001-04;Inativo;05/2015;soja;incluido_alias_completo;Inativo;100410101;25351 011074 2004 54;intralipid;fresenius kabi brasil ltda 49 324 221 0001 04;;2004;TRUE;1;soja;oleo de soja purificado
110;Soja / Isoflavona-de-soja;REG:100410112;soja;óleo de soja;421;soja__ÓLEO_DE_SOJA.xlsx;SMOFLIPID 20%;;ÓLEO DE SOJA, TRIGLICERÍDEOS CADEIA MÉDIA, ÓLEO DE OLIVA, ÓLEO DE PEIXE;REGISTRADO;100410112;25351.138512/2005-10;FRESENIUS KABI BRASIL LTDA - 49.324.221/0001-04;Ativo;07/2035;soja;incluido_alias_completo;Ativo;100410112;25351 138512 2005 10;smoflipid 20;fresenius kabi brasil ltda 49 324 221 0001 04;oleo de soja triglicerideos cadeia media oleo de oliva oleo de peixe;2005;TRUE;1;soja;óleo de soja
110;Soja / Isoflavona-de-soja;REG:100410149;soja;óleo de soja;421;soja__ÓLEO_DE_SOJA.xlsx;SMOFKABIVEN LIVRE DE ELETRÓLITOS;;ALANINA, ARGININA, GLICINA, HISTIDINA, ISOLEUCINA, LEUCINA, ACETATO DE LISINA, metionina (11 C), FENILALANINA, PROLINA, SERINA, TAURINA, TREONINA, TRIPTOFANo, TIROSINA, LEVOVALINA, GLICOSE MONOHIDRATADA, ÓLEO DE SOJA, TRIGLICERÍDEOS CADEIA MÉDIA, ÓLEO DE OLIVA, ÓLEO DE PEIXE;REGISTRADO;100410149;25351.321579/2010-54;FRESENIUS KABI BRASIL LTDA - 49.324.221/0001-04;Ativo;10/2027;soja;incluido_alias_completo;Ativo;100410149;25351 321579 2010 54;smofkabiven livre de eletrolitos;fresenius kabi brasil ltda 49 324 221 0001 04;alanina arginina glicina histidina isoleucina leucina acetato de lisina metionina 11 c fenilalanina prolina serina taurina treonina triptofano tirosina levovalina glicose monohidratada oleo de soja triglicerideos cadeia media oleo de oliva oleo de peixe;2010;TRUE;1;soja;óleo de soja
110;Soja / Isoflavona-de-soja;REG:100410150;soja;óleo de soja;421;soja__ÓLEO_DE_SOJA.xlsx;SMOFKABIVEN;PERIPHERAL, EXTRA NITROGEN;ALANINA, ARGININA, GLICINA, HISTIDINA, ISOLEUCINA, LEUCINA, ACETATO DE LISINA, levometionina, FENILALANINA, PROLINA, SERINA, TAURINA, TREONINA, TRIPTOFANo, TIROSINA, LEVOVALINA, cloreto de cálcio diidratado, GLICEROFOSFATO DE SÓDIO, SULFATO DE MAGNÉSIO HEPTAIDRATADO, CLORETO DE POTÁSSIO, ACETATO DE SÓDIO TRIHIDRATADO, SULFATO DE ZINCO HEPTAIDRATADO, GLICOSE MONOHIDRATADA, ÓLEO DE SOJA, TRIGLICERÍDEOS DE CADEIA MÉDIA, ÓLEO DE OLIVA, ÓLEO DE PEIXE, racealfatocoferol, GLICEROL;REGISTRADO;100410150;25351.610080/2013-27;FRESENIUS KABI BRASIL LTDA - 49.324.221/0001-04;Ativo;07/2029;soja;incluido_alias_completo;Ativo;100410150;25351 610080 2013 27;smofkabiven;fresenius kabi brasil ltda 49 324 221 0001 04;alanina arginina glicina histidina isoleucina leucina acetato de lisina levometionina fenilalanina prolina serina taurina treonina triptofano tirosina levovalina cloreto de calcio diidratado glicerofosfato de sodio sulfato de magnesio heptaidratado cloreto de potassio acetato de sodio trihidratado sulfato de zinco heptaidratado glicose monohidratada oleo de soja triglicerideos de cadeia media oleo de oliva oleo de peixe racealfatocoferol glicerol;2013;TRUE;1;soja;óleo de soja
110;Soja / Isoflavona-de-soja;REG:100419931;soja;óleo de soja;421;soja__ÓLEO_DE_SOJA.xlsx;LIPOVENOS  MCT;LIPOVENOS MCT 10%, LIPOVENOS MCT 20%;ÓLEO DE SOJA, TRIGLICERÍDEOS CADEIA MÉDIA, TRIGLICERÍDEOS DE CADEIA MÉDIA, GLICEROL, LECITINA DE OVO;REGISTRADO;100419931;25000.050652/99-66;FRESENIUS KABI BRASIL LTDA - 49.324.221/0001-04;Ativo;05/2035;soja;incluido_alias_completo;Ativo;100419931;25000 050652 99 66;lipovenos mct;fresenius kabi brasil ltda 49 324 221 0001 04;oleo de soja triglicerideos cadeia media triglicerideos de cadeia media glicerol lecitina de ovo;;TRUE;1;soja;óleo de soja
110;Soja / Isoflavona-de-soja;REG:100419938;soja;óleo de soja;421;soja__ÓLEO_DE_SOJA.xlsx;KABIVEN;KABIVEN PERIPHERAL, PERIPHERAL;ALANINA, GLICOSE MONOHIDRATADA, ÓLEO DE SOJA, ARGININA, L-ALANINA, ÁCIDO ASPÁRTICO, L-ARGININA, ÁCIDO GLUTÂMICO, GLICINA, L-ÁCIDO ASPÁRTICO, HISTIDINA, L-ÁCIDO GLUTÂMICO, ISOLEUCINA, L-HISTIDINA, LEUCINA, CLORIDRATO DE LISINA, L-ISOLEUCINA, L-LEUCINA, metionina (11 C), FENILALANINA, L-METIONINA, PROLINA, L-FENILALANINA, SERINA, L-PROLINA, TREONINA, L-SERINA, TRIPTOFANo, L-TREONINA, TIROSINA, L-TRIPTOFANO, LEVOVALINA, CLORETO DE CÁLCIO DI-HIDRATADO, L-TIROSINA, GLICEROFOSFATO DE SÓDIO, CLORETO DE CÁLCIO 2H2O, SULFATO DE MAGNÉSIO HEPTAIDRATADO, cloreto de cálcio diidratado, CLORETO DE POTÁSSIO, ACETATO DE SÓDIO TRI-HIDRATADO , ACETATO DE SÓDIO TRIIDRATADO, GLICOSE MONOIDRATADA, OLEO DE SOJA PURIFICADO;REGISTRADO;100419938;25351.028806/00-31;FRESENIUS KABI BRASIL LTDA - 49.324.221/0001-04;Ativo;01/2028;soja;incluido_alias_completo;Ativo;100419938;25351 028806 00 31;kabiven;fresenius kabi brasil ltda 49 324 221 0001 04;alanina glicose monohidratada oleo de soja arginina l alanina acido aspartico l arginina acido glutamico glicina l acido aspartico histidina l acido glutamico isoleucina l histidina leucina cloridrato de lisina l isoleucina l leucina metionina 11 c fenilalanina l metionina prolina l fenilalanina serina l prolina treonina l serina triptofano l treonina tirosina l triptofano levovalina cloreto de calcio di hidratado l tirosina glicerofosfato de sodio cloreto de calcio 2h2o sulfato de magnesio heptaidratado cloreto de calcio diidratado cloreto de potassio acetato de sodio tri hidratado acetato de sodio triidratado glicose monoidratada oleo de soja purificado;;TRUE;2;soja;óleo de soja | oleo de soja purificado
110;Soja / Isoflavona-de-soja;REG:100430905;Glycine max;glycine max (l.) merr.;74;Glycine_max__glycine_max_l._merr.xlsx;BUONA;;;REGISTRADO;100430905;25351.042694/2003-54;EUROFARMA LABORATORIOS S.A. - 61.190.096/0001-92;Inativo;05/2014;glycine max;incluido_alias_completo;Inativo;100430905;25351 042694 2003 54;buona;eurofarma laboratorios s a 61 190 096 0001 92;;2003;TRUE;1;Glycine max;glycine max (l.) merr.
110;Soja / Isoflavona-de-soja;REG:100431388;Glycine max;glycine max (l.) merr.;74;Glycine_max__glycine_max_l._merr.xlsx;BUONA;;glycine max (l.) merr.;REGISTRADO;100431388;25351.160701/2021-81;EUROFARMA LABORATORIOS S.A. - 61.190.096/0001-92;Ativo;05/2029;glycine max;incluido_alias_completo;Ativo;100431388;25351 160701 2021 81;buona;eurofarma laboratorios s a 61 190 096 0001 92;glycine max l merr;2021;TRUE;1;Glycine max;glycine max (l.) merr.
110;Soja / Isoflavona-de-soja;REG:100820144;Glycine max;glycine max;73;Glycine_max__GLYCINE_MAX.xlsx;PIASCLEDINE;;;REGISTRADO;100820144;25000.008663/99-34;ABBOTT PRODUTOS PARA SAÚDE LTDA. - 60.499.639/0001-95;Inativo;05/2010;glycine max;incluido_alias_completo;Inativo;100820144;25000 008663 99 34;piascledine;abbott produtos para saude ltda 60 499 639 0001 95;;;TRUE;1;Glycine max;glycine max
110;Soja / Isoflavona-de-soja;REG:100849944;Glycine max;glycine max (l.) merr.;74;Glycine_max__glycine_max_l._merr.xlsx;FISIOGEN SOY;;;REGISTRADO;100849944;25351.037373/2003-38;ZAMBON LABORATÓRIOS FARMACÊUTICOS LTDA. - 61.100.004/0001-36;Inativo;03/2009;glycine max;incluido_alias_completo;Inativo;100849944;25351 037373 2003 38;fisiogen soy;zambon laboratorios farmaceuticos ltda 61 100 004 0001 36;;2003;TRUE;1;Glycine max;glycine max (l.) merr.
110;Soja / Isoflavona-de-soja;REG:100850013;soja;óleo de soja;421;soja__ÓLEO_DE_SOJA.xlsx;LIPOFUNDIN;LIPOFUNDIN MCT/LCT, MCT LCT, LIPOFUNDIN N;ÓLEO DE SOJA, TRIGLICERÍDEOS CADEIA MÉDIA, TRIGLICERÍDEOS DE CADEIA MÉDIA, GLICEROL, LECITINA DE OVO;REGISTRADO;100850013;25992.009398/74;LABORATORIOS B. BRAUN S/A - 31.673.254/0001-02;Ativo;03/2029;soja;incluido_alias_completo;Ativo;100850013;25992 009398 74;lipofundin;laboratorios b braun s a 31 673 254 0001 02;oleo de soja triglicerideos cadeia media triglicerideos de cadeia media glicerol lecitina de ovo;;TRUE;1;soja;óleo de soja
110;Soja / Isoflavona-de-soja;REG:100850124;soja;óleo de soja;421;soja__ÓLEO_DE_SOJA.xlsx;NUTRIFLEX LIPID;NUTRIFLEX LIPID PLUS, NUTRIFLEX LIPID PERI, NUTRIFLEX LIPID BASAL, NUTRIFLEX LIPID SPECIAL (SEM ELETRÓLITOS), NUTRIFLEX LIPID PLUS (SEM ELETRÓLITOS), NUTRIFLEX LIPID SPECIAL;ISOLEUCINA, LEUCINA, CLORIDRATO DE LISINA, levometionina, FENILALANINA, TREONINA, TRIPTOFANo, VALINA, ARGININA, CLORIDRATO DE HISTIDINA MONOIDRATADO, HISTIDINA, ALANINA, ÁCIDO AMINOACÉTICO, ÁCIDO ASPÁRTICO, ÁCIDO GLUTÂMICO, PROLINA, SERINA, ACETATO DE MAGNÉSIO TETRAIDRATADO, GLICOSE MONOIDRATADA, ACETATO DE SÓDIO TRIIDRATADO, TRIGLICERÍDEOS CADEIA MÉDIA, TRIGLICERÍDEOS DE CADEIA MÉDIA, ACETATO DE POTÁSSIO, ÓLEO DE SOJA, FOSFATO DIIDROGENADO DE SÓDIO, HIDROXIDO DE SODIO, HIDRÓXIDO DE SÓDIO, GLICOSE MONOHIDRATADA, CLORETO DE SÓDIO, cloreto de cálcio diidratado, ACETATO DE ZINCO;REGISTRADO;100850124;25351.002277/01-18;LABORATORIOS B. BRAUN S/A - 31.673.254/0001-02;Ativo;07/2027;soja;incluido_alias_completo;Ativo;100850124;25351 002277 01 18;nutriflex lipid;laboratorios b braun s a 31 673 254 0001 02;isoleucina leucina cloridrato de lisina levometionina fenilalanina treonina triptofano valina arginina cloridrato de histidina monoidratado histidina alanina acido aminoacetico acido aspartico acido glutamico prolina serina acetato de magnesio tetraidratado glicose monoidratada acetato de sodio triidratado triglicerideos cadeia media triglicerideos de cadeia media acetato de potassio oleo de soja fosfato diidrogenado de sodio hidroxido de sodio hidroxido de sodio glicose monohidratada cloreto de sodio cloreto de calcio diidratado acetato de zinco;;TRUE;1;soja;óleo de soja
110;Soja / Isoflavona-de-soja;REG:100850131;soja;óleo de soja;421;soja__ÓLEO_DE_SOJA.xlsx;LIPOFUNDIN N;;;REGISTRADO;100850131;25000.007051/97-81;LABORATORIOS B. BRAUN S/A - 31.673.254/0001-02;Inativo;03/2009;soja;incluido_alias_completo;Inativo;100850131;25000 007051 97 81;lipofundin n;laboratorios b braun s a 31 673 254 0001 02;;;TRUE;1;soja;óleo de soja
110;Soja / Isoflavona-de-soja;REG:100850138;soja;óleo de soja;421;soja__ÓLEO_DE_SOJA.xlsx;LIPIDEM;;TRIGLICERÍDEOS DE CADEIA MÉDIA, ÓLEO DE SOJA, TRIGLICERÍDIOS C10-18;REGISTRADO;100850138;25351.508799/2006-22;LABORATORIOS B. BRAUN S/A - 31.673.254/0001-02;Ativo;05/2027;soja;incluido_alias_completo;Ativo;100850138;25351 508799 2006 22;lipidem;laboratorios b braun s a 31 673 254 0001 02;triglicerideos de cadeia media oleo de soja trigliceridios c10 18;2006;TRUE;1;soja;óleo de soja
110;Soja / Isoflavona-de-soja;REG:100850246;soja;óleo de soja;421;soja__ÓLEO_DE_SOJA.xlsx;Nutriflex Lipid;HP 3CB, Peri 3CB;ISOLEUCINA, LEUCINA, CLORIDRATO DE LISINA, levometionina, FENILALANINA, TREONINA, TRIPTOFANo, LEVOVALINA, ARGININA, CLORIDRATO DE HISTIDINA MONOIDRATADO, ALANINA, ÁCIDO ASPÁRTICO, ÁCIDO GLUTÂMICO, GLICINA, PROLINA, SERINA, HIDRÓXIDO DE SÓDIO, CLORETO DE SÓDIO, ACETATO DE SÓDIO TRI-HIDRATADO , ACETATO DE POTÁSSIO, ACETATO DE MAGNÉSIO TETRAIDRATADO, CLORETO DE CÁLCIO DI-HIDRATADO, GLICOSE MONOIDRATADA, fosfato de sódio monobásico di-hidratado, ACETATO DE ZINCO DI-HIDRATADO, TRIGLICERÍDEOS DE CADEIA MÉDIA, ÓLEO DE SOJA;REGISTRADO;100850246;25351.517993/2023-08;LABORATORIOS B. BRAUN S/A - 31.673.254/0001-02;Ativo;03/2035;soja;incluido_alias_completo;Ativo;100850246;25351 517993 2023 08;nutriflex lipid;laboratorios b braun s a 31 673 254 0001 02;isoleucina leucina cloridrato de lisina levometionina fenilalanina treonina triptofano levovalina arginina cloridrato de histidina monoidratado alanina acido aspartico acido glutamico glicina prolina serina hidroxido de sodio cloreto de sodio acetato de sodio tri hidratado acetato de potassio acetato de magnesio tetraidratado cloreto de calcio di hidratado glicose monoidratada fosfato de sodio monobasico di hidratado acetato de zinco di hidratado triglicerideos de cadeia media oleo de soja;2023;TRUE;1;soja;óleo de soja
110;Soja / Isoflavona-de-soja;REG:100850247;soja;óleo de soja;421;soja__ÓLEO_DE_SOJA.xlsx;NUTRIFLEX;OMEGA HP, OMEGA PERI, OMEGA STANDARD;ISOLEUCINA, LEUCINA, CLORIDRATO DE LISINA, levometionina, FENILALANINA, TREONINA, TRIPTOFANo, LEVOVALINA, ARGININA, CLORIDRATO DE HISTIDINA MONOIDRATADO, ALANINA, ÁCIDO ASPÁRTICO, ÁCIDO GLUTÂMICO, GLICINA, PROLINA, SERINA, HIDRÓXIDO DE SÓDIO, CLORETO DE SÓDIO, ACETATO DE SÓDIO TRI-HIDRATADO , ACETATO DE POTÁSSIO, ACETATO DE MAGNÉSIO TETRAIDRATADO, CLORETO DE CÁLCIO DI-HIDRATADO, GLICOSE MONOIDRATADA, fosfato de sódio monobásico di-hidratado, ACETATO DE ZINCO DI-HIDRATADO, TRIGLICERÍDEOS DE CADEIA MÉDIA, ÓLEO DE SOJA, TRIGLICERÍDEOS DE ÁCIDOS GRAXOS ÔMEGA-3;REGISTRADO;100850247;25351.581966/2023-81;LABORATORIOS B. BRAUN S/A - 31.673.254/0001-02;Ativo;03/2035;soja;incluido_alias_completo;Ativo;100850247;25351 581966 2023 81;nutriflex;laboratorios b braun s a 31 673 254 0001 02;isoleucina leucina cloridrato de lisina levometionina fenilalanina treonina triptofano levovalina arginina cloridrato de histidina monoidratado alanina acido aspartico acido glutamico glicina prolina serina hidroxido de sodio cloreto de sodio acetato de sodio tri hidratado acetato de potassio acetato de magnesio tetraidratado cloreto de calcio di hidratado glicose monoidratada fosfato de sodio monobasico di hidratado acetato de zinco di hidratado triglicerideos de cadeia media oleo de soja triglicerideos de acidos graxos omega 3;2023;TRUE;1;soja;óleo de soja
110;Soja / Isoflavona-de-soja;REG:101070070;soja;óleo de soja;421;soja__ÓLEO_DE_SOJA.xlsx;EMULSÃO SCOTT;LARANJA, MORANGO, EMU SCOTT BANANA, EMU SCOTT CARAMELO, LARANJA EXPORT, SCOTT MORANGO, FRUTAS TROPICAIS, FRUTAS TROPICAIS EXPORT, CEREJA, SCOTT, CEREJA EXPORT;;REGISTRADO;101070070;25991.004936/78;GLAXOSMITHKLINE BRASIL LTDA - 33.247.743/0001-10;Inativo;09/2029;soja;incluido_alias_completo;Inativo;101070070;25991 004936 78;emulsao scott;glaxosmithkline brasil ltda 33 247 743 0001 10;;;TRUE;1;soja;óleo de soja
110;Soja / Isoflavona-de-soja;REG:101550205;soja;lecitina de soja;417;soja__LECITINA_DE_SOJA.xlsx;VITERGAN MASTER;;;REGISTRADO;101550205;25000.010182/98-16;MARJAN INDÚSTRIA E COMÉRCIO LTDA - 60.726.692/0001-81;Inativo;04/2029;soja;incluido_alias_completo;Inativo;101550205;25000 010182 98 16;vitergan master;marjan industria e comercio ltda 60 726 692 0001 81;;;TRUE;1;soja;lecitina de soja
110;Soja / Isoflavona-de-soja;REG:101620174;soja;óleo de soja;421;soja__ÓLEO_DE_SOJA.xlsx;ENDOLIPID;ENDOLIPID 10%, ENDOLIPID 20%;;REGISTRADO;101620174;25001.001203/82;LABORATÓRIOS PIERRE FABRE DO BRASIL LTDA - 33.051.491/0001-59;Inativo;08/2003;soja;incluido_alias_completo;Inativo;101620174;25001 001203 82;endolipid;laboratorios pierre fabre do brasil ltda 33 051 491 0001 59;;;TRUE;1;soja;óleo de soja
110;Soja / Isoflavona-de-soja;REG:101800081;soja;proteína isolada de soja;419;soja__PROTEÍNA_ISOLADA_DE_SOJA.xlsx;TERAGRAN PROTEÍNA;;;REGISTRADO;101800081;25992.011987/75;BRISTOL-MYERS SQUIBB FARMACÊUTICA LTDA - 56.998.982/0001-07;Inativo;08/2000;soja;incluido_alias_completo;Inativo;101800081;25992 011987 75;teragran proteina;bristol myers squibb farmaceutica ltda 56 998 982 0001 07;;;TRUE;1;soja;proteína isolada de soja
110;Soja / Isoflavona-de-soja;REG:102980048;soja;óleo de soja;421;soja__ÓLEO_DE_SOJA.xlsx;VENOLIPID 10%;;;REGISTRADO;102980048;25991.010279/79;CRISTÁLIA PRODUTOS QUÍMICOS FARMACÊUTICOS LTDA. - 44.734.671/0001-51;Inativo;10/2004;soja;incluido_alias_completo;Inativo;102980048;25991 010279 79;venolipid 10;cristalia produtos quimicos farmaceuticos ltda 44 734 671 0001 51;;;TRUE;1;soja;óleo de soja
110;Soja / Isoflavona-de-soja;REG:102980308;soja;óleo de soja;421;soja__ÓLEO_DE_SOJA.xlsx;VENOLIPID;;;REGISTRADO;102980308;25991.010898/79;CRISTÁLIA PRODUTOS QUÍMICOS FARMACÊUTICOS LTDA. - 44.734.671/0001-51;Inativo;10/2004;soja;incluido_alias_completo;Inativo;102980308;25991 010898 79;venolipid;cristalia produtos quimicos farmaceuticos ltda 44 734 671 0001 51;;;TRUE;1;soja;óleo de soja
110;Soja / Isoflavona-de-soja;REG:103670139;soja;lecitina de soja;417;soja__LECITINA_DE_SOJA.xlsx;COMPLEX PHARMATON;;;REGISTRADO;103670139;25351.171253/2002-88;BOEHRINGER INGELHEIM DO BRASIL QUÍMICA E FARMACÊUTICA LTDA. - 60.831.658/0001-77;Inativo;10/2012;soja;incluido_alias_completo;Inativo;103670139;25351 171253 2002 88;complex pharmaton;boehringer ingelheim do brasil quimica e farmaceutica ltda 60 831 658 0001 77;;2002;TRUE;1;soja;lecitina de soja
110;Soja / Isoflavona-de-soja;REG:103670157;soja;lecitina de soja;417;soja__LECITINA_DE_SOJA.xlsx;PHARMATON;;;REGISTRADO;103670157;25351.059773/2003-02;BOEHRINGER INGELHEIM DO BRASIL QUÍMICA E FARMACÊUTICA LTDA. - 60.831.658/0001-77;Inativo;08/2026;soja;incluido_alias_completo;Inativo;103670157;25351 059773 2003 02;pharmaton;boehringer ingelheim do brasil quimica e farmaceutica ltda 60 831 658 0001 77;;2003;TRUE;1;soja;lecitina de soja
110;Soja / Isoflavona-de-soja;REG:103700398;soja;isoflavonas de soja;416;soja__ISOFLAVONAS_DE_SOJA.xlsx;FITOSOY;;;REGISTRADO;103700398;25351.164284/2002-82;LABORATÓRIO TEUTO BRASILEIRO S/A - 17.159.229/0001-76;Inativo;03/2008;soja;incluido_alias_completo;Inativo;103700398;25351 164284 2002 82;fitosoy;laboratorio teuto brasileiro s a 17 159 229 0001 76;;2002;TRUE;2;Glycine max | soja;glycine max (l.) merr. | isoflavonas de soja
110;Soja / Isoflavona-de-soja;REG:104041972;Glycine max;glycine max (l.) merr.;74;Glycine_max__glycine_max_l._merr.xlsx;SOYCLIM;;;REGISTRADO;104041972;25351.141373/2004-12;LUPER INDÚSTRIA FARMACÊUTICA LTDA - 61.299.111/0001-35;Inativo;08/2010;glycine max;incluido_alias_completo;Inativo;104041972;25351 141373 2004 12;soyclim;luper industria farmaceutica ltda 61 299 111 0001 35;;2004;TRUE;1;Glycine max;glycine max (l.) merr.
110;Soja / Isoflavona-de-soja;REG:104150046;Glycine max;glycine max (l.) merr.;74;Glycine_max__glycine_max_l._merr.xlsx;ISOFLAVERITAS;;;REGISTRADO;104150046;25351.048728/2003-14;LABORATORIO HANEMANIANA VERITAS LTDA - 33.790.981/0001-77;Inativo;01/2009;glycine max;incluido_alias_completo;Inativo;104150046;25351 048728 2003 14;isoflaveritas;laboratorio hanemaniana veritas ltda 33 790 981 0001 77;;2003;TRUE;1;Glycine max;glycine max (l.) merr.
110;Soja / Isoflavona-de-soja;REG:104670277;Glycine max;glycine max (l.) merr.;74;Glycine_max__glycine_max_l._merr.xlsx;ISOFARMA;;;REGISTRADO;104670277;25351.025817/2003-92;LABORATORIO FARMAERVAS LTDA - 60.565.520/0001-73;Inativo;08/2008;glycine max;incluido_alias_completo;Inativo;104670277;25351 025817 2003 92;isofarma;laboratorio farmaervas ltda 60 565 520 0001 73;;2003;TRUE;1;Glycine max;glycine max (l.) merr.
110;Soja / Isoflavona-de-soja;REG:105530356;Glycine max;glycine max;73;Glycine_max__GLYCINE_MAX.xlsx;PIASCLEDINE;;GLYCINE MAX, PERSEA AMERICANA MILL., GLYCINE MAX (L.) MERR., PERSEA GRATISSIMA GAERTN;REGISTRADO;105530356;25351.330195/2011-01;ABBOTT LABORATÓRIOS DO BRASIL LTDA - 56.998.701/0001-16;Ativo;05/2035;glycine max;incluido_alias_completo;Ativo;105530356;25351 330195 2011 01;piascledine;abbott laboratorios do brasil ltda 56 998 701 0001 16;glycine max persea americana mill glycine max l merr persea gratissima gaertn;2011;TRUE;2;Glycine max;glycine max | glycine max (l.) merr.
110;Soja / Isoflavona-de-soja;REG:105730280;Glycine max;glycine max (l.) merr.;74;Glycine_max__glycine_max_l._merr.xlsx;Soyfemme;;glycine max (l.) merr.;REGISTRADO;105730280;25351.171529/2002-28;ACHÉ LABORATÓRIOS FARMACÊUTICOS S.A - 60.659.463/0029-92;Ativo;04/2028;glycine max;incluido_alias_completo;Ativo;105730280;25351 171529 2002 28;soyfemme;ache laboratorios farmaceuticos s a 60 659 463 0029 92;glycine max l merr;2002;TRUE;1;Glycine max;glycine max (l.) merr.
110;Soja / Isoflavona-de-soja;REG:106830089;soja;óleo de soja;421;soja__ÓLEO_DE_SOJA.xlsx;IVELIP;IVELIP 10%, IVELIP 20%;;REGISTRADO;106830089;25000.008041/95-09;BAXTER HOSPITALAR LTDA - 49.351.786/0002-61;Inativo;01/2004;soja;incluido_alias_completo;Inativo;106830089;25000 008041 95 09;ivelip;baxter hospitalar ltda 49 351 786 0002 61;;;TRUE;1;soja;óleo de soja
110;Soja / Isoflavona-de-soja;REG:106830117;soja;óleo de soja;421;soja__ÓLEO_DE_SOJA.xlsx;CLINOLEIC;;;REGISTRADO;106830117;25000.012813/99-69;BAXTER HOSPITALAR LTDA - 49.351.786/0002-61;Inativo;05/2027;soja;incluido_alias_completo;Inativo;106830117;25000 012813 99 69;clinoleic;baxter hospitalar ltda 49 351 786 0002 61;;;TRUE;2;soja;óleo de soja | oleo de soja purificado
110;Soja / Isoflavona-de-soja;REG:106830156;soja;óleo de soja;421;soja__ÓLEO_DE_SOJA.xlsx;IVELIP-EMULSÃO INJETÁVEL;;;REGISTRADO;106830156;25351.071074/2003-22;BAXTER HOSPITALAR LTDA - 49.351.786/0002-61;Inativo;09/2014;soja;incluido_alias_completo;Inativo;106830156;25351 071074 2003 22;ivelip emulsao injetavel;baxter hospitalar ltda 49 351 786 0002 61;;2003;TRUE;1;soja;óleo de soja
110;Soja / Isoflavona-de-soja;REG:106830157;soja;óleo de soja;421;soja__ÓLEO_DE_SOJA.xlsx;OLICLINOMEL;;;REGISTRADO;106830157;25351.081560/2004-30;BAXTER HOSPITALAR LTDA - 49.351.786/0002-61;Inativo;06/2015;soja;incluido_alias_completo;Inativo;106830157;25351 081560 2004 30;oliclinomel;baxter hospitalar ltda 49 351 786 0002 61;;2004;TRUE;1;soja;óleo de soja
110;Soja / Isoflavona-de-soja;REG:106830176;soja;óleo de soja;421;soja__ÓLEO_DE_SOJA.xlsx;OLICLINOMEL N8-800;;;REGISTRADO;106830176;25351.038650/2008-34;BAXTER HOSPITALAR LTDA - 49.351.786/0002-61;Inativo;11/2015;soja;incluido_alias_completo;Inativo;106830176;25351 038650 2008 34;oliclinomel n8 800;baxter hospitalar ltda 49 351 786 0002 61;;2008;TRUE;1;soja;óleo de soja
110;Soja / Isoflavona-de-soja;REG:106830181;soja;óleo de soja;421;soja__ÓLEO_DE_SOJA.xlsx;OLIMEL;N4E, N5E, N7E, N9E;ALANINA, ARGININA, ÁCIDO ASPÁRTICO, ÁCIDO GLUTÂMICO, GLICINA, HISTIDINA, ISOLEUCINA, LEUCINA, ACETATO DE LISINA, levometionina, FENILALAMINA, PROLINA, SERINA, TREONINA, TRIPTOFANo, TIROSINA, LEVOVALINA, ACETATO DE SÓDIO TRI-HIDRATADO , ACETATO DE SÓDIO TRIHIDRATADO, GLICEROFOSFATO DE SÓDIO, CLORETO DE POTÁSSIO, CLORETO DE MAGNÉSIO HEXAIDRATADO, GLICOSE MONOHIDRATADA, GLICOSE MONOIDRATADA, CLORETO DE CÁLCIO DI-HIDRATADO, cloreto de cálcio diidratado, ÓLEO DE OLIVA, ÓLEO DE SOJA, FENILALANINA;REGISTRADO;106830181;25351.742952/2010-73;BAXTER HOSPITALAR LTDA - 49.351.786/0002-61;Ativo;07/2028;soja;incluido_alias_completo;Ativo;106830181;25351 742952 2010 73;olimel;baxter hospitalar ltda 49 351 786 0002 61;alanina arginina acido aspartico acido glutamico glicina histidina isoleucina leucina acetato de lisina levometionina fenilalamina prolina serina treonina triptofano tirosina levovalina acetato de sodio tri hidratado acetato de sodio trihidratado glicerofosfato de sodio cloreto de potassio cloreto de magnesio hexaidratado glicose monohidratada glicose monoidratada cloreto de calcio di hidratado cloreto de calcio diidratado oleo de oliva oleo de soja fenilalanina;2010;TRUE;1;soja;óleo de soja
110;Soja / Isoflavona-de-soja;REG:106830185;soja;óleo de soja;421;soja__ÓLEO_DE_SOJA.xlsx;Numeta Neo;;ALANINA, ARGININA, ÁCIDO ASPÁRTICO, CISTEÍNA, ÁCIDO GLUTÂMICO, GLICINA, HISTIDINA, ISOLEUCINA, LEUCINA, LISINA, levometionina, CLORIDRATO DE ORNITINA, FENILALANINA, PROLINA, SERINA, TAURINA, TREONINA, TRIPTOFANo, TIROSINA, LEVOVALINA, ACETATO DE POTÁSSIO, ACETATO DE MAGNÉSIO TETRAIDRATADO, GLICEROFOSFATO DE SÓDIO, GLICOSE MONOIDRATADA, ÓLEO DE OLIVA, ÓLEO DE SOJA, cloreto de cálcio diidratado;REGISTRADO;106830185;25351.113004/2019-16;BAXTER HOSPITALAR LTDA - 49.351.786/0002-61;Ativo;03/2030;soja;incluido_alias_completo;Ativo;106830185;25351 113004 2019 16;numeta neo;baxter hospitalar ltda 49 351 786 0002 61;alanina arginina acido aspartico cisteina acido glutamico glicina histidina isoleucina leucina lisina levometionina cloridrato de ornitina fenilalanina prolina serina taurina treonina triptofano tirosina levovalina acetato de potassio acetato de magnesio tetraidratado glicerofosfato de sodio glicose monoidratada oleo de oliva oleo de soja cloreto de calcio diidratado;2019;TRUE;1;soja;óleo de soja
110;Soja / Isoflavona-de-soja;REG:106830186;soja;óleo de soja;421;soja__ÓLEO_DE_SOJA.xlsx;NUMETA PED;NUMETA PED;ALANINA, ARGININA, ÁCIDO ASPÁRTICO, CISTEÍNA, ÁCIDO GLUTÂMICO, GLICINA, HISTIDINA, ISOLEUCINA, LEUCINA, LISINA, levometionina, CLORIDRATO DE ORNITINA, FENILALANINA, PROLINA, SERINA, TAURINA, TREONINA, TRIPTOFANo, TIROSINA, LEVOVALINA, CLORETO DE SÓDIO, ACETATO DE POTÁSSIO, cloreto de cálcio diidratado, ACETATO DE MAGNÉSIO TETRAIDRATADO, GLICEROFOSFATO DE SÓDIO, GLICOSE MONOIDRATADA, ÓLEO DE OLIVA, ÓLEO DE SOJA;REGISTRADO;106830186;25351.076976/2019-12;BAXTER HOSPITALAR LTDA - 49.351.786/0002-61;Ativo;04/2030;soja;incluido_alias_completo;Ativo;106830186;25351 076976 2019 12;numeta ped;baxter hospitalar ltda 49 351 786 0002 61;alanina arginina acido aspartico cisteina acido glutamico glicina histidina isoleucina leucina lisina levometionina cloridrato de ornitina fenilalanina prolina serina taurina treonina triptofano tirosina levovalina cloreto de sodio acetato de potassio cloreto de calcio diidratado acetato de magnesio tetraidratado glicerofosfato de sodio glicose monoidratada oleo de oliva oleo de soja;2019;TRUE;1;soja;óleo de soja
110;Soja / Isoflavona-de-soja;REG:112363385;Glycine max;glycine max (l.) merr.;74;Glycine_max__glycine_max_l._merr.xlsx;SOYFIT;;;REGISTRADO;112363385;25351.063823/2006-91;JANSSEN-CILAG FARMACÊUTICA LTDA - 51.780.468/0001-87;Inativo;06/2016;glycine max;incluido_alias_completo;Inativo;112363385;25351 063823 2006 91;soyfit;janssen cilag farmaceutica ltda 51 780 468 0001 87;;2006;TRUE;1;Glycine max;glycine max (l.) merr.
110;Soja / Isoflavona-de-soja;REG:112700001;soja;lecitina de soja;417;soja__LECITINA_DE_SOJA.xlsx;LECITINA DE SOJA;;;REGISTRADO;112700001;25000.010810/84;FONTOVIT LABORATORIOS SA - 53.249.736/0001-64;Inativo;03/2005;soja;incluido_alias_completo;Inativo;112700001;25000 010810 84;lecitina de soja;fontovit laboratorios sa 53 249 736 0001 64;;;TRUE;1;soja;lecitina de soja
110;Soja / Isoflavona-de-soja;REG:112700021;soja;gordura de soja;415;soja__GORDURA_DE_SOJA.xlsx;SYNCRO;;;REGISTRADO;112700021;25000.033472/98-57;FONTOVIT LABORATORIOS SA - 53.249.736/0001-64;Inativo;02/2005;soja;incluido_alias_completo;Inativo;112700021;25000 033472 98 57;syncro;fontovit laboratorios sa 53 249 736 0001 64;;;TRUE;1;soja;gordura de soja
110;Soja / Isoflavona-de-soja;REG:113440036;soja;oleo de soja purificado;418;soja__OLEO_DE_SOJA_PURIFICADO.xlsx;INTRALIPID;;;REGISTRADO;113440036;25000.039724/99-41;ENDOMED LABORATORIO FARMACEUTICO LTDA - 07.643.687/0001-22;Inativo;05/2005;soja;incluido_alias_completo;Inativo;113440036;25000 039724 99 41;intralipid;endomed laboratorio farmaceutico ltda 07 643 687 0001 22;;;TRUE;1;soja;oleo de soja purificado
110;Soja / Isoflavona-de-soja;REG:114620004;Glycine max;glycine max (l.) merr.;74;Glycine_max__glycine_max_l._merr.xlsx;MENOP;;glycine max (l.) merr.;REGISTRADO;114620004;25351.239559/2017-73;MYRALIS INDÚSTRIA FARMACÊUTICA LTDA - 17.440.261/0001-25;Ativo;04/2028;glycine max;incluido_alias_completo;Ativo;114620004;25351 239559 2017 73;menop;myralis industria farmaceutica ltda 17 440 261 0001 25;glycine max l merr;2017;TRUE;1;Glycine max;glycine max (l.) merr.
110;Soja / Isoflavona-de-soja;REG:115570061;Glycine max;glycine max (l.) merr.;74;Glycine_max__glycine_max_l._merr.xlsx;HIZOFITO;;glycine max (l.) merr.;REGISTRADO;115570061;25351.016686/2004-33;INFAN INDUSTRIA QUIMICA FARMACEUTICA NACIONAL S/A - 08.939.548/0001-03;Ativo;04/2035;glycine max;incluido_alias_completo;Ativo;115570061;25351 016686 2004 33;hizofito;infan industria quimica farmaceutica nacional s a 08 939 548 0001 03;glycine max l merr;2004;TRUE;1;Glycine max;glycine max (l.) merr.
110;Soja / Isoflavona-de-soja;REG:116950032;Glycine max;glycine max;73;Glycine_max__GLYCINE_MAX.xlsx;ISOVIT;;;REGISTRADO;116950032;25351.053962/2003-63;LABORATÓRIO FARMACÊUTICO VITAMED LTDA - 29.346.301/0001-53;Inativo;08/2025;glycine max;incluido_alias_completo;Inativo;116950032;25351 053962 2003 63;isovit;laboratorio farmaceutico vitamed ltda 29 346 301 0001 53;;2003;TRUE;2;Glycine max;glycine max | glycine max (l.) merr.
110;Soja / Isoflavona-de-soja;REG:117170062;Glycine max;glycine max (l.) merr.;74;Glycine_max__glycine_max_l._merr.xlsx;SOYNATI;;glycine max (l.) merr.;REGISTRADO;117170062;25351.408281/2005-17;PHARMASCIENCE INDUSTRIA FARMACEUTICA S.A - 25.773.037/0001-83;Ativo;01/2036;glycine max;incluido_alias_completo;Ativo;117170062;25351 408281 2005 17;soynati;pharmascience industria farmaceutica s a 25 773 037 0001 83;glycine max l merr;2005;TRUE;1;Glycine max;glycine max (l.) merr.
110;Soja / Isoflavona-de-soja;REG:118600028;Glycine max;glycine max (l.) merr.;74;Glycine_max__glycine_max_l._merr.xlsx;ISOFLAVINE;;glycine max (l.) merr.;REGISTRADO;118600028;25351.037175/01-12;HERBARIUM LABORATORIO BOTANICO LTDA - 78.950.011/0001-20;Ativo;11/2027;glycine max;incluido_alias_completo;Ativo;118600028;25351 037175 01 12;isoflavine;herbarium laboratorio botanico ltda 78 950 011 0001 20;glycine max l merr;;TRUE;1;Glycine max;glycine max (l.) merr.
110;Soja / Isoflavona-de-soja;REG:118610226;Glycine max;glycine max;73;Glycine_max__GLYCINE_MAX.xlsx;MENOP;;;REGISTRADO;118610226;25351.206174/2002-03;ATIVUS FARMACÊUTICA LTDA - 64.088.172/0001-41;Inativo;04/2013;glycine max;incluido_alias_completo;Inativo;118610226;25351 206174 2002 03;menop;ativus farmaceutica ltda 64 088 172 0001 41;;2002;TRUE;2;Glycine max;glycine max | glycine max (l.) merr.
110;Soja / Isoflavona-de-soja;REG:118610279;Glycine max;glycine max;73;Glycine_max__GLYCINE_MAX.xlsx;GLYX;;;REGISTRADO;118610279;25351.567276/2013-67;ATIVUS FARMACÊUTICA LTDA - 64.088.172/0001-41;Inativo;09/2019;glycine max;incluido_alias_completo;Inativo;118610279;25351 567276 2013 67;glyx;ativus farmaceutica ltda 64 088 172 0001 41;;2013;TRUE;1;Glycine max;glycine max
110;Soja / Isoflavona-de-soja;REG:120090030;Glycine max;glycine max (l.) merr.;74;Glycine_max__glycine_max_l._merr.xlsx;ISOCLIM;;glycine max (l.) merr.;REGISTRADO;120090030;25351.334408/2014-32;BIONATUS LABORATÓRIO BOTÂNICO LTDA - 68.032.192/0001-51;Ativo;08/2026;glycine max;incluido_alias_completo;Ativo;120090030;25351 334408 2014 32;isoclim;bionatus laboratorio botanico ltda 68 032 192 0001 51;glycine max l merr;2014;TRUE;1;Glycine max;glycine max (l.) merr.
110;Soja / Isoflavona-de-soja;REG:123970034;Glycine max;glycine max (l.) merr.;74;Glycine_max__glycine_max_l._merr.xlsx;ISOLIX;;;REGISTRADO;123970034;25351.351064/2005-30;ORIENT MIX FITOTERÁPICOS DO BRASIL LTDA. - 73.657.876/0001-89;Inativo;01/2011;glycine max;incluido_alias_completo;Inativo;123970034;25351 351064 2005 30;isolix;orient mix fitoterapicos do brasil ltda 73 657 876 0001 89;;2005;TRUE;1;Glycine max;glycine max (l.) merr.
110;Soja / Isoflavona-de-soja;REG:126060014;Glycine max;glycine max (l.) merr.;74;Glycine_max__glycine_max_l._merr.xlsx;AGLICON-SOY;;;REGISTRADO;126060014;25351.233543/2004-94;STEVIAFARMA INDUSTRIAL S/A - 78.363.322/0001-92;Inativo;07/2010;glycine max;incluido_alias_completo;Inativo;126060014;25351 233543 2004 94;aglicon soy;steviafarma industrial s a 78 363 322 0001 92;;2004;TRUE;1;Glycine max;glycine max (l.) merr.
110;Soja / Isoflavona-de-soja;REG:126090141;Glycine max;glycine max (l.) merr.;74;Glycine_max__glycine_max_l._merr.xlsx;FLAVOMAX;;;REGISTRADO;126090141;25351.067851/2003-34;AMAZON ERVAS LABORATÓRIO BOTÂNICO LTDA - 05.501.937/0001-64;Inativo;06/2009;glycine max;incluido_alias_completo;Inativo;126090141;25351 067851 2003 34;flavomax;amazon ervas laboratorio botanico ltda 05 501 937 0001 64;;2003;TRUE;1;Glycine max;glycine max (l.) merr.
110;Soja / Isoflavona-de-soja;REG:137640136;Glycine max;glycine max;73;Glycine_max__GLYCINE_MAX.xlsx;MENOP;;;REGISTRADO;137640136;25351.042207/2012-11;ASPEN PHARMA INDÚSTRIA FARMACÊUTICA LTDA - 02.433.631/0001-20;Inativo;04/2023;glycine max;incluido_alias_completo;Inativo;137640136;25351 042207 2012 11;menop;aspen pharma industria farmaceutica ltda 02 433 631 0001 20;;2012;TRUE;1;Glycine max;glycine max
110;Soja / Isoflavona-de-soja;REG:138410025;Glycine max;glycine max (l.) merr.;74;Glycine_max__glycine_max_l._merr.xlsx;ISOFLASOY;;;REGISTRADO;138410025;25351.425027/2005-75;NATULAB LABORATORIO S.A - 02.456.955/0001-83;Inativo;12/2010;glycine max;incluido_alias_completo;Inativo;138410025;25351 425027 2005 75;isoflasoy;natulab laboratorio s a 02 456 955 0001 83;;2005;TRUE;1;Glycine max;glycine max (l.) merr.
110;Soja / Isoflavona-de-soja;REG:138410070;Glycine max;glycine max (l.) merr.;74;Glycine_max__glycine_max_l._merr.xlsx;Pausefemme;;glycine max (l.) merr.;REGISTRADO;138410070;25351.304404/2015-11;NATULAB LABORATORIO S.A - 02.456.955/0001-83;Ativo;03/2027;glycine max;incluido_alias_completo;Ativo;138410070;25351 304404 2015 11;pausefemme;natulab laboratorio s a 02 456 955 0001 83;glycine max l merr;2015;TRUE;1;Glycine max;glycine max (l.) merr.
110;Soja / Isoflavona-de-soja;REG:142770011;soja;óleo de soja;421;soja__ÓLEO_DE_SOJA.xlsx;CELEPID TM;CELEPID TM 10%, CELEPID TM 20%;;REGISTRADO;142770011;25351.091802/2004-01;CLARIS PRODUTOS FARMACÊUTICOS DO BRASIL LTDA - 02.455.073/0001-01;Inativo;11/2019;soja;incluido_alias_completo;Inativo;142770011;25351 091802 2004 01;celepid tm;claris produtos farmaceuticos do brasil ltda 02 455 073 0001 01;;2004;TRUE;1;soja;óleo de soja
110;Soja / Isoflavona-de-soja;REG:142770013;soja;óleo de soja;421;soja__ÓLEO_DE_SOJA.xlsx;CELEPID MCT-LCT;CELEPID MCT-LCT 10%, CELEPID MCT-LCT 20%;;REGISTRADO;142770013;25351.177689/2004-42;CLARIS PRODUTOS FARMACÊUTICOS DO BRASIL LTDA - 02.455.073/0001-01;Inativo;04/2010;soja;incluido_alias_completo;Inativo;142770013;25351 177689 2004 42;celepid mct lct;claris produtos farmaceuticos do brasil ltda 02 455 073 0001 01;;2004;TRUE;1;soja;óleo de soja
110;Soja / Isoflavona-de-soja;REG:142770018;soja;óleo de soja;421;soja__ÓLEO_DE_SOJA.xlsx;TNA;;;REGISTRADO;142770018;25351.102120/2005-12;CLARIS PRODUTOS FARMACÊUTICOS DO BRASIL LTDA - 02.455.073/0001-01;Inativo;08/2010;soja;incluido_alias_completo;Inativo;142770018;25351 102120 2005 12;tna;claris produtos farmaceuticos do brasil ltda 02 455 073 0001 01;;2005;TRUE;1;soja;óleo de soja
110;Soja / Isoflavona-de-soja;REG:144930072;Glycine max;glycine max (l.) merr.;74;Glycine_max__glycine_max_l._merr.xlsx;ISOVIT;;glycine max (l.) merr.;REGISTRADO;144930072;25351.532737/2023-32;AIRELA INDÚSTRIA FARMACÊUTICA LTDA. - 01.858.973/0001-29;Ativo;08/2035;glycine max;incluido_alias_completo;Ativo;144930072;25351 532737 2023 32;isovit;airela industria farmaceutica ltda 01 858 973 0001 29;glycine max l merr;2023;TRUE;1;Glycine max;glycine max (l.) merr.
110;Soja / Isoflavona-de-soja;REG:145010023;Glycine max;glycine max (l.) merr.;74;Glycine_max__glycine_max_l._merr.xlsx;ISOGLYCIN;;;REGISTRADO;145010023;25351.018839/2004-87;BRASMED BOTÂNICA E FARMACÊUTICA LTDA - 00.660.703/0001-46;Inativo;04/2010;glycine max;incluido_alias_completo;Inativo;145010023;25351 018839 2004 87;isoglycin;brasmed botanica e farmaceutica ltda 00 660 703 0001 46;;2004;TRUE;1;Glycine max;glycine max (l.) merr.
110;Soja / Isoflavona-de-soja;REG:170560132;Glycine max;glycine max (l.) merr.;74;Glycine_max__glycine_max_l._merr.xlsx;GINO-MENOPAUSA;;glycine max (l.) merr.;REGISTRADO;170560132;25351.041085/2025-93;BAYER S.A. - 18.459.628/0001-15;Ativo;05/2035;glycine max;incluido_alias_completo;Ativo;170560132;25351 041085 2025 93;gino menopausa;bayer s a 18 459 628 0001 15;glycine max l merr;2025;TRUE;1;Glycine max;glycine max (l.) merr.
110;Soja / Isoflavona-de-soja;REG:194270057;Glycine max;glycine max (l.) merr.;74;Glycine_max__glycine_max_l._merr.xlsx;BUONA;;;REGISTRADO;194270057;25351.012264/2017-05;MOMENTA FARMACÊUTICA LTDA. - 14.806.008/0001-54;Inativo;05/2029;glycine max;incluido_alias_completo;Inativo;194270057;25351 012264 2017 05;buona;momenta farmaceutica ltda 14 806 008 0001 54;;2017;TRUE;1;Glycine max;glycine max (l.) merr.
112;Tanchagem / Plantago;REG:100431017;plantago;plantago ovata forssk.;380;plantago__plantago_ovata_forssk.xlsx;POVATA;;;REGISTRADO;100431017;25351.309222/2008-00;EUROFARMA LABORATORIOS S.A. - 61.190.096/0001-92;Inativo;04/2019;plantago;incluido_alias_completo;Inativo;100431017;25351 309222 2008 00;povata;eurofarma laboratorios s a 61 190 096 0001 92;;2008;TRUE;1;plantago;plantago ovata forssk.
112;Tanchagem / Plantago;REG:100770041;Plantago major;plantago major l.;129;Plantago_major__plantago_major_l.xlsx;CASSAÚ COMPOSTO;;;REGISTRADO;100770041;25992.015115/70;CIBECOL INDUSTRIAL FARMACÊUTICA LTDA - 92.943.992/0001-09;Inativo;12/2005;plantago major;incluido_alias_completo;Inativo;100770041;25992 015115 70;cassau composto;cibecol industrial farmaceutica ltda 92 943 992 0001 09;;;TRUE;2;plantago | Plantago major;plantago major l.
112;Tanchagem / Plantago;REG:100770043;Plantago major;plantago major l.;129;Plantago_major__plantago_major_l.xlsx;SALSAPARILHA COMPOSTO;;;REGISTRADO;100770043;25992.015116/70;CIBECOL INDUSTRIAL FARMACÊUTICA LTDA - 92.943.992/0001-09;Inativo;03/2006;plantago major;incluido_alias_completo;Inativo;100770043;25992 015116 70;salsaparilha composto;cibecol industrial farmaceutica ltda 92 943 992 0001 09;;;TRUE;2;plantago | Plantago major;plantago major l.
112;Tanchagem / Plantago;REG:101550244;plantago;plantago ovata forssk.;380;plantago__plantago_ovata_forssk.xlsx;NORMATEN FIBER;;;REGISTRADO;101550244;25351.724574/2010-41;MARJAN INDÚSTRIA E COMÉRCIO LTDA - 60.726.692/0001-81;Inativo;04/2027;plantago;incluido_alias_completo;Inativo;101550244;25351 724574 2010 41;normaten fiber;marjan industria e comercio ltda 60 726 692 0001 81;;2010;TRUE;1;plantago;plantago ovata forssk.
112;Tanchagem / Plantago;REG:101590032;Plantago major;plantago major l.;129;Plantago_major__plantago_major_l.xlsx;FUMASIL;;;REGISTRADO;101590032;25991.002248/80;SIDEPAL INDUSTRIAL COMERCIAL LTDA - 61.374.823/0001-71;Inativo;04/2010;plantago major;incluido_alias_completo;Inativo;101590032;25991 002248 80;fumasil;sidepal industrial comercial ltda 61 374 823 0001 71;;;TRUE;2;plantago | Plantago major;plantago major l.
112;Tanchagem / Plantago;REG:102350994;plantago;plantago ovata forssk.;380;plantago__plantago_ovata_forssk.xlsx;FIBIRAX   PLANT;;;REGISTRADO;102350994;25351.578916/2009-33;EMS S/A - 57.507.378/0003-65;Inativo;07/2025;plantago;incluido_alias_completo;Inativo;102350994;25351 578916 2009 33;fibirax plant;ems s a 57 507 378 0003 65;;2009;TRUE;1;plantago;plantago ovata forssk.
112;Tanchagem / Plantago;REG:102470015;Plantago major;plantago major l.;129;Plantago_major__plantago_major_l.xlsx;CESSAOTITE;;;REGISTRADO;102470015;25992.013060/75;HOMEOPATIA WALDEMIRO PEREIRA LABORATORIO INDUSTRIAL FARMACEUTICO LTDA - 76.440.528/0001-43;Inativo;12/1985;plantago major;incluido_alias_completo;Inativo;102470015;25992 013060 75;cessaotite;homeopatia waldemiro pereira laboratorio industrial farmaceutico ltda 76 440 528 0001 43;;;TRUE;2;plantago | Plantago major;plantago major l.
112;Tanchagem / Plantago;REG:102470060;Plantago major;plantago major l.;129;Plantago_major__plantago_major_l.xlsx;ANTINICÓS;;;REGISTRADO;102470060;25992.009199/76;HOMEOPATIA WALDEMIRO PEREIRA LABORATORIO INDUSTRIAL FARMACEUTICO LTDA - 76.440.528/0001-43;Inativo;03/2005;plantago major;incluido_alias_completo;Inativo;102470060;25992 009199 76;antinicos;homeopatia waldemiro pereira laboratorio industrial farmaceutico ltda 76 440 528 0001 43;;;TRUE;2;plantago | Plantago major;plantago major l.
112;Tanchagem / Plantago;REG:102660114;plantago;plantago ovata forssk.;380;plantago__plantago_ovata_forssk.xlsx;LAXOFIBRA;;;REGISTRADO;102660114;25351.034192/01-17;FARMÁCIA E LABORATÓRIO HOMEOPÁTICO ALMEIDA PRADO LTDA - 60.862.208/0001-41;Inativo;05/2013;plantago;incluido_alias_completo;Inativo;102660114;25351 034192 01 17;laxofibra;farmacia e laboratorio homeopatico almeida prado ltda 60 862 208 0001 41;;;TRUE;1;plantago;plantago ovata forssk.
112;Tanchagem / Plantago;REG:102660147;Plantago major;plantago major l.;129;Plantago_major__plantago_major_l.xlsx;COMPLEXO HOMEOPÁTICO PLANTAGO MAJOR ALMEIDA PRADO 7;;;REGISTRADO;102660147;25992.017370/70;FARMÁCIA E LABORATÓRIO HOMEOPÁTICO ALMEIDA PRADO LTDA - 60.862.208/0001-41;Inativo;03/2011;plantago major;incluido_alias_completo;Inativo;102660147;25992 017370 70;complexo homeopatico plantago major almeida prado 7;farmacia e laboratorio homeopatico almeida prado ltda 60 862 208 0001 41;;;TRUE;2;plantago | Plantago major;plantago major l.
112;Tanchagem / Plantago;REG:103940553;plantago;plantago psyllium l.;381;plantago__plantago_psyllium_l.xlsx;PARAPSYL;;;REGISTRADO;103940553;25351.077882/2009-34;LABORATÓRIO AMERICANO DE FARMACOTERAPIA S/A - 61.150.819/0001-20;Inativo;03/2014;plantago;incluido_alias_completo;Inativo;103940553;25351 077882 2009 34;parapsyl;laboratorio americano de farmacoterapia s a 61 150 819 0001 20;;2009;TRUE;1;plantago;plantago psyllium l.
112;Tanchagem / Plantago;REG:104041982;plantago;plantago ovata forssk.;380;plantago__plantago_ovata_forssk.xlsx;PLANTACIL;;;REGISTRADO;104041982;25351.267799/2004-03;LUPER INDÚSTRIA FARMACÊUTICA LTDA - 61.299.111/0001-35;Inativo;11/2015;plantago;incluido_alias_completo;Inativo;104041982;25351 267799 2004 03;plantacil;luper industria farmaceutica ltda 61 299 111 0001 35;;2004;TRUE;1;plantago;plantago ovata forssk.
112;Tanchagem / Plantago;REG:104640013;plantago;plantago psyllium l.;381;plantago__plantago_psyllium_l.xlsx;PARAPSYL;;;REGISTRADO;104640013;25351.026711/00-56;BARRENNE INDÚSTRIA FARMACÊUTICA LTDA - 33.043.308/0001-73;Inativo;05/2011;plantago;incluido_alias_completo;Inativo;104640013;25351 026711 00 56;parapsyl;barrenne industria farmaceutica ltda 33 043 308 0001 73;;;TRUE;1;plantago;plantago psyllium l.
112;Tanchagem / Plantago;REG:105830778;plantago;plantago ovata forssk.;380;plantago__plantago_ovata_forssk.xlsx;FIBRATA;;;REGISTRADO;105830778;25351.102469/2013-74;GERMED FARMACEUTICA LTDA - 45.992.062/0001-65;Inativo;05/2019;plantago;incluido_alias_completo;Inativo;105830778;25351 102469 2013 74;fibrata;germed farmaceutica ltda 45 992 062 0001 65;;2013;TRUE;1;plantago;plantago ovata forssk.
112;Tanchagem / Plantago;REG:106390173;plantago;plantago ovata forssk.;380;plantago__plantago_ovata_forssk.xlsx;AGIOFIBRA;;;REGISTRADO;106390173;25001.013385/85;TAKEDA PHARMA LTDA. - 60.397.775/0001-74;Inativo;09/2010;plantago;incluido_alias_completo;Inativo;106390173;25001 013385 85;agiofibra;takeda pharma ltda 60 397 775 0001 74;;;TRUE;1;plantago;plantago ovata forssk.
112;Tanchagem / Plantago;REG:106390184;plantago;plantago ovata forssk.;380;plantago__plantago_ovata_forssk.xlsx;AGIOLAX;;;REGISTRADO;106390184;25992.008282/75;TAKEDA PHARMA LTDA. - 60.397.775/0001-74;Inativo;06/2020;plantago;incluido_alias_completo;Inativo;106390184;25992 008282 75;agiolax;takeda pharma ltda 60 397 775 0001 74;;;TRUE;1;plantago;plantago ovata forssk.
112;Tanchagem / Plantago;REG:106390205;plantago;plantago ovata forssk.;380;plantago__plantago_ovata_forssk.xlsx;PLANTABEN;;;REGISTRADO;106390205;25000.019337/99-52;TAKEDA PHARMA LTDA. - 60.397.775/0001-74;Inativo;12/2020;plantago;incluido_alias_completo;Inativo;106390205;25000 019337 99 52;plantaben;takeda pharma ltda 60 397 775 0001 74;;;TRUE;1;plantago;plantago ovata forssk.
112;Tanchagem / Plantago;REG:106550055;plantago;plantago ovata forssk.;380;plantago__plantago_ovata_forssk.xlsx;PLANTAX;;;REGISTRADO;106550055;25001.001931/85;FARMION LAB BRAS DE FARMACOLOGIA LTDA - 49.744.584/0001-07;Inativo;03/2005;plantago;incluido_alias_completo;Inativo;106550055;25001 001931 85;plantax;farmion lab bras de farmacologia ltda 49 744 584 0001 07;;;TRUE;1;plantago;plantago ovata forssk.
112;Tanchagem / Plantago;REG:113001138;plantago;plantago ovata forssk.;380;plantago__plantago_ovata_forssk.xlsx;FIBRAY;;;REGISTRADO;113001138;25351.219978/2011-57;SANOFI-AVENTIS FARMACÊUTICA LTDA - 02.685.377/0001-57;Inativo;01/2018;plantago;incluido_alias_completo;Inativo;113001138;25351 219978 2011 57;fibray;sanofi aventis farmaceutica ltda 02 685 377 0001 57;;2011;TRUE;1;plantago;plantago ovata forssk.
112;Tanchagem / Plantago;REG:116950038;plantago;plantago ovata forssk.;380;plantago__plantago_ovata_forssk.xlsx;PLANTAGO VITAMED;;;REGISTRADO;116950038;25351.688867/2008-90;LABORATÓRIO FARMACÊUTICO VITAMED LTDA - 29.346.301/0001-53;Inativo;10/2019;plantago;incluido_alias_completo;Inativo;116950038;25351 688867 2008 90;plantago vitamed;laboratorio farmaceutico vitamed ltda 29 346 301 0001 53;;2008;TRUE;1;plantago;plantago ovata forssk.
112;Tanchagem / Plantago;REG:118600047;plantago;plantago psyllium l.;381;plantago__plantago_psyllium_l.xlsx;FIBRACARE;;;REGISTRADO;118600047;25351.021016/2003-58;HERBARIUM LABORATORIO BOTANICO LTDA - 78.950.011/0001-20;Inativo;12/2013;plantago;incluido_alias_completo;Inativo;118600047;25351 021016 2003 58;fibracare;herbarium laboratorio botanico ltda 78 950 011 0001 20;;2003;TRUE;1;plantago;plantago psyllium l.
112;Tanchagem / Plantago;REG:121420008;plantago;plantago ovata forssk.;380;plantago__plantago_ovata_forssk.xlsx;METAMUCIL;;plantago ovata forssk.;REGISTRADO;121420008;25351.470028/2009-41;PROCTER & GAMBLE DO BRASIL LTDA. - 59.476.770/0001-58;Ativo;02/2028;plantago;incluido_alias_completo;Ativo;121420008;25351 470028 2009 41;metamucil;procter gamble do brasil ltda 59 476 770 0001 58;plantago ovata forssk;2009;TRUE;1;plantago;plantago ovata forssk.
112;Tanchagem / Plantago;REG:121430017;plantago;plantago ovata forssk.;380;plantago__plantago_ovata_forssk.xlsx;Metamucil;;;REGISTRADO;121430017;25991.007171/79;PROCTER & GAMBLE HIGIENE E COSMÉTICOS LTDA - 67.712.562/0001-39;Inativo;02/2010;plantago;incluido_alias_completo;Inativo;121430017;25991 007171 79;metamucil;procter gamble higiene e cosmeticos ltda 67 712 562 0001 39;;;TRUE;1;plantago;plantago ovata forssk.
112;Tanchagem / Plantago;REG:123970030;plantago;plantago psyllium l.;381;plantago__plantago_psyllium_l.xlsx;FIBROX ORIENT;;;REGISTRADO;123970030;25351.057555/2005-97;ORIENT MIX FITOTERÁPICOS DO BRASIL LTDA. - 73.657.876/0001-89;Inativo;06/2015;plantago;incluido_alias_completo;Inativo;123970030;25351 057555 2005 97;fibrox orient;orient mix fitoterapicos do brasil ltda 73 657 876 0001 89;;2005;TRUE;1;plantago;plantago psyllium l.
112;Tanchagem / Plantago;REG:135690572;plantago;plantago ovata forssk.;380;plantago__plantago_ovata_forssk.xlsx;FIBREMS;;;REGISTRADO;135690572;25351.595239/2009-71;EMS SIGMA PHARMA LTDA - 00.923.140/0001-31;Inativo;07/2025;plantago;incluido_alias_completo;Inativo;135690572;25351 595239 2009 71;fibrems;ems sigma pharma ltda 00 923 140 0001 31;;2009;TRUE;1;plantago;plantago ovata forssk.
112;Tanchagem / Plantago;REG:138410059;plantago;plantago ovata forssk.;380;plantago__plantago_ovata_forssk.xlsx;PLANTOLAXY;;plantago ovata forssk.;REGISTRADO;138410059;25351.123535/2013-01;NATULAB LABORATORIO S.A - 02.456.955/0001-83;Ativo;10/2028;plantago;incluido_alias_completo;Ativo;138410059;25351 123535 2013 01;plantolaxy;natulab laboratorio s a 02 456 955 0001 83;plantago ovata forssk;2013;TRUE;1;plantago;plantago ovata forssk.
112;Tanchagem / Plantago;REG:154230169;plantago;plantago ovata forssk.;380;plantago__plantago_ovata_forssk.xlsx;PLANTALYVE;;;REGISTRADO;154230169;25351.755931/2009-15;GEOLAB INDÚSTRIA FARMACÊUTICA S/A - 03.485.572/0001-04;Inativo;02/2026;plantago;incluido_alias_completo;Inativo;154230169;25351 755931 2009 15;plantalyve;geolab industria farmaceutica s a 03 485 572 0001 04;;2009;TRUE;1;plantago;plantago ovata forssk.
112;Tanchagem / Plantago;REG:155840406;plantago;plantago ovata forssk.;380;plantago__plantago_ovata_forssk.xlsx;PLANTACIL;;;REGISTRADO;155840406;25351.535124/2012-72;BRAINFARMA INDÚSTRIA QUÍMICA E FARMACÊUTICA S.A - 05.161.069/0001-10;Inativo;11/2025;plantago;incluido_alias_completo;Inativo;155840406;25351 535124 2012 72;plantacil;brainfarma industria quimica e farmaceutica s a 05 161 069 0001 10;;2012;TRUE;1;plantago;plantago ovata forssk.
112;Tanchagem / Plantago;REG:167730143;plantago;plantago ovata forssk.;380;plantago__plantago_ovata_forssk.xlsx;PLANTARE;;plantago ovata forssk.;REGISTRADO;167730143;25351.601519/2009-24;LEGRAND PHARMA INDÚSTRIA FARMACÊUTICA LTDA - 05.044.984/0001-26;Ativo;07/2035;plantago;incluido_alias_completo;Ativo;167730143;25351 601519 2009 24;plantare;legrand pharma industria farmaceutica ltda 05 044 984 0001 26;plantago ovata forssk;2009;TRUE;1;plantago;plantago ovata forssk.
112;Tanchagem / Plantago;REG:172870417;plantago;plantago psyllium l.;381;plantago__plantago_psyllium_l.xlsx;PARAPSYL;;;REGISTRADO;172870417;25351.331125/2009-23;Hypera S.A. - 02.932.074/0001-91;Inativo;03/2014;plantago;incluido_alias_completo;Inativo;172870417;25351 331125 2009 23;parapsyl;hypera s a 02 932 074 0001 91;;2009;TRUE;1;plantago;plantago psyllium l.
112;Tanchagem / Plantago;REG:172870475;plantago;plantago ovata forssk.;380;plantago__plantago_ovata_forssk.xlsx;PLANTACIL;;;REGISTRADO;172870475;25351.515818/2011-81;Hypera S.A. - 02.932.074/0001-91;Inativo;11/2015;plantago;incluido_alias_completo;Inativo;172870475;25351 515818 2011 81;plantacil;hypera s a 02 932 074 0001 91;;2011;TRUE;1;plantago;plantago ovata forssk.
112;Tanchagem / Plantago;REG:178170109;plantago;plantago psyllium l.;381;plantago__plantago_psyllium_l.xlsx;PARAPSYL;;;REGISTRADO;178170109;25351.668224/2009-28;COSMED INDUSTRIA DE COSMETICOS E MEDICAMENTOS S.A. - 61.082.426/0002-07;Inativo;03/2019;plantago;incluido_alias_completo;Inativo;178170109;25351 668224 2009 28;parapsyl;cosmed industria de cosmeticos e medicamentos s a 61 082 426 0002 07;;2009;TRUE;1;plantago;plantago psyllium l.
112;Tanchagem / Plantago;REG:188300049;plantago;plantago ovata forssk.;380;plantago__plantago_ovata_forssk.xlsx;AGIOLAX;;plantago ovata forssk., senna alexandrina mill.;REGISTRADO;188300049;25351.067920/2018-96;VIATRIS FARMACEUTICA DO BRASIL LTDA - 11.643.096/0001-22;Ativo;06/2035;plantago;incluido_alias_completo;Ativo;188300049;25351 067920 2018 96;agiolax;viatris farmaceutica do brasil ltda 11 643 096 0001 22;plantago ovata forssk senna alexandrina mill;2018;TRUE;1;plantago;plantago ovata forssk.
112;Tanchagem / Plantago;REG:188300051;plantago;plantago ovata forssk.;380;plantago__plantago_ovata_forssk.xlsx;PLANTABEN;;plantago ovata forssk.;REGISTRADO;188300051;25351.067929/2018-05;VIATRIS FARMACEUTICA DO BRASIL LTDA - 11.643.096/0001-22;Ativo;12/2035;plantago;incluido_alias_completo;Ativo;188300051;25351 067929 2018 05;plantaben;viatris farmaceutica do brasil ltda 11 643 096 0001 22;plantago ovata forssk;2018;TRUE;1;plantago;plantago ovata forssk.
112;Tanchagem / Plantago;REG:194270056;plantago;plantago ovata forssk.;380;plantago__plantago_ovata_forssk.xlsx;POVATA;;;REGISTRADO;194270056;25351.012262/2017-01;MOMENTA FARMACÊUTICA LTDA. - 14.806.008/0001-54;Inativo;04/2024;plantago;incluido_alias_completo;Inativo;194270056;25351 012262 2017 01;povata;momenta farmaceutica ltda 14 806 008 0001 54;;2017;TRUE;1;plantago;plantago ovata forssk.
114;Trevo-vermelho;REG:101550223;Trifolium pratense;trifolium pratense l.;171;Trifolium_pratense__trifolium_pratense_l.xlsx;CLIMADIL;;;REGISTRADO;101550223;25351.014057/01-19;MARJAN INDÚSTRIA E COMÉRCIO LTDA - 60.726.692/0001-81;Inativo;09/2006;trifolium pratense;incluido_alias_completo;Inativo;101550223;25351 014057 01 19;climadil;marjan industria e comercio ltda 60 726 692 0001 81;;;TRUE;1;Trifolium pratense;trifolium pratense l.
114;Trevo-vermelho;REG:103900179;Trifolium pratense;trifolium pratense l.;171;Trifolium_pratense__trifolium_pratense_l.xlsx;PROMENSIL;;trifolium pratense l.;REGISTRADO;103900179;25351.135209/2009-44;FARMOQUÍMICA S/A - 33.349.473/0001-58;Ativo;06/2035;trifolium pratense;incluido_alias_completo;Ativo;103900179;25351 135209 2009 44;promensil;farmoquimica s a 33 349 473 0001 58;trifolium pratense l;2009;TRUE;1;Trifolium pratense;trifolium pratense l.
114;Trevo-vermelho;REG:114620022;Trifolium pratense;trifolium pratense l.;171;Trifolium_pratense__trifolium_pratense_l.xlsx;CLIMATRIX;;trifolium pratense l.;REGISTRADO;114620022;25351.608645/2018-73;MYRALIS INDÚSTRIA FARMACÊUTICA LTDA - 17.440.261/0001-25;Ativo;08/2028;trifolium pratense;incluido_alias_completo;Ativo;114620022;25351 608645 2018 73;climatrix;myralis industria farmaceutica ltda 17 440 261 0001 25;trifolium pratense l;2018;TRUE;1;Trifolium pratense;trifolium pratense l.
114;Trevo-vermelho;REG:114620028;Trifolium pratense;trifolium pratense l.;171;Trifolium_pratense__trifolium_pratense_l.xlsx;MENORALIS;;trifolium pratense l.;REGISTRADO;114620028;25351.650898/2013-04;MYRALIS INDÚSTRIA FARMACÊUTICA LTDA - 17.440.261/0001-25;Ativo;09/2029;trifolium pratense;incluido_alias_completo;Ativo;114620028;25351 650898 2013 04;menoralis;myralis industria farmaceutica ltda 17 440 261 0001 25;trifolium pratense l;2013;TRUE;1;Trifolium pratense;trifolium pratense l.
114;Trevo-vermelho;REG:118610242;Trifolium pratense;extrato seco de trifolium pratense l.;170;Trifolium_pratense__extrato_seco_de_trifolium_pratense_l.xlsx;CLINET;;;REGISTRADO;118610242;25351.231762/2005-10;ATIVUS FARMACÊUTICA LTDA - 64.088.172/0001-41;Inativo;10/2006;trifolium pratense;incluido_alias_completo;Inativo;118610242;25351 231762 2005 10;clinet;ativus farmaceutica ltda 64 088 172 0001 41;;2005;TRUE;1;Trifolium pratense;extrato seco de trifolium pratense l.
114;Trevo-vermelho;REG:118610246;Trifolium pratense;trifolium pratense l.;171;Trifolium_pratense__trifolium_pratense_l.xlsx;CLIMATRIX;;;REGISTRADO;118610246;25351.429918/2005-09;ATIVUS FARMACÊUTICA LTDA - 64.088.172/0001-41;Inativo;08/2006;trifolium pratense;incluido_alias_completo;Inativo;118610246;25351 429918 2005 09;climatrix;ativus farmaceutica ltda 64 088 172 0001 41;;2005;TRUE;1;Trifolium pratense;trifolium pratense l.
114;Trevo-vermelho;REG:118610275;Trifolium pratense;trifolium pratense l.;171;Trifolium_pratense__trifolium_pratense_l.xlsx;CLIMATRIX;;;REGISTRADO;118610275;25351.011963/2013-62;ATIVUS FARMACÊUTICA LTDA - 64.088.172/0001-41;Inativo;08/2023;trifolium pratense;incluido_alias_completo;Inativo;118610275;25351 011963 2013 62;climatrix;ativus farmaceutica ltda 64 088 172 0001 41;;2013;TRUE;1;Trifolium pratense;trifolium pratense l.
114;Trevo-vermelho;REG:158190019;Trifolium pratense;trifolium pratense l.;171;Trifolium_pratense__trifolium_pratense_l.xlsx;Minel;;trifolium pratense l.;REGISTRADO;158190019;25351.423791/2014-24;ARESE PHARMA LTDA. - 07.670.111/0001-54;Ativo;06/2028;trifolium pratense;incluido_alias_completo;Ativo;158190019;25351 423791 2014 24;minel;arese pharma ltda 07 670 111 0001 54;trifolium pratense l;2014;TRUE;1;Trifolium pratense;trifolium pratense l.
115;Unha-de-gato;REG:118600024;Uncaria tomentosa;uncaria tomentosa (willd. ex roem. & schult.) dc. .;172;Uncaria_tomentosa__uncaria_tomentosa_willd._ex_roem._schult._dc.xlsx;UNHA DE GATO HERBARIUM;;;REGISTRADO;118600024;25351.164314/2002-51;HERBARIUM LABORATORIO BOTANICO LTDA - 78.950.011/0001-20;Inativo;09/2017;uncaria tomentosa;incluido_alias_completo;Inativo;118600024;25351 164314 2002 51;unha de gato herbarium;herbarium laboratorio botanico ltda 78 950 011 0001 20;;2002;TRUE;1;Uncaria tomentosa;uncaria tomentosa (willd. ex roem. & schult.) dc. .
115;Unha-de-gato;REG:118600069;Uncaria tomentosa;uncaria tomentosa (willd. ex roem. & schult.) dc. .;172;Uncaria_tomentosa__uncaria_tomentosa_willd._ex_roem._schult._dc.xlsx;IMUNOMAX GEL;;;REGISTRADO;118600069;25351.302813/2004-14;HERBARIUM LABORATORIO BOTANICO LTDA - 78.950.011/0001-20;Inativo;04/2025;uncaria tomentosa;incluido_alias_completo;Inativo;118600069;25351 302813 2004 14;imunomax gel;herbarium laboratorio botanico ltda 78 950 011 0001 20;;2004;TRUE;1;Uncaria tomentosa;uncaria tomentosa (willd. ex roem. & schult.) dc. .
115;Unha-de-gato;REG:123970026;Uncaria tomentosa;uncaria tomentosa (willd. ex roem. & schult.) dc. .;172;Uncaria_tomentosa__uncaria_tomentosa_willd._ex_roem._schult._dc.xlsx;UNHA DE GATO ORIENT;;;REGISTRADO;123970026;25351.134701/2005-13;ORIENT MIX FITOTERÁPICOS DO BRASIL LTDA. - 73.657.876/0001-89;Inativo;06/2025;uncaria tomentosa;incluido_alias_completo;Inativo;123970026;25351 134701 2005 13;unha de gato orient;orient mix fitoterapicos do brasil ltda 73 657 876 0001 89;;2005;TRUE;1;Uncaria tomentosa;uncaria tomentosa (willd. ex roem. & schult.) dc. .
115;Unha-de-gato;REG:126090147;Uncaria tomentosa;uncaria tomentosa (willd. ex roem. & schult.) dc. .;172;Uncaria_tomentosa__uncaria_tomentosa_willd._ex_roem._schult._dc.xlsx;UNHA DE GATO AMAZON ERVAS;;;REGISTRADO;126090147;25351.042743/2003-59;AMAZON ERVAS LABORATÓRIO BOTÂNICO LTDA - 05.501.937/0001-64;Inativo;07/2010;uncaria tomentosa;incluido_alias_completo;Inativo;126090147;25351 042743 2003 59;unha de gato amazon ervas;amazon ervas laboratorio botanico ltda 05 501 937 0001 64;;2003;TRUE;1;Uncaria tomentosa;uncaria tomentosa (willd. ex roem. & schult.) dc. .
115;Unha-de-gato;REG:138100031;Uncaria tomentosa;uncaria tomentosa (willd. ex roem. & schult.) dc. .;172;Uncaria_tomentosa__uncaria_tomentosa_willd._ex_roem._schult._dc.xlsx;UNKERB;UNKHERB;;REGISTRADO;138100031;25351.182268/2005-14;LABORATORIO QUIMICO FARMACEUTICO TIARAJU LTDA. - 94.022.654/0001-60;Inativo;11/2010;uncaria tomentosa;incluido_alias_completo;Inativo;138100031;25351 182268 2005 14;unkerb;laboratorio quimico farmaceutico tiaraju ltda 94 022 654 0001 60;;2005;TRUE;1;Uncaria tomentosa;uncaria tomentosa (willd. ex roem. & schult.) dc. .
115;Unha-de-gato;REG:141440004;Uncaria tomentosa;uncaria tomentosa (willd. ex roem. & schult.) dc. .;172;Uncaria_tomentosa__uncaria_tomentosa_willd._ex_roem._schult._dc.xlsx;PRO-IMMUNE;;;REGISTRADO;141440004;25351.036584/01-48;NATURE S SUNSHINE PRODUTOS NATURAIS LTDA - 74.215.179/0001-30;Inativo;04/2007;uncaria tomentosa;incluido_alias_completo;Inativo;141440004;25351 036584 01 48;pro immune;nature s sunshine produtos naturais ltda 74 215 179 0001 30;;;TRUE;1;Uncaria tomentosa;uncaria tomentosa (willd. ex roem. & schult.) dc. .
115;Unha-de-gato;REG:150400001;Uncaria tomentosa;uncaria tomentosa (willd. ex roem. & schult.) dc. .;172;Uncaria_tomentosa__uncaria_tomentosa_willd._ex_roem._schult._dc.xlsx;CAT'S  CLAW;CAT´S CLAW;;REGISTRADO;150400001;25351.188519/2002-21;ESSENCIA VITAL IMPORT. E EXPORT. LTDA - 02.153.549/0001-41;Inativo;12/2007;uncaria tomentosa;incluido_alias_completo;Inativo;150400001;25351 188519 2002 21;cat s claw;essencia vital import e export ltda 02 153 549 0001 41;;2002;TRUE;1;Uncaria tomentosa;uncaria tomentosa (willd. ex roem. & schult.) dc. .
115;Unha-de-gato;REG:154000041;Uncaria tomentosa;uncaria tomentosa (willd. ex roem. & schult.) dc. .;172;Uncaria_tomentosa__uncaria_tomentosa_willd._ex_roem._schult._dc.xlsx;Artrinon;;;REGISTRADO;154000041;25351.000542/2003-84;LABORATÓRIO VITALAB LTDA - 56.646.953/0001-86;Inativo;10/2028;uncaria tomentosa;incluido_alias_completo;Inativo;154000041;25351 000542 2003 84;artrinon;laboratorio vitalab ltda 56 646 953 0001 86;;2003;TRUE;1;Uncaria tomentosa;uncaria tomentosa (willd. ex roem. & schult.) dc. .
117;Valeriana;REG:100140070;Valeriana officinalis;valeriana officinalis l.;177;Valeriana_officinalis__valeriana_officinalis_l.xlsx;VALERIANE;;;REGISTRADO;100140070;25000.007584/94-10;QUIMICA FARMACEUTICA NIKKHO DO BRASIL LTDA - 33.517.558/0001-06;Inativo;05/2012;valeriana officinalis;incluido_alias_completo;Inativo;100140070;25000 007584 94 10;valeriane;quimica farmaceutica nikkho do brasil ltda 33 517 558 0001 06;;;TRUE;2;valeriana | Valeriana officinalis;valeriana officinalis l.
117;Valeriana;REG:100490098;Valeriana officinalis;extrato seco de valeriana officinalis l.;176;Valeriana_officinalis__extrato_seco_de_valeriana_officinalis_l.xlsx;TRANQUILISAN;;;REGISTRADO;100490098;25351.041486/2003-38;LABORATÓRIO SAÚDE LTDA - 91.671.792/0001-81;Inativo;06/2011;valeriana officinalis;incluido_alias_completo;Inativo;100490098;25351 041486 2003 38;tranquilisan;laboratorio saude ltda 91 671 792 0001 81;;2003;TRUE;2;valeriana | Valeriana officinalis;extrato seco de valeriana officinalis l.
117;Valeriana;REG:100610069;Valeriana officinalis;valeriana officinalis l.;177;Valeriana_officinalis__valeriana_officinalis_l.xlsx;ANSIODORON;;;REGISTRADO;100610069;25351.004363/01-29;WELEDA DO BRASIL LABORATÓRIO E FARMÁCIA LTDA - 56.992.217/0001-80;Inativo;06/2007;valeriana officinalis;incluido_alias_completo;Inativo;100610069;25351 004363 01 29;ansiodoron;weleda do brasil laboratorio e farmacia ltda 56 992 217 0001 80;;;TRUE;2;valeriana | Valeriana officinalis;valeriana officinalis l.
117;Valeriana;REG:100610092;Valeriana officinalis;valeriana officinalis;175;Valeriana_officinalis__VALERIANA_OFFICINALIS.xlsx;ANSIODORON;;AVENA SATIVA, PASSIFLORA ALATA, VALERIANA OFFICINALIS;REGISTRADO;100610092;25351.585243/2008-11;WELEDA DO BRASIL LABORATÓRIO E FARMÁCIA LTDA - 56.992.217/0001-80;Ativo;06/2035;valeriana officinalis;incluido_alias_completo;Ativo;100610092;25351 585243 2008 11;ansiodoron;weleda do brasil laboratorio e farmacia ltda 56 992 217 0001 80;avena sativa passiflora alata valeriana officinalis;2008;TRUE;2;valeriana | Valeriana officinalis;valeriana officinalis
117;Valeriana;REG:100610095;Valeriana officinalis;valeriana officinalis;175;Valeriana_officinalis__VALERIANA_OFFICINALIS.xlsx;ANSIODORON;;AVENA SATIVA, PASSIFLORA ALATA, VALERIANA OFFICINALIS;REGISTRADO;100610095;25351.798878/2022-35;WELEDA DO BRASIL LABORATÓRIO E FARMÁCIA LTDA - 56.992.217/0001-80;Ativo;08/2033;valeriana officinalis;incluido_alias_completo;Ativo;100610095;25351 798878 2022 35;ansiodoron;weleda do brasil laboratorio e farmacia ltda 56 992 217 0001 80;avena sativa passiflora alata valeriana officinalis;2022;TRUE;2;valeriana | Valeriana officinalis;valeriana officinalis
117;Valeriana;REG:100660043;Valeriana officinalis;valeriana officinalis l.;177;Valeriana_officinalis__valeriana_officinalis_l.xlsx;PHYTOCALM;;;REGISTRADO;100660043;25992.026222/75;LABORATORIO CATARINENSE LTDA - 84.684.620/0001-87;Inativo;09/2006;valeriana officinalis;incluido_alias_completo;Inativo;100660043;25992 026222 75;phytocalm;laboratorio catarinense ltda 84 684 620 0001 87;;;TRUE;2;valeriana | Valeriana officinalis;valeriana officinalis l.
117;Valeriana;REG:100790001;Valeriana officinalis;valeriana officinalis l.;177;Valeriana_officinalis__valeriana_officinalis_l.xlsx;RELAXON;;;REGISTRADO;100790001;25351.058557/2008-46;LABORVIDA LABORATÓRIOS FARMACÊUTICOS LTDA. - 31.111.412/0001-22;Inativo;09/2013;valeriana officinalis;incluido_alias_completo;Inativo;100790001;25351 058557 2008 46;relaxon;laborvida laboratorios farmaceuticos ltda 31 111 412 0001 22;;2008;TRUE;2;valeriana | Valeriana officinalis;valeriana officinalis l.
117;Valeriana;REG:100810001;Valeriana officinalis;valeriana officinalis l.;177;Valeriana_officinalis__valeriana_officinalis_l.xlsx;Elixir de Cereus Composto;ELIXIR CEREUS COMPOSTO;;REGISTRADO;100810001;25992.004061/70;LABORATORIO KRAEMER LTDA - 92.695.816/0001-03;Inativo;03/2005;valeriana officinalis;incluido_alias_completo;Inativo;100810001;25992 004061 70;elixir de cereus composto;laboratorio kraemer ltda 92 695 816 0001 03;;;TRUE;2;valeriana | Valeriana officinalis;valeriana officinalis l.
117;Valeriana;REG:101550221;Valeriana officinalis;valeriana officinalis l.;177;Valeriana_officinalis__valeriana_officinalis_l.xlsx;SONORIPAN;;;REGISTRADO;101550221;25000.020364/97-61;MARJAN INDÚSTRIA E COMÉRCIO LTDA - 60.726.692/0001-81;Inativo;03/2026;valeriana officinalis;incluido_alias_completo;Inativo;101550221;25000 020364 97 61;sonoripan;marjan industria e comercio ltda 60 726 692 0001 81;;;TRUE;2;valeriana | Valeriana officinalis;valeriana officinalis l.
117;Valeriana;REG:102350298;Valeriana officinalis;valeriana officinalis l.;177;Valeriana_officinalis__valeriana_officinalis_l.xlsx;SOMINEX;;;REGISTRADO;102350298;25001.009175/85;EMS S/A - 57.507.378/0003-65;Inativo;02/2006;valeriana officinalis;incluido_alias_completo;Inativo;102350298;25001 009175 85;sominex;ems s a 57 507 378 0003 65;;;TRUE;2;valeriana | Valeriana officinalis;valeriana officinalis l.
117;Valeriana;REG:102351035;Valeriana officinalis;valeriana officinalis l.;177;Valeriana_officinalis__valeriana_officinalis_l.xlsx;SOMINEX COMPOSTO;;;REGISTRADO;102351035;25351.689510/2009-17;EMS S/A - 57.507.378/0003-65;Inativo;06/2016;valeriana officinalis;incluido_alias_completo;Inativo;102351035;25351 689510 2009 17;sominex composto;ems s a 57 507 378 0003 65;;2009;TRUE;2;valeriana | Valeriana officinalis;valeriana officinalis l.
117;Valeriana;REG:102351343;Valeriana officinalis;valeriana officinalis l.;177;Valeriana_officinalis__valeriana_officinalis_l.xlsx;SOMINEX COMPOSTO;;valeriana officinalis l., crataegus rhipidophylla gand., passiflora incarnata l.;REGISTRADO;102351343;25351.367681/2018-71;EMS S/A - 57.507.378/0003-65;Ativo;04/2030;valeriana officinalis;incluido_alias_completo;Ativo;102351343;25351 367681 2018 71;sominex composto;ems s a 57 507 378 0003 65;valeriana officinalis l crataegus rhipidophylla gand passiflora incarnata l;2018;TRUE;2;valeriana | Valeriana officinalis;valeriana officinalis l.
117;Valeriana;REG:102660163;Valeriana officinalis;valeriana officinalis l.;177;Valeriana_officinalis__valeriana_officinalis_l.xlsx;MENOEX;;;REGISTRADO;102660163;25351.525204/2008-65;FARMÁCIA E LABORATÓRIO HOMEOPÁTICO ALMEIDA PRADO LTDA - 60.862.208/0001-41;Inativo;09/2028;valeriana officinalis;incluido_alias_completo;Inativo;102660163;25351 525204 2008 65;menoex;farmacia e laboratorio homeopatico almeida prado ltda 60 862 208 0001 41;;2008;TRUE;2;valeriana | Valeriana officinalis;valeriana officinalis l.
117;Valeriana;REG:102660164;Valeriana officinalis;valeriana officinalis l.;177;Valeriana_officinalis__valeriana_officinalis_l.xlsx;HOMEOPAX;;;REGISTRADO;102660164;25351.525072/2008-71;FARMÁCIA E LABORATÓRIO HOMEOPÁTICO ALMEIDA PRADO LTDA - 60.862.208/0001-41;Inativo;11/2028;valeriana officinalis;incluido_alias_completo;Inativo;102660164;25351 525072 2008 71;homeopax;farmacia e laboratorio homeopatico almeida prado ltda 60 862 208 0001 41;;2008;TRUE;2;valeriana | Valeriana officinalis;valeriana officinalis l.
117;Valeriana;REG:102850016;Valeriana officinalis;valeriana officinalis l.;177;Valeriana_officinalis__valeriana_officinalis_l.xlsx;PASSICALM;;;REGISTRADO;102850016;25992.010010/19-40;LABORATORIOS GEMBALLA LTDA - 85.776.524/0001-21;Inativo;09/2003;valeriana officinalis;incluido_alias_completo;Inativo;102850016;25992 010010 19 40;passicalm;laboratorios gemballa ltda 85 776 524 0001 21;;;TRUE;2;valeriana | Valeriana officinalis;valeriana officinalis l.
117;Valeriana;REG:102860012;Valeriana officinalis;extrato seco de valeriana officinalis l.;176;Valeriana_officinalis__extrato_seco_de_valeriana_officinalis_l.xlsx;TRANQUILISAN;;;REGISTRADO;102860012;25000.004459/99-26;LABORATORIO SAUDE LTDA - 92.786.219/0001-86;Inativo;06/2006;valeriana officinalis;incluido_alias_completo;Inativo;102860012;25000 004459 99 26;tranquilisan;laboratorio saude ltda 92 786 219 0001 86;;;TRUE;2;valeriana | Valeriana officinalis;extrato seco de valeriana officinalis l.
117;Valeriana;REG:103670123;Valeriana officinalis;valeriana officinalis l.;177;Valeriana_officinalis__valeriana_officinalis_l.xlsx;SONHARE;;;REGISTRADO;103670123;25000.015728/98-17;BOEHRINGER INGELHEIM DO BRASIL QUÍMICA E FARMACÊUTICA LTDA. - 60.831.658/0001-77;Inativo;11/2014;valeriana officinalis;incluido_alias_completo;Inativo;103670123;25000 015728 98 17;sonhare;boehringer ingelheim do brasil quimica e farmaceutica ltda 60 831 658 0001 77;;;TRUE;2;valeriana | Valeriana officinalis;valeriana officinalis l.
117;Valeriana;REG:103700325;Valeriana officinalis;valeriana officinalis l.;177;Valeriana_officinalis__valeriana_officinalis_l.xlsx;VALEZEN;;;REGISTRADO;103700325;25351.013987/00-74;LABORATÓRIO TEUTO BRASILEIRO S/A - 17.159.229/0001-76;Inativo;05/2006;valeriana officinalis;incluido_alias_completo;Inativo;103700325;25351 013987 00 74;valezen;laboratorio teuto brasileiro s a 17 159 229 0001 76;;;TRUE;2;valeriana | Valeriana officinalis;valeriana officinalis l.
117;Valeriana;REG:103850113;Valeriana officinalis;valeriana officinalis l.;177;Valeriana_officinalis__valeriana_officinalis_l.xlsx;Valerance;;valeriana officinalis l.;REGISTRADO;103850113;25351.562302/2015-62;LABORATÓRIO FARMACÊUTICO ELOFAR LTDA - 83.874.628/0001-43;Ativo;03/2028;valeriana officinalis;incluido_alias_completo;Ativo;103850113;25351 562302 2015 62;valerance;laboratorio farmaceutico elofar ltda 83 874 628 0001 43;valeriana officinalis l;2015;TRUE;2;valeriana | Valeriana officinalis;valeriana officinalis l.
117;Valeriana;REG:103940549;Valeriana officinalis;valeriana officinalis l.;177;Valeriana_officinalis__valeriana_officinalis_l.xlsx;VALDORM;;;REGISTRADO;103940549;25351.074146/2009-16;LABORATÓRIO AMERICANO DE FARMACOTERAPIA S/A - 61.150.819/0001-20;Inativo;02/2013;valeriana officinalis;incluido_alias_completo;Inativo;103940549;25351 074146 2009 16;valdorm;laboratorio americano de farmacoterapia s a 61 150 819 0001 20;;2009;TRUE;2;valeriana | Valeriana officinalis;valeriana officinalis l.
117;Valeriana;REG:104640011;Valeriana officinalis;valeriana officinalis l.;177;Valeriana_officinalis__valeriana_officinalis_l.xlsx;VALDORM;;;REGISTRADO;104640011;25351.030533/01-94;BARRENNE INDÚSTRIA FARMACÊUTICA LTDA - 33.043.308/0001-73;Inativo;06/2009;valeriana officinalis;incluido_alias_completo;Inativo;104640011;25351 030533 01 94;valdorm;barrenne industria farmaceutica ltda 33 043 308 0001 73;;;TRUE;2;valeriana | Valeriana officinalis;valeriana officinalis l.
117;Valeriana;REG:104670011;Valeriana officinalis;valeriana officinalis l.;177;Valeriana_officinalis__valeriana_officinalis_l.xlsx;ELIXIR DE MARACUJÁ COMPOSTO FARMAERVAS;;;REGISTRADO;104670011;25000.002375/74;LABORATORIO FARMAERVAS LTDA - 60.565.520/0001-73;Inativo;05/2004;valeriana officinalis;incluido_alias_completo;Inativo;104670011;25000 002375 74;elixir de maracuja composto farmaervas;laboratorio farmaervas ltda 60 565 520 0001 73;;;TRUE;2;valeriana | Valeriana officinalis;valeriana officinalis l.
117;Valeriana;REG:104670025;Valeriana officinalis;valeriana officinalis l.;177;Valeriana_officinalis__valeriana_officinalis_l.xlsx;CALMANTE FARMAERVAS;;;REGISTRADO;104670025;25004.000470/90;LABORATORIO FARMAERVAS LTDA - 60.565.520/0001-73;Inativo;02/2007;valeriana officinalis;incluido_alias_completo;Inativo;104670025;25004 000470 90;calmante farmaervas;laboratorio farmaervas ltda 60 565 520 0001 73;;;TRUE;2;valeriana | Valeriana officinalis;valeriana officinalis l.
117;Valeriana;REG:105040055;Valeriana officinalis;valeriana officinalis l.;177;Valeriana_officinalis__valeriana_officinalis_l.xlsx;VALERIANA LABORATÓRIOS OSÓRIO DE MORAES;;valeriana officinalis l.;REGISTRADO;105040055;25351.065848/2024-19;LABORATÓRIOS OSÓRIO DE MORAES LTDA - 19.791.813/0001-75;Ativo;02/2035;valeriana officinalis;incluido_alias_completo;Ativo;105040055;25351 065848 2024 19;valeriana laboratorios osorio de moraes;laboratorios osorio de moraes ltda 19 791 813 0001 75;valeriana officinalis l;2024;TRUE;2;valeriana | Valeriana officinalis;valeriana officinalis l.
117;Valeriana;REG:105730357;Valeriana officinalis;valeriana officinalis l.;177;Valeriana_officinalis__valeriana_officinalis_l.xlsx;REMILEV;;valeriana officinalis l., humulus lupulus l.;REGISTRADO;105730357;25351.181119/2005-38;ACHÉ LABORATÓRIOS FARMACÊUTICOS S.A - 60.659.463/0029-92;Ativo;11/2035;valeriana officinalis;incluido_alias_completo;Ativo;105730357;25351 181119 2005 38;remilev;ache laboratorios farmaceuticos s a 60 659 463 0029 92;valeriana officinalis l humulus lupulus l;2005;TRUE;2;valeriana | Valeriana officinalis;valeriana officinalis l.
117;Valeriana;REG:105730744;Valeriana officinalis;valeriana officinalis l.;177;Valeriana_officinalis__valeriana_officinalis_l.xlsx;VALERIANA TIARAJU;;;REGISTRADO;105730744;25351.107554/2020-30;ACHÉ LABORATÓRIOS FARMACÊUTICOS S.A - 60.659.463/0029-92;Inativo;10/2027;valeriana officinalis;incluido_alias_completo;Inativo;105730744;25351 107554 2020 30;valeriana tiaraju;ache laboratorios farmaceuticos s a 60 659 463 0029 92;;2020;TRUE;2;valeriana | Valeriana officinalis;valeriana officinalis l.
117;Valeriana;REG:105760055;Valeriana officinalis;valeriana officinalis l.;177;Valeriana_officinalis__valeriana_officinalis_l.xlsx;UTEROVAROL;;;REGISTRADO;105760055;25351.333420/2005-33;LABORATORIO SIMOES LTDA. - 33.379.884/0001-96;Inativo;10/2003;valeriana officinalis;incluido_alias_completo;Inativo;105760055;25351 333420 2005 33;uterovarol;laboratorio simoes ltda 33 379 884 0001 96;;2005;TRUE;2;valeriana | Valeriana officinalis;valeriana officinalis l.
117;Valeriana;REG:105830242;Valeriana officinalis;valeriana officinalis l.;177;Valeriana_officinalis__valeriana_officinalis_l.xlsx;NOCTAVAL;;;REGISTRADO;105830242;25000.040358/96-30;GERMED FARMACEUTICA LTDA - 45.992.062/0001-65;Inativo;07/2006;valeriana officinalis;incluido_alias_completo;Inativo;105830242;25000 040358 96 30;noctaval;germed farmaceutica ltda 45 992 062 0001 65;;;TRUE;4;valeriana | Valeriana officinalis;extrato seco de valeriana officinalis l. | valeriana officinalis l.
117;Valeriana;REG:106240235;Valeriana officinalis;extrato de valeriana officinalis;174;Valeriana_officinalis__EXTRATO_DE_VALERIANA_OFFICINALIS.xlsx;VALERIMIL;;;REGISTRADO;106240235;25351.112829/2005-18;INDÚSTRIA FARMACÊUTICA MILIAN LTDA - 29.333.218/0001-40;Inativo;08/2015;valeriana officinalis;incluido_alias_completo;Inativo;106240235;25351 112829 2005 18;valerimil;industria farmaceutica milian ltda 29 333 218 0001 40;;2005;TRUE;2;valeriana | Valeriana officinalis;extrato de valeriana officinalis
117;Valeriana;REG:106390165;Valeriana officinalis;valeriana officinalis l.;177;Valeriana_officinalis__valeriana_officinalis_l.xlsx;VALMANE;;;REGISTRADO;106390165;25000.016454/88-57;ABBOTT PRODUTOS PARA SAÚDE LTDA. - 60.499.639/0001-95;Inativo;03/2010;valeriana officinalis;incluido_alias_completo;Inativo;106390165;25000 016454 88 57;valmane;abbott produtos para saude ltda 60 499 639 0001 95;;;TRUE;2;valeriana | Valeriana officinalis;valeriana officinalis l.
117;Valeriana;REG:106390228;Valeriana officinalis;valeriana officinalis l.;177;Valeriana_officinalis__valeriana_officinalis_l.xlsx;STRESSPLANT;;;REGISTRADO;106390228;25351.017811/2003-41;TAKEDA PHARMA LTDA. - 60.397.775/0001-74;Inativo;08/2009;valeriana officinalis;incluido_alias_completo;Inativo;106390228;25351 017811 2003 41;stressplant;takeda pharma ltda 60 397 775 0001 74;;2003;TRUE;2;valeriana | Valeriana officinalis;valeriana officinalis l.
117;Valeriana;REG:106890154;Valeriana officinalis;valeriana officinalis l.;177;Valeriana_officinalis__valeriana_officinalis_l.xlsx;SONOTABS;;valeriana officinalis l.;REGISTRADO;106890154;25351.191777/2005-38;KLEY HERTZ FARMACEUTICA S.A - 92.695.691/0001-03;Ativo;12/2035;valeriana officinalis;incluido_alias_completo;Ativo;106890154;25351 191777 2005 38;sonotabs;kley hertz farmaceutica s a 92 695 691 0001 03;valeriana officinalis l;2005;TRUE;2;valeriana | Valeriana officinalis;valeriana officinalis l.
117;Valeriana;REG:107740480;Valeriana officinalis;valeriana officinalis l.;177;Valeriana_officinalis__valeriana_officinalis_l.xlsx;LIPOTRON;;;REGISTRADO;107740480;25991.005379/80;LABORATÓRIO CANGERI LTDA - 92.751.965/0001-34;Inativo;09/2005;valeriana officinalis;incluido_alias_completo;Inativo;107740480;25991 005379 80;lipotron;laboratorio cangeri ltda 92 751 965 0001 34;;;TRUE;2;valeriana | Valeriana officinalis;valeriana officinalis l.
117;Valeriana;REG:109740125;Valeriana officinalis;valeriana officinalis l.;177;Valeriana_officinalis__valeriana_officinalis_l.xlsx;VALENA;;;REGISTRADO;109740125;25000.022152/98-44;BIOLAB SANUS FARMACÊUTICA LTDA - 49.475.833/0001-06;Inativo;06/2006;valeriana officinalis;incluido_alias_completo;Inativo;109740125;25000 022152 98 44;valena;biolab sanus farmaceutica ltda 49 475 833 0001 06;;;TRUE;2;valeriana | Valeriana officinalis;valeriana officinalis l.
117;Valeriana;REG:109740197;Valeriana officinalis;valeriana officinalis l.;177;Valeriana_officinalis__valeriana_officinalis_l.xlsx;NUIT;;;REGISTRADO;109740197;25351.418738/2005-93;BIOLAB SANUS FARMACÊUTICA LTDA - 49.475.833/0001-06;Inativo;07/2006;valeriana officinalis;incluido_alias_completo;Inativo;109740197;25351 418738 2005 93;nuit;biolab sanus farmaceutica ltda 49 475 833 0001 06;;2005;TRUE;2;valeriana | Valeriana officinalis;valeriana officinalis l.
117;Valeriana;REG:112700030;Valeriana officinalis;valeriana officinalis l.;177;Valeriana_officinalis__valeriana_officinalis_l.xlsx;VALERIN;;;REGISTRADO;112700030;25000.020541/91-69;FONTOVIT LABORATORIOS SA - 53.249.736/0001-64;Inativo;08/2006;valeriana officinalis;incluido_alias_completo;Inativo;112700030;25000 020541 91 69;valerin;fontovit laboratorios sa 53 249 736 0001 64;;;TRUE;2;valeriana | Valeriana officinalis;valeriana officinalis l.
117;Valeriana;REG:114620013;Valeriana officinalis;valeriana officinalis l.;177;Valeriana_officinalis__valeriana_officinalis_l.xlsx;ANSIVAL;;;REGISTRADO;114620013;25351.608571/2018-75;MYRALIS INDÚSTRIA FARMACÊUTICA LTDA - 17.440.261/0001-25;Inativo;04/2028;valeriana officinalis;incluido_alias_completo;Inativo;114620013;25351 608571 2018 75;ansival;myralis industria farmaceutica ltda 17 440 261 0001 25;;2018;TRUE;2;valeriana | Valeriana officinalis;valeriana officinalis l.
117;Valeriana;REG:115600195;Valeriana officinalis;valeriana officinalis l.;177;Valeriana_officinalis__valeriana_officinalis_l.xlsx;Valsed;;valeriana officinalis l.;REGISTRADO;115600195;25351.477989/2015-61;CIFARMA CIENTÍFICA FARMACÊUTICA LTDA - 17.562.075/0001-69;Ativo;07/2027;valeriana officinalis;incluido_alias_completo;Ativo;115600195;25351 477989 2015 61;valsed;cifarma cientifica farmaceutica ltda 17 562 075 0001 69;valeriana officinalis l;2015;TRUE;2;valeriana | Valeriana officinalis;valeriana officinalis l.
117;Valeriana;REG:116780008;Valeriana officinalis;valeriana officinalis l.;177;Valeriana_officinalis__valeriana_officinalis_l.xlsx;VALERIANA EC;;;REGISTRADO;116780008;25351.450558/2007-68;AS ERVAS CURAM INDUSTRIA FARMACEUTICA LTDA - 79.634.572/0001-82;Inativo;02/2013;valeriana officinalis;incluido_alias_completo;Inativo;116780008;25351 450558 2007 68;valeriana ec;as ervas curam industria farmaceutica ltda 79 634 572 0001 82;;2007;TRUE;2;valeriana | Valeriana officinalis;valeriana officinalis l.
117;Valeriana;REG:117170063;Valeriana officinalis;valeriana officinalis l.;177;Valeriana_officinalis__valeriana_officinalis_l.xlsx;VALERINATI;;valeriana officinalis l.;REGISTRADO;117170063;25351.127977/2006-18;PHARMASCIENCE INDUSTRIA FARMACEUTICA S.A - 25.773.037/0001-83;Ativo;06/2036;valeriana officinalis;incluido_alias_completo;Ativo;117170063;25351 127977 2006 18;valerinati;pharmascience industria farmaceutica s a 25 773 037 0001 83;valeriana officinalis l;2006;TRUE;2;valeriana | Valeriana officinalis;valeriana officinalis l.
117;Valeriana;REG:118190141;Valeriana officinalis;extrato de valeriana officinalis;174;Valeriana_officinalis__EXTRATO_DE_VALERIANA_OFFICINALIS.xlsx;VALERIMIL;;;REGISTRADO;118190141;25351.357304/2011-15;MULTILAB INDUSTRIA E COMERCIO DE PRODUTOS FARMACEUTICOS LTDA - 92.265.552/0009-05;Inativo;08/2015;valeriana officinalis;incluido_alias_completo;Inativo;118190141;25351 357304 2011 15;valerimil;multilab industria e comercio de produtos farmaceuticos ltda 92 265 552 0009 05;;2011;TRUE;2;valeriana | Valeriana officinalis;extrato de valeriana officinalis
117;Valeriana;REG:118190216;Valeriana officinalis;valeriana officinalis l.;177;Valeriana_officinalis__valeriana_officinalis_l.xlsx;ACALMILFITO;;valeriana officinalis l., crataegus rhipidophylla gand., passiflora incarnata l.;REGISTRADO;118190216;25351.963576/2020-82;MULTILAB INDUSTRIA E COMERCIO DE PRODUTOS FARMACEUTICOS LTDA - 92.265.552/0009-05;Ativo;03/2031;valeriana officinalis;incluido_alias_completo;Ativo;118190216;25351 963576 2020 82;acalmilfito;multilab industria e comercio de produtos farmaceuticos ltda 92 265 552 0009 05;valeriana officinalis l crataegus rhipidophylla gand passiflora incarnata l;2020;TRUE;2;valeriana | Valeriana officinalis;valeriana officinalis l.
117;Valeriana;REG:118600032;Valeriana officinalis;valeriana officinalis l.;177;Valeriana_officinalis__valeriana_officinalis_l.xlsx;RECALM;;;REGISTRADO;118600032;25351.201803/2002-09;HERBARIUM LABORATORIO BOTANICO LTDA - 78.950.011/0001-20;Inativo;01/2028;valeriana officinalis;incluido_alias_completo;Inativo;118600032;25351 201803 2002 09;recalm;herbarium laboratorio botanico ltda 78 950 011 0001 20;;2002;TRUE;2;valeriana | Valeriana officinalis;valeriana officinalis l.
117;Valeriana;REG:118610004;Valeriana officinalis;valeriana officinalis l.;177;Valeriana_officinalis__valeriana_officinalis_l.xlsx;ANSIVAL;;;REGISTRADO;118610004;25351.219164/2002-20;ATIVUS FARMACÊUTICA LTDA - 64.088.172/0001-41;Inativo;04/2023;valeriana officinalis;incluido_alias_completo;Inativo;118610004;25351 219164 2002 20;ansival;ativus farmaceutica ltda 64 088 172 0001 41;;2002;TRUE;2;valeriana | Valeriana officinalis;valeriana officinalis l.
117;Valeriana;REG:118610090;Valeriana officinalis;valeriana officinalis l.;177;Valeriana_officinalis__valeriana_officinalis_l.xlsx;VALERIX;;;REGISTRADO;118610090;25351.021990/00-34;ATIVUS FARMACÊUTICA LTDA - 64.088.172/0001-41;Inativo;11/2015;valeriana officinalis;incluido_alias_completo;Inativo;118610090;25351 021990 00 34;valerix;ativus farmaceutica ltda 64 088 172 0001 41;;;TRUE;2;valeriana | Valeriana officinalis;valeriana officinalis l.
117;Valeriana;REG:120090004;Valeriana officinalis;valeriana officinalis l.;177;Valeriana_officinalis__valeriana_officinalis_l.xlsx;CALMIT BIONATUS;;;REGISTRADO;120090004;25000.017252/92-54;BIONATUS LABORATÓRIO BOTÂNICO LTDA - 68.032.192/0001-51;Inativo;04/2016;valeriana officinalis;incluido_alias_completo;Inativo;120090004;25000 017252 92 54;calmit bionatus;bionatus laboratorio botanico ltda 68 032 192 0001 51;;;TRUE;2;valeriana | Valeriana officinalis;valeriana officinalis l.
117;Valeriana;REG:120090027;Valeriana officinalis;valeriana officinalis l.;177;Valeriana_officinalis__valeriana_officinalis_l.xlsx;CALMITANE;;valeriana officinalis l.;REGISTRADO;120090027;25351.537321/2010-82;BIONATUS LABORATÓRIO BOTÂNICO LTDA - 68.032.192/0001-51;Ativo;11/2026;valeriana officinalis;incluido_alias_completo;Ativo;120090027;25351 537321 2010 82;calmitane;bionatus laboratorio botanico ltda 68 032 192 0001 51;valeriana officinalis l;2010;TRUE;2;valeriana | Valeriana officinalis;valeriana officinalis l.
117;Valeriana;REG:120090037;Valeriana officinalis;valeriana officinalis l.;177;Valeriana_officinalis__valeriana_officinalis_l.xlsx;LENITIVE;;valeriana officinalis l.;REGISTRADO;120090037;25351.230566/2023-18;BIONATUS LABORATÓRIO BOTÂNICO LTDA - 68.032.192/0001-51;Ativo;03/2031;valeriana officinalis;incluido_alias_completo;Ativo;120090037;25351 230566 2023 18;lenitive;bionatus laboratorio botanico ltda 68 032 192 0001 51;valeriana officinalis l;2023;TRUE;2;valeriana | Valeriana officinalis;valeriana officinalis l.
117;Valeriana;REG:120190135;Valeriana officinalis;valeriana officinalis l.;177;Valeriana_officinalis__valeriana_officinalis_l.xlsx;VALECALM;;;REGISTRADO;120190135;25351.171257/2002-66;GREENPHARMA QUÍMICA E FARMACÊUTICA LTDA - 33.408.105/0001-33;Inativo;02/2013;valeriana officinalis;incluido_alias_completo;Inativo;120190135;25351 171257 2002 66;valecalm;greenpharma quimica e farmaceutica ltda 33 408 105 0001 33;;2002;TRUE;2;valeriana | Valeriana officinalis;valeriana officinalis l.
117;Valeriana;REG:120600031;Valeriana officinalis;valeriana officinalis l.;177;Valeriana_officinalis__valeriana_officinalis_l.xlsx;VALERIL;;valeriana officinalis l.;REGISTRADO;120600031;25351.000792/2022-87;LAPON INDUSTRIA FARMACEUTICA LTDA - EPP - 35.356.799/0001-38;Ativo;08/2032;valeriana officinalis;incluido_alias_completo;Ativo;120600031;25351 000792 2022 87;valeril;lapon industria farmaceutica ltda epp 35 356 799 0001 38;valeriana officinalis l;2022;TRUE;2;valeriana | Valeriana officinalis;valeriana officinalis l.
117;Valeriana;REG:121070003;Valeriana officinalis;valeriana officinalis l.;177;Valeriana_officinalis__valeriana_officinalis_l.xlsx;VALECIN;;;REGISTRADO;121070003;25351.224730/2002-15;APIS FLORA INDUSTRIAL  E COMERCIAL LTDA - 49.345.358/0001-45;Inativo;09/2008;valeriana officinalis;incluido_alias_completo;Inativo;121070003;25351 224730 2002 15;valecin;apis flora industrial e comercial ltda 49 345 358 0001 45;;2002;TRUE;2;valeriana | Valeriana officinalis;valeriana officinalis l.
117;Valeriana;REG:123970027;Valeriana officinalis;valeriana officinalis l.;177;Valeriana_officinalis__valeriana_officinalis_l.xlsx;VALERIANA ORIENT;;;REGISTRADO;123970027;25351.135069/2005-17;ORIENT MIX FITOTERÁPICOS DO BRASIL LTDA. - 73.657.876/0001-89;Inativo;06/2010;valeriana officinalis;incluido_alias_completo;Inativo;123970027;25351 135069 2005 17;valeriana orient;orient mix fitoterapicos do brasil ltda 73 657 876 0001 89;;2005;TRUE;2;valeriana | Valeriana officinalis;valeriana officinalis l.
117;Valeriana;REG:128420045;Valeriana officinalis;valeriana officinalis l.;177;Valeriana_officinalis__valeriana_officinalis_l.xlsx;VALERIANAHEEL;;;REGISTRADO;128420045;25000.005329/98-75;PROBIOS COMÉRCIO IMPORTAÇÃO E EXPORTAÇÃO LTDA - 74.455.197/0001-90;Inativo;01/2008;valeriana officinalis;incluido_alias_completo;Inativo;128420045;25000 005329 98 75;valerianaheel;probios comercio importacao e exportacao ltda 74 455 197 0001 90;;;TRUE;2;valeriana | Valeriana officinalis;valeriana officinalis l.
117;Valeriana;REG:138100033;Valeriana officinalis;extrato de valeriana officinalis;174;Valeriana_officinalis__EXTRATO_DE_VALERIANA_OFFICINALIS.xlsx;VALERIANA TIARAJU;;;REGISTRADO;138100033;25351.394787/2005-23;LABORATORIO QUIMICO FARMACEUTICO TIARAJU LTDA. - 94.022.654/0001-60;Inativo;03/2011;valeriana officinalis;incluido_alias_completo;Inativo;138100033;25351 394787 2005 23;valeriana tiaraju;laboratorio quimico farmaceutico tiaraju ltda 94 022 654 0001 60;;2005;TRUE;2;valeriana | Valeriana officinalis;extrato de valeriana officinalis
117;Valeriana;REG:138100037;Valeriana officinalis;valeriana officinalis l.;177;Valeriana_officinalis__valeriana_officinalis_l.xlsx;VALERIANA TIARAJU;;;REGISTRADO;138100037;25351.201936/2011-33;LABORATORIO QUIMICO FARMACEUTICO TIARAJU LTDA. - 94.022.654/0001-60;Inativo;10/2027;valeriana officinalis;incluido_alias_completo;Inativo;138100037;25351 201936 2011 33;valeriana tiaraju;laboratorio quimico farmaceutico tiaraju ltda 94 022 654 0001 60;;2011;TRUE;2;valeriana | Valeriana officinalis;valeriana officinalis l.
117;Valeriana;REG:138410046;Valeriana officinalis;valeriana officinalis l.;177;Valeriana_officinalis__valeriana_officinalis_l.xlsx;VALESSONE;;valeriana officinalis l.;REGISTRADO;138410046;25351.752095/2009-50;NATULAB LABORATORIO S.A - 02.456.955/0001-83;Ativo;12/2035;valeriana officinalis;incluido_alias_completo;Ativo;138410046;25351 752095 2009 50;valessone;natulab laboratorio s a 02 456 955 0001 83;valeriana officinalis l;2009;TRUE;2;valeriana | Valeriana officinalis;valeriana officinalis l.
117;Valeriana;REG:143810076;Valeriana officinalis;valeriana officinalis l.;177;Valeriana_officinalis__valeriana_officinalis_l.xlsx;VALERIMED;;valeriana officinalis l.;REGISTRADO;143810076;25351.165417/2002-38;CIMED INDUSTRIA S.A - 02.814.497/0001-07;Ativo;08/2027;valeriana officinalis;incluido_alias_completo;Ativo;143810076;25351 165417 2002 38;valerimed;cimed industria s a 02 814 497 0001 07;valeriana officinalis l;2002;TRUE;2;valeriana | Valeriana officinalis;valeriana officinalis l.
117;Valeriana;REG:144930042;Valeriana officinalis;valeriana officinalis l.;177;Valeriana_officinalis__valeriana_officinalis_l.xlsx;CALMAZIL;;valeriana officinalis l.;REGISTRADO;144930042;25351.049161/2003-01;AIRELA INDÚSTRIA FARMACÊUTICA LTDA. - 01.858.973/0001-29;Ativo;01/2029;valeriana officinalis;incluido_alias_completo;Ativo;144930042;25351 049161 2003 01;calmazil;airela industria farmaceutica ltda 01 858 973 0001 29;valeriana officinalis l;2003;TRUE;2;valeriana | Valeriana officinalis;valeriana officinalis l.
117;Valeriana;REG:145010001;Valeriana officinalis;valeriana officinalis l.;177;Valeriana_officinalis__valeriana_officinalis_l.xlsx;VALERIANA BRASMED;;;REGISTRADO;145010001;25351.060912/2003-32;BRASMED BOTÂNICA E FARMACÊUTICA LTDA - 00.660.703/0001-46;Inativo;09/2009;valeriana officinalis;incluido_alias_completo;Inativo;145010001;25351 060912 2003 32;valeriana brasmed;brasmed botanica e farmaceutica ltda 00 660 703 0001 46;;2003;TRUE;2;valeriana | Valeriana officinalis;valeriana officinalis l.
117;Valeriana;REG:151840011;Valeriana officinalis;valeriana officinalis l.;177;Valeriana_officinalis__valeriana_officinalis_l.xlsx;LENITIVE;;;REGISTRADO;151840011;25351.218977/2020-84;PHYTOLAB INDUSTRIA FARMACEUTICA LTDA - EPP - 02.817.180/0001-24;Inativo;03/2031;valeriana officinalis;incluido_alias_completo;Inativo;151840011;25351 218977 2020 84;lenitive;phytolab industria farmaceutica ltda epp 02 817 180 0001 24;;2020;TRUE;2;valeriana | Valeriana officinalis;valeriana officinalis l.
117;Valeriana;REG:154230196;Valeriana officinalis;valeriana officinalis l.;177;Valeriana_officinalis__valeriana_officinalis_l.xlsx;VALYANNE;;valeriana officinalis l.;REGISTRADO;154230196;25351.782412/2011-81;GEOLAB INDÚSTRIA FARMACÊUTICA S/A - 03.485.572/0001-04;Ativo;04/2028;valeriana officinalis;incluido_alias_completo;Ativo;154230196;25351 782412 2011 81;valyanne;geolab industria farmaceutica s a 03 485 572 0001 04;valeriana officinalis l;2011;TRUE;2;valeriana | Valeriana officinalis;valeriana officinalis l.
117;Valeriana;REG:156510047;Valeriana officinalis;valeriana officinalis l.;177;Valeriana_officinalis__valeriana_officinalis_l.xlsx;VALERIANE;;valeriana officinalis l.;REGISTRADO;156510047;25351.526503/2011-97;ZYDUS NIKKHO FARMACÊUTICA LTDA - 05.254.971/0001-81;Ativo;05/2027;valeriana officinalis;incluido_alias_completo;Ativo;156510047;25351 526503 2011 97;valeriane;zydus nikkho farmaceutica ltda 05 254 971 0001 81;valeriana officinalis l;2011;TRUE;2;valeriana | Valeriana officinalis;valeriana officinalis l.
117;Valeriana;REG:156510118;Valeriana officinalis;valeriana officinalis l.;177;Valeriana_officinalis__valeriana_officinalis_l.xlsx;VALDREAM;;valeriana officinalis l.;REGISTRADO;156510118;25351.288690/2023-64;ZYDUS NIKKHO FARMACÊUTICA LTDA - 05.254.971/0001-81;Ativo;04/2034;valeriana officinalis;incluido_alias_completo;Ativo;156510118;25351 288690 2023 64;valdream;zydus nikkho farmaceutica ltda 05 254 971 0001 81;valeriana officinalis l;2023;TRUE;2;valeriana | Valeriana officinalis;valeriana officinalis l.
117;Valeriana;REG:172870052;Valeriana officinalis;valeriana officinalis l.;177;Valeriana_officinalis__valeriana_officinalis_l.xlsx;VALDORM;;;REGISTRADO;172870052;25351.333233/2009-02;Hypera S.A. - 02.932.074/0001-91;Inativo;02/2013;valeriana officinalis;incluido_alias_completo;Inativo;172870052;25351 333233 2009 02;valdorm;hypera s a 02 932 074 0001 91;;2009;TRUE;2;valeriana | Valeriana officinalis;valeriana officinalis l.
117;Valeriana;REG:178170001;Valeriana officinalis;valeriana officinalis l.;177;Valeriana_officinalis__valeriana_officinalis_l.xlsx;VALDORM;;;REGISTRADO;178170001;25351.651381/2009-75;COSMED INDUSTRIA DE COSMETICOS E MEDICAMENTOS S.A. - 61.082.426/0002-07;Inativo;02/2013;valeriana officinalis;incluido_alias_completo;Inativo;178170001;25351 651381 2009 75;valdorm;cosmed industria de cosmeticos e medicamentos s a 61 082 426 0002 07;;2009;TRUE;2;valeriana | Valeriana officinalis;valeriana officinalis l.
117;Valeriana;REG:188710002;Valeriana officinalis;valeriana officinalis l.;177;Valeriana_officinalis__valeriana_officinalis_l.xlsx;WALLERY;;valeriana officinalis l.;REGISTRADO;188710002;25351.548029/2016-01;GALLIA INDUSTRIA FARMACEUTICA LTDA - 12.022.755/0001-76;Ativo;02/2029;valeriana officinalis;incluido_alias_completo;Ativo;188710002;25351 548029 2016 01;wallery;gallia industria farmaceutica ltda 12 022 755 0001 76;valeriana officinalis l;2016;TRUE;2;valeriana | Valeriana officinalis;valeriana officinalis l.
118;Verônica-verdadeira;REG:128420010;veronica;veronica officinalis;435;veronica__VERONICA_OFFICINALIS.xlsx;LYMPHOMYOSOT;;;REGISTRADO;128420010;25000.009409/96-92;PROBIOS COMÉRCIO IMPORTAÇÃO E EXPORTAÇÃO LTDA - 74.455.197/0001-90;Inativo;12/2006;veronica;incluido_alias_completo;Inativo;128420010;25000 009409 96 92;lymphomyosot;probios comercio importacao e exportacao ltda 74 455 197 0001 90;;;TRUE;1;veronica;veronica officinalis
118;Verônica-verdadeira;REG:128420017;veronica;veronica officinalis;435;veronica__VERONICA_OFFICINALIS.xlsx;NASO - HELL;;;REGISTRADO;128420017;25000.023351/96-44;PROBIOS COMÉRCIO IMPORTAÇÃO E EXPORTAÇÃO LTDA - 74.455.197/0001-90;Inativo;04/2007;veronica;incluido_alias_completo;Inativo;128420017;25000 023351 96 44;naso hell;probios comercio importacao e exportacao ltda 74 455 197 0001 90;;;TRUE;1;veronica;veronica officinalis
118;Verônica-verdadeira;REG:161980012;veronica;veronica officinalis;435;veronica__VERONICA_OFFICINALIS.xlsx;LYMPHOMYOSOT;;MYOSOTIS ARVENSIS, VERONICA OFFICINALIS, TEUCRIUM SCORODONIA, PINUS SYLVESTRIS, Gentiana lutea, EQUISETUM HYEMALE, SARSAPARILLA, Smilax officinalis, SCROPHULARIA NODOSA, CALCIUM PHOSPHORICUM, JUGLANS REGIA L., NATRUM SULFURICUM, Fumaria officinalis L., LEVOTHYROXINUM, ARANEUS DIADEMATUS, GERANIUM ROBERTIANUM, NASTURTIUM OFFICINALE R.BR., FERRUM IODATUM;REGISTRADO;161980012;25351.644201/2008-20;HEEL DO BRASIL BIOMÉDICA LTDA - 05.994.539/0001-27;Ativo;11/2029;veronica;incluido_alias_completo;Ativo;161980012;25351 644201 2008 20;lymphomyosot;heel do brasil biomedica ltda 05 994 539 0001 27;myosotis arvensis veronica officinalis teucrium scorodonia pinus sylvestris gentiana lutea equisetum hyemale sarsaparilla smilax officinalis scrophularia nodosa calcium phosphoricum juglans regia l natrum sulfuricum fumaria officinalis l levothyroxinum araneus diadematus geranium robertianum nasturtium officinale r br ferrum iodatum;2008;TRUE;1;veronica;veronica officinalis
119;Acônito;REG:100020095;aconitum napellus;aconitum napellus;183;aconitum_napellus__aconitum_napellus.xlsx;NECTAR&AGRIÃO;;;REGISTRADO;100020095;25000.008612/93;LABORATORIO SEDABEL LTDA - 29.322.013/0001-69;Inativo;03/2007;aconitum napellus;incluido_alias_completo;Inativo;100020095;25000 008612 93;nectar agriao;laboratorio sedabel ltda 29 322 013 0001 69;;;TRUE;1;aconitum napellus;aconitum napellus
119;Acônito;REG:100610011;aconitum napellus;aconitum napellus;183;aconitum_napellus__aconitum_napellus.xlsx;CO-RHEUMODORON;;;REGISTRADO;100610011;25992.011525/75;WELEDA DO BRASIL LABORATÓRIO E FARMÁCIA LTDA - 56.992.217/0001-80;Inativo;08/2010;aconitum napellus;incluido_alias_completo;Inativo;100610011;25992 011525 75;co rheumodoron;weleda do brasil laboratorio e farmacia ltda 56 992 217 0001 80;;;TRUE;1;aconitum napellus;aconitum napellus
119;Acônito;REG:100610022;aconitum napellus;aconitum napellus;183;aconitum_napellus__aconitum_napellus.xlsx;INFLUDO;;eucaliptus globulus  labill, eucalyptus globulus , bryonia alba, aconitum napellus, eupatorium perfoliatum, phosphorus;REGISTRADO;100610022;25001.010707/75;WELEDA DO BRASIL LABORATÓRIO E FARMÁCIA LTDA - 56.992.217/0001-80;Ativo;08/2035;aconitum napellus;incluido_alias_completo;Ativo;100610022;25001 010707 75;infludo;weleda do brasil laboratorio e farmacia ltda 56 992 217 0001 80;eucaliptus globulus labill eucalyptus globulus bryonia alba aconitum napellus eupatorium perfoliatum phosphorus;;TRUE;1;aconitum napellus;aconitum napellus
119;Acônito;REG:100610032;aconitum napellus;aconitum napellus;183;aconitum_napellus__aconitum_napellus.xlsx;PNEUMODORON-1;;;REGISTRADO;100610032;25992.010708/75;WELEDA DO BRASIL LABORATÓRIO E FARMÁCIA LTDA - 56.992.217/0001-80;Inativo;08/2010;aconitum napellus;incluido_alias_completo;Inativo;100610032;25992 010708 75;pneumodoron 1;weleda do brasil laboratorio e farmacia ltda 56 992 217 0001 80;;;TRUE;1;aconitum napellus;aconitum napellus
119;Acônito;REG:100610039;aconitum napellus;aconitum napellus;183;aconitum_napellus__aconitum_napellus.xlsx;RHEUMODORON-1;RHEUMODORON 1 WELEDA;;REGISTRADO;100610039;25992.011527/75;WELEDA DO BRASIL LABORATÓRIO E FARMÁCIA LTDA - 56.992.217/0001-80;Inativo;08/2010;aconitum napellus;incluido_alias_completo;Inativo;100610039;25992 011527 75;rheumodoron 1;weleda do brasil laboratorio e farmacia ltda 56 992 217 0001 80;;;TRUE;1;aconitum napellus;aconitum napellus
119;Acônito;REG:100610042;aconitum napellus;aconitum napellus;183;aconitum_napellus__aconitum_napellus.xlsx;INFLUDORON;;ferrum phosphoricum, aconitum napellus, bryonia alba, bryonia alba l., eucaliptus globulus  labill, eucalyptus globulus , eupatorium perfoliatum, eupatorium perfoliatum l.;REGISTRADO;100610042;25992.019313/75;WELEDA DO BRASIL LABORATÓRIO E FARMÁCIA LTDA - 56.992.217/0001-80;Ativo;07/2027;aconitum napellus;incluido_alias_completo;Ativo;100610042;25992 019313 75;infludoron;weleda do brasil laboratorio e farmacia ltda 56 992 217 0001 80;ferrum phosphoricum aconitum napellus bryonia alba bryonia alba l eucaliptus globulus labill eucalyptus globulus eupatorium perfoliatum eupatorium perfoliatum l;;TRUE;1;aconitum napellus;aconitum napellus
119;Acônito;REG:100610078;aconitum napellus;aconitum napellus;183;aconitum_napellus__aconitum_napellus.xlsx;RHEUMA W;;;REGISTRADO;100610078;25992.007084/76;WELEDA DO BRASIL LABORATÓRIO E FARMÁCIA LTDA - 56.992.217/0001-80;Inativo;01/2007;aconitum napellus;incluido_alias_completo;Inativo;100610078;25992 007084 76;rheuma w;weleda do brasil laboratorio e farmacia ltda 56 992 217 0001 80;;;TRUE;1;aconitum napellus;aconitum napellus
119;Acônito;REG:102470042;aconitum napellus;aconitum napellus;183;aconitum_napellus__aconitum_napellus.xlsx;SORBILINA;;;REGISTRADO;102470042;25992.011507/76;HOMEOPATIA WALDEMIRO PEREIRA LABORATORIO INDUSTRIAL FARMACEUTICO LTDA - 76.440.528/0001-43;Inativo;01/1997;aconitum napellus;incluido_alias_completo;Inativo;102470042;25992 011507 76;sorbilina;homeopatia waldemiro pereira laboratorio industrial farmaceutico ltda 76 440 528 0001 43;;;TRUE;1;aconitum napellus;aconitum napellus
119;Acônito;REG:102660078;aconitum napellus;aconitum napellus;183;aconitum_napellus__aconitum_napellus.xlsx;COMPLEXO HOMEOPÁTICO ACONITUM ALMEIDA PRADO 2;;;REGISTRADO;102660078;25992.017365/70;FARMÁCIA E LABORATÓRIO HOMEOPÁTICO ALMEIDA PRADO LTDA - 60.862.208/0001-41;Inativo;02/2011;aconitum napellus;incluido_alias_completo;Inativo;102660078;25992 017365 70;complexo homeopatico aconitum almeida prado 2;farmacia e laboratorio homeopatico almeida prado ltda 60 862 208 0001 41;;;TRUE;1;aconitum napellus;aconitum napellus
119;Acônito;REG:102660164;aconitum napellus;aconitum napellus;183;aconitum_napellus__aconitum_napellus.xlsx;HOMEOPAX;;;REGISTRADO;102660164;25351.525072/2008-71;FARMÁCIA E LABORATÓRIO HOMEOPÁTICO ALMEIDA PRADO LTDA - 60.862.208/0001-41;Inativo;11/2028;aconitum napellus;incluido_alias_completo;Inativo;102660164;25351 525072 2008 71;homeopax;farmacia e laboratorio homeopatico almeida prado ltda 60 862 208 0001 41;;2008;TRUE;1;aconitum napellus;aconitum napellus
119;Acônito;REG:102660167;aconitum napellus;aconitum napellus;183;aconitum_napellus__aconitum_napellus.xlsx;HOMEOFLAN;;;REGISTRADO;102660167;25351.540873/2008-67;FARMÁCIA E LABORATÓRIO HOMEOPÁTICO ALMEIDA PRADO LTDA - 60.862.208/0001-41;Inativo;12/2028;aconitum napellus;incluido_alias_completo;Inativo;102660167;25351 540873 2008 67;homeoflan;farmacia e laboratorio homeopatico almeida prado ltda 60 862 208 0001 41;;2008;TRUE;1;aconitum napellus;aconitum napellus
119;Acônito;REG:103900191;aconitum napellus;aconitum napellus;183;aconitum_napellus__aconitum_napellus.xlsx;MOTIX;;;REGISTRADO;103900191;25351.422047/2015-66;FARMOQUÍMICA S/A - 33.349.473/0001-58;Inativo;12/2026;aconitum napellus;incluido_alias_completo;Inativo;103900191;25351 422047 2015 66;motix;farmoquimica s a 33 349 473 0001 58;;2015;TRUE;1;aconitum napellus;aconitum napellus
119;Acônito;REG:103900228;aconitum napellus;aconitum napellus;183;aconitum_napellus__aconitum_napellus.xlsx;MOTIX;;arnica montana, arnica montana l., calendula officinalis l., hamamelis virginiana l., echinacea angustifolia, echinacea angustifolia dc., echinacea purpurea (l.) moench, matricaria chamomilla , matricaria chamomilla l., bellis perennis, symphytum officinale, hypericum perforatum, achillea millefolium l., aconitum napellus, atropa belladonna, mercurius solubilis, hepar sulfuris, hepar sulphur;REGISTRADO;103900228;25351.203839/2024-24;FARMOQUÍMICA S/A - 33.349.473/0001-58;Ativo;06/2034;aconitum napellus;incluido_alias_completo;Ativo;103900228;25351 203839 2024 24;motix;farmoquimica s a 33 349 473 0001 58;arnica montana arnica montana l calendula officinalis l hamamelis virginiana l echinacea angustifolia echinacea angustifolia dc echinacea purpurea l moench matricaria chamomilla matricaria chamomilla l bellis perennis symphytum officinale hypericum perforatum achillea millefolium l aconitum napellus atropa belladonna mercurius solubilis hepar sulfuris hepar sulphur;2024;TRUE;1;aconitum napellus;aconitum napellus
119;Acônito;REG:104150039;aconitum napellus;tintura de aconitum napellus;186;aconitum_napellus__tintura_de_aconitum_napellus.xlsx;AXOL;;;REGISTRADO;104150039;25992.004156/79;LABORATORIO HANEMANIANA VERITAS LTDA - 33.790.981/0001-77;Inativo;11/2007;aconitum napellus;incluido_alias_completo;Inativo;104150039;25992 004156 79;axol;laboratorio hanemaniana veritas ltda 33 790 981 0001 77;;;TRUE;1;aconitum napellus;tintura de aconitum napellus
119;Acônito;REG:104620020;aconitum napellus;tintura de aconitum napellus;186;aconitum_napellus__tintura_de_aconitum_napellus.xlsx;Pulmoverina;;;REGISTRADO;104620020;25001.009399/40;LABORATORIOS PRIMA LTDA - 33.139.643/0001-70;Inativo;08/2009;aconitum napellus;incluido_alias_completo;Inativo;104620020;25001 009399 40;pulmoverina;laboratorios prima ltda 33 139 643 0001 70;;;TRUE;1;aconitum napellus;tintura de aconitum napellus
119;Acônito;REG:104730023;aconitum napellus;aconitum napellus;183;aconitum_napellus__aconitum_napellus.xlsx;SOLUÇÃO DE ACÔNITO COMPOSTO KLEIN;;;REGISTRADO;104730023;25001.006893/72;VIDORA FARMACÊUTICA LTDA - 92.762.277/0001-70;Inativo;06/2027;aconitum napellus;incluido_alias_completo;Inativo;104730023;25001 006893 72;solucao de aconito composto klein;vidora farmaceutica ltda 92 762 277 0001 70;;;TRUE;1;aconitum napellus;aconitum napellus
119;Acônito;REG:107150079;aconitum napellus;aconitum napellus;183;aconitum_napellus__aconitum_napellus.xlsx;EXPCTOMEL;EXPECTOMEL;;REGISTRADO;107150079;25000.010125/89;CAZI QUIMICA FARMACEUTICA INDUSTRIA E COMERCIO LTDA - 44.010.437/0001-81;Inativo;01/2005;aconitum napellus;incluido_alias_completo;Inativo;107150079;25000 010125 89;expctomel;cazi quimica farmaceutica industria e comercio ltda 44 010 437 0001 81;;;TRUE;1;aconitum napellus;aconitum napellus
119;Acônito;REG:111990025;aconitum napellus;aconitum napellus;183;aconitum_napellus__aconitum_napellus.xlsx;MAKROMEL;;;REGISTRADO;111990025;25000.018591/99-51;MAKROFARMA QUIMICA FARMACEUTICA LTDA - 33.223.157/0001-35;Inativo;11/2005;aconitum napellus;incluido_alias_completo;Inativo;111990025;25000 018591 99 51;makromel;makrofarma quimica farmaceutica ltda 33 223 157 0001 35;;;TRUE;1;aconitum napellus;aconitum napellus
119;Acônito;REG:128420002;aconitum napellus;aconitum napellus;183;aconitum_napellus__aconitum_napellus.xlsx;GRIPP-HEEL;;;REGISTRADO;128420002;25000.005286/98-64;PROBIOS COMÉRCIO IMPORTAÇÃO E EXPORTAÇÃO LTDA - 74.455.197/0001-90;Inativo;09/2006;aconitum napellus;incluido_alias_completo;Inativo;128420002;25000 005286 98 64;gripp heel;probios comercio importacao e exportacao ltda 74 455 197 0001 90;;;TRUE;1;aconitum napellus;aconitum napellus
119;Acônito;REG:128420006;aconitum napellus;aconitum napellus;183;aconitum_napellus__aconitum_napellus.xlsx;GRIPP HEEL SN;GRIPP-HELL, GRIPP HEEL;;REGISTRADO;128420006;25000.018604/98-11;PROBIOS COMÉRCIO IMPORTAÇÃO E EXPORTAÇÃO LTDA - 74.455.197/0001-90;Inativo;10/2006;aconitum napellus;incluido_alias_completo;Inativo;128420006;25000 018604 98 11;gripp heel sn;probios comercio importacao e exportacao ltda 74 455 197 0001 90;;;TRUE;1;aconitum napellus;aconitum napellus
119;Acônito;REG:128420008;aconitum napellus;aconitum napellus;183;aconitum_napellus__aconitum_napellus.xlsx;TRAUMEEL S;;;REGISTRADO;128420008;25000.007786/96-04;PROBIOS COMÉRCIO IMPORTAÇÃO E EXPORTAÇÃO LTDA - 74.455.197/0001-90;Inativo;12/2006;aconitum napellus;incluido_alias_completo;Inativo;128420008;25000 007786 96 04;traumeel s;probios comercio importacao e exportacao ltda 74 455 197 0001 90;;;TRUE;1;aconitum napellus;aconitum napellus
119;Acônito;REG:128420009;aconitum napellus;aconitum napellus;183;aconitum_napellus__aconitum_napellus.xlsx;CEREBRUM COMPOSITUM;;;REGISTRADO;128420009;25000.012267/96-78;PROBIOS COMÉRCIO IMPORTAÇÃO E EXPORTAÇÃO LTDA - 74.455.197/0001-90;Inativo;12/2006;aconitum napellus;incluido_alias_completo;Inativo;128420009;25000 012267 96 78;cerebrum compositum;probios comercio importacao e exportacao ltda 74 455 197 0001 90;;;TRUE;1;aconitum napellus;aconitum napellus
119;Acônito;REG:128420020;aconitum napellus;aconitum napellus;183;aconitum_napellus__aconitum_napellus.xlsx;SPASCUPREEL;;;REGISTRADO;128420020;25000.030618/97-11;PROBIOS COMÉRCIO IMPORTAÇÃO E EXPORTAÇÃO LTDA - 74.455.197/0001-90;Inativo;05/2007;aconitum napellus;incluido_alias_completo;Inativo;128420020;25000 030618 97 11;spascupreel;probios comercio importacao e exportacao ltda 74 455 197 0001 90;;;TRUE;1;aconitum napellus;aconitum napellus
119;Acônito;REG:128420036;aconitum napellus;aconitum napellus;183;aconitum_napellus__aconitum_napellus.xlsx;ECHINACEA COMPOSITUM S N;;;REGISTRADO;128420036;25351.201971/2002-96;PROBIOS COMÉRCIO IMPORTAÇÃO E EXPORTAÇÃO LTDA - 74.455.197/0001-90;Inativo;11/2007;aconitum napellus;incluido_alias_completo;Inativo;128420036;25351 201971 2002 96;echinacea compositum s n;probios comercio importacao e exportacao ltda 74 455 197 0001 90;;2002;TRUE;1;aconitum napellus;aconitum napellus
119;Acônito;REG:154000036;aconitum napellus;aconitum napellus l.;185;aconitum_napellus__aconitum_napellus_l.xlsx;GUACOVITA;;nasturtium officinale r.br., mikania glomerata spreng., polygala senega l., myroxylon balsamum (l.) harms, cephaelis ipecacuanha (brot.) a. rich, aconitum napellus l.;REGISTRADO;154000036;25351.011040/2003-89;LABORATÓRIO VITALAB LTDA - 56.646.953/0001-86;Ativo;05/2028;aconitum napellus;incluido_alias_completo;Ativo;154000036;25351 011040 2003 89;guacovita;laboratorio vitalab ltda 56 646 953 0001 86;nasturtium officinale r br mikania glomerata spreng polygala senega l myroxylon balsamum l harms cephaelis ipecacuanha brot a rich aconitum napellus l;2003;TRUE;1;aconitum napellus;aconitum napellus l.
119;Acônito;REG:161980002;aconitum napellus;aconitum napellus;183;aconitum_napellus__aconitum_napellus.xlsx;SPASCUPREEL;;citrullus colocynthis schrad., colocynthis, ammonium bromatum, atropinum sulfuricum, veratrum album, gelsemium sempervirens, magnesium phosphoricum, agaricus muscarius, matricaria recutita l., passiflora incarnata, cuprum sulfuricum, aconitum napellus, chamomilla recutita;REGISTRADO;161980002;25351.343339/2005-61;HEEL DO BRASIL BIOMÉDICA LTDA - 05.994.539/0001-27;Ativo;02/2028;aconitum napellus;incluido_alias_completo;Ativo;161980002;25351 343339 2005 61;spascupreel;heel do brasil biomedica ltda 05 994 539 0001 27;citrullus colocynthis schrad colocynthis ammonium bromatum atropinum sulfuricum veratrum album gelsemium sempervirens magnesium phosphoricum agaricus muscarius matricaria recutita l passiflora incarnata cuprum sulfuricum aconitum napellus chamomilla recutita;2005;TRUE;1;aconitum napellus;aconitum napellus
119;Acônito;REG:161980005;aconitum napellus;aconitum napellus;183;aconitum_napellus__aconitum_napellus.xlsx;GRIPPHEEL;;aconitum napellus, bryonia cretica l., lachesis muta, phosphorus, eupatorium perfoliatum l.;REGISTRADO;161980005;25351.391327/2007-13;HEEL DO BRASIL BIOMÉDICA LTDA - 05.994.539/0001-27;Ativo;04/2028;aconitum napellus;incluido_alias_completo;Ativo;161980005;25351 391327 2007 13;grippheel;heel do brasil biomedica ltda 05 994 539 0001 27;aconitum napellus bryonia cretica l lachesis muta phosphorus eupatorium perfoliatum l;2007;TRUE;1;aconitum napellus;aconitum napellus
119;Acônito;REG:161980007;aconitum napellus;aconitum napellus;183;aconitum_napellus__aconitum_napellus.xlsx;TRAUMEEL S;;arnica montana, arnica montana l., calendula officinalis l., hamamelis virginiana l., echinacea angustifolia dc., echinacea purpurea, echinacea purpurea (l.) moench, matricaria chamomilla , matricaria chamomilla l., bellis perennis, symphytum officinale, hypericum perforatum, achillea millefolium l., aconitum napellus, atropa belladonna, mercurius solubilis, hepar sulfuris, hepar sulphur;REGISTRADO;161980007;25351.280113/2005-42;HEEL DO BRASIL BIOMÉDICA LTDA - 05.994.539/0001-27;Ativo;09/2028;aconitum napellus;incluido_alias_completo;Ativo;161980007;25351 280113 2005 42;traumeel s;heel do brasil biomedica ltda 05 994 539 0001 27;arnica montana arnica montana l calendula officinalis l hamamelis virginiana l echinacea angustifolia dc echinacea purpurea echinacea purpurea l moench matricaria chamomilla matricaria chamomilla l bellis perennis symphytum officinale hypericum perforatum achillea millefolium l aconitum napellus atropa belladonna mercurius solubilis hepar sulfuris hepar sulphur;2005;TRUE;1;aconitum napellus;aconitum napellus
119;Acônito;REG:169160002;aconitum napellus;aconitum napellus;183;aconitum_napellus__aconitum_napellus.xlsx;SÉDATIF PC;;aconitum, aconitum napellus, atropa belladonna, calendula officinalis l., chelidonium majus, abrus precatorius, viburnum opulus;REGISTRADO;169160002;25351.318448/2007-11;BOIRON MEDICAMENTOS HOMEOPÁTICOS LTDA - 07.498.711/0001-87;Ativo;03/2029;aconitum napellus;incluido_alias_completo;Ativo;169160002;25351 318448 2007 11;sedatif pc;boiron medicamentos homeopaticos ltda 07 498 711 0001 87;aconitum aconitum napellus atropa belladonna calendula officinalis l chelidonium majus abrus precatorius viburnum opulus;2007;TRUE;1;aconitum napellus;aconitum napellus
119;Acônito;REG:50272;aconitum napellus;tintura de aconitum napellus;186;aconitum_napellus__tintura_de_aconitum_napellus.xlsx;XAROPE DE BENZOATO DE SÓDIO COMPOSTO;;;REGISTRADO;50272;25992.018971/71;AMERICO BOARETTO-ME - 57.552.697/0001-20;Inativo;02/1998;aconitum napellus;incluido_alias_completo;Inativo;50272;25992 018971 71;xarope de benzoato de sodio composto;americo boaretto me 57 552 697 0001 20;;;TRUE;1;aconitum napellus;tintura de aconitum napellus
121;Alteia;REG:105730081;althaea officinalis;althaea officinalis l.;204;althaea_officinalis__althaea_officinalis_l.xlsx;DECONTOSSE;;althaea officinalis l.;REGISTRADO;105730081;25351.670734/2022-15;ACHÉ LABORATÓRIOS FARMACÊUTICOS S.A - 60.659.463/0029-92;Ativo;07/2034;althaea officinalis;incluido_alias_completo;Ativo;105730081;25351 670734 2022 15;decontosse;ache laboratorios farmaceuticos s a 60 659 463 0029 92;althaea officinalis l;2022;TRUE;1;althaea officinalis;althaea officinalis l.
121;Alteia;REG:118600108;althaea officinalis;extrato da raiz de althaea officinalis;205;althaea_officinalis__extrato_da_raiz_de_althaea_officinalis.xlsx;HERBA-SEK;;extrato da raiz de althaea officinalis;REGISTRADO;118600108;25351.772869/2023-03;HERBARIUM LABORATORIO BOTANICO LTDA - 78.950.011/0001-20;Ativo;02/2036;althaea officinalis;incluido_alias_completo;Ativo;118600108;25351 772869 2023 03;herba sek;herbarium laboratorio botanico ltda 78 950 011 0001 20;extrato da raiz de althaea officinalis;2023;TRUE;1;althaea officinalis;extrato da raiz de althaea officinalis
124;Bálsamo-de-tolu / Bálsamo-do-peru;REG:100020095;Myroxylon balsamum;myroxylon balsamum harms;110;Myroxylon_balsamum__myroxylon_balsamum_harms.xlsx;NECTAR&AGRIÃO;;;REGISTRADO;100020095;25000.008612/93;LABORATORIO SEDABEL LTDA - 29.322.013/0001-69;Inativo;03/2007;myroxylon balsamum;incluido_alias_completo;Inativo;100020095;25000 008612 93;nectar agriao;laboratorio sedabel ltda 29 322 013 0001 69;;;TRUE;1;Myroxylon balsamum;myroxylon balsamum harms
124;Bálsamo-de-tolu / Bálsamo-do-peru;REG:104040132;Myroxylon balsamum;myroxylon balsamum harms;110;Myroxylon_balsamum__myroxylon_balsamum_harms.xlsx;PULMONIX;;;REGISTRADO;104040132;25991.006657/78;LUPER INDÚSTRIA FARMACÊUTICA LTDA - 61.299.111/0001-35;Inativo;06/2008;myroxylon balsamum;incluido_alias_completo;Inativo;104040132;25991 006657 78;pulmonix;luper industria farmaceutica ltda 61 299 111 0001 35;;;TRUE;1;Myroxylon balsamum;myroxylon balsamum harms
124;Bálsamo-de-tolu / Bálsamo-do-peru;REG:104470004;Myroxylon balsamum;myroxylon balsamum harms;110;Myroxylon_balsamum__myroxylon_balsamum_harms.xlsx;EUCAPTUS GLOBULUS COMPOSTO KRIFF;;;REGISTRADO;104470004;25992.012220/60;LABORATÓRIO KRIFF LTDA - 15.101.462/0001-72;Inativo;08/2006;myroxylon balsamum;incluido_alias_completo;Inativo;104470004;25992 012220 60;eucaptus globulus composto kriff;laboratorio kriff ltda 15 101 462 0001 72;;;TRUE;1;Myroxylon balsamum;myroxylon balsamum harms
124;Bálsamo-de-tolu / Bálsamo-do-peru;REG:105190026;Myroxylon balsamum;myroxylon balsamum harms;110;Myroxylon_balsamum__myroxylon_balsamum_harms.xlsx;PEITORAL DE ANGICO;;;REGISTRADO;105190026;25992.026377/50;LABORATORIO ODALY SOARES LTDA - 07.210.347/0001-08;Inativo;09/2007;myroxylon balsamum;incluido_alias_completo;Inativo;105190026;25992 026377 50;peitoral de angico;laboratorio odaly soares ltda 07 210 347 0001 08;;;TRUE;1;Myroxylon balsamum;myroxylon balsamum harms
124;Bálsamo-de-tolu / Bálsamo-do-peru;REG:105340003;Myroxylon balsamum;myroxylon balsamum harms;110;Myroxylon_balsamum__myroxylon_balsamum_harms.xlsx;MELPOEJO;;;REGISTRADO;105340003;25991.023742/75;Laboratório Melpoejo - 21.549.522/0001-17;Inativo;02/2006;myroxylon balsamum;incluido_alias_completo;Inativo;105340003;25991 023742 75;melpoejo;laboratorio melpoejo 21 549 522 0001 17;;;TRUE;1;Myroxylon balsamum;myroxylon balsamum harms
124;Bálsamo-de-tolu / Bálsamo-do-peru;REG:106570009;Myroxylon balsamum;myroxylon balsamum harms;110;Myroxylon_balsamum__myroxylon_balsamum_harms.xlsx;XAROPE PEITORAL BALSÂMICO;;;REGISTRADO;106570009;25351.023888/00-19;KRESS FARMACEUTICA S.A. - 84.712.579/0001-05;Inativo;05/2006;myroxylon balsamum;incluido_alias_completo;Inativo;106570009;25351 023888 00 19;xarope peitoral balsamico;kress farmaceutica s a 84 712 579 0001 05;;;TRUE;1;Myroxylon balsamum;myroxylon balsamum harms
124;Bálsamo-de-tolu / Bálsamo-do-peru;REG:107150079;Myroxylon balsamum;myroxylon balsamum harms;110;Myroxylon_balsamum__myroxylon_balsamum_harms.xlsx;EXPCTOMEL;EXPECTOMEL;;REGISTRADO;107150079;25000.010125/89;CAZI QUIMICA FARMACEUTICA INDUSTRIA E COMERCIO LTDA - 44.010.437/0001-81;Inativo;01/2005;myroxylon balsamum;incluido_alias_completo;Inativo;107150079;25000 010125 89;expctomel;cazi quimica farmaceutica industria e comercio ltda 44 010 437 0001 81;;;TRUE;1;Myroxylon balsamum;myroxylon balsamum harms
124;Bálsamo-de-tolu / Bálsamo-do-peru;REG:111990025;Myroxylon balsamum;myroxylon balsamum harms;110;Myroxylon_balsamum__myroxylon_balsamum_harms.xlsx;MAKROMEL;;;REGISTRADO;111990025;25000.018591/99-51;MAKROFARMA QUIMICA FARMACEUTICA LTDA - 33.223.157/0001-35;Inativo;11/2005;myroxylon balsamum;incluido_alias_completo;Inativo;111990025;25000 018591 99 51;makromel;makrofarma quimica farmaceutica ltda 33 223 157 0001 35;;;TRUE;1;Myroxylon balsamum;myroxylon balsamum harms
124;Bálsamo-de-tolu / Bálsamo-do-peru;REG:154000036;Myroxylon balsamum;myroxylon balsamum (l.) harms;111;Myroxylon_balsamum__myroxylon_balsamum_l._harms.xlsx;GUACOVITA;;nasturtium officinale r.br., mikania glomerata spreng., polygala senega l., myroxylon balsamum (l.) harms, cephaelis ipecacuanha (brot.) a. rich, aconitum napellus l.;REGISTRADO;154000036;25351.011040/2003-89;LABORATÓRIO VITALAB LTDA - 56.646.953/0001-86;Ativo;05/2028;myroxylon balsamum;incluido_alias_completo;Ativo;154000036;25351 011040 2003 89;guacovita;laboratorio vitalab ltda 56 646 953 0001 86;nasturtium officinale r br mikania glomerata spreng polygala senega l myroxylon balsamum l harms cephaelis ipecacuanha brot a rich aconitum napellus l;2003;TRUE;1;Myroxylon balsamum;myroxylon balsamum (l.) harms
126;Beladona;REG:100610008;atropa belladonna;atropa belladonna;223;atropa_belladonna__atropa_belladonna.xlsx;GASTRODORON;;;REGISTRADO;100610008;25992.011520/75;WELEDA DO BRASIL LABORATÓRIO E FARMÁCIA LTDA - 56.992.217/0001-80;Inativo;08/2010;atropa belladonna;incluido_alias_completo;Inativo;100610008;25992 011520 75;gastrodoron;weleda do brasil laboratorio e farmacia ltda 56 992 217 0001 80;;;TRUE;1;atropa belladonna;atropa belladonna
126;Beladona;REG:100610054;atropa belladonna;atropa belladonna;223;atropa_belladonna__atropa_belladonna.xlsx;PERTUDORON;;;REGISTRADO;100610054;25992.015875/75;WELEDA DO BRASIL LABORATÓRIO E FARMÁCIA LTDA - 56.992.217/0001-80;Inativo;11/2001;atropa belladonna;incluido_alias_completo;Inativo;100610054;25992 015875 75;pertudoron;weleda do brasil laboratorio e farmacia ltda 56 992 217 0001 80;;;TRUE;1;atropa belladonna;atropa belladonna
126;Beladona;REG:100610055;atropa belladonna;atropa belladonna;223;atropa_belladonna__atropa_belladonna.xlsx;SINUDORON;;argentum nitricum, berberis vulgaris, atropa belladonna, hydrastis canadensis, silicea;REGISTRADO;100610055;25351.016952/00-04;WELEDA DO BRASIL LABORATÓRIO E FARMÁCIA LTDA - 56.992.217/0001-80;Ativo;07/2026;atropa belladonna;incluido_alias_completo;Ativo;100610055;25351 016952 00 04;sinudoron;weleda do brasil laboratorio e farmacia ltda 56 992 217 0001 80;argentum nitricum berberis vulgaris atropa belladonna hydrastis canadensis silicea;;TRUE;1;atropa belladonna;atropa belladonna
126;Beladona;REG:100610084;atropa belladonna;atropa belladonna;223;atropa_belladonna__atropa_belladonna.xlsx;ERYSIDORON-1;;apis mellifica, atropa belladonna;REGISTRADO;100610084;25992.010714/75;WELEDA DO BRASIL LABORATÓRIO E FARMÁCIA LTDA - 56.992.217/0001-80;Ativo;08/2035;atropa belladonna;incluido_alias_completo;Ativo;100610084;25992 010714 75;erysidoron 1;weleda do brasil laboratorio e farmacia ltda 56 992 217 0001 80;apis mellifica atropa belladonna;;TRUE;1;atropa belladonna;atropa belladonna
126;Beladona;REG:100930273;beladona;extrato fluido de beladona;228;beladona__extrato_fluido_de_beladona.xlsx;CALMINEX H;;;REGISTRADO;100930273;25000.002747/90;MANTECORP INDÚSTRIA QUÍMICA E FARMACÊUTICA S.A. - 33.060.740/0001-72;Inativo;09/2015;beladona;incluido_alias_completo;Inativo;100930273;25000 002747 90;calminex h;mantecorp industria quimica e farmaceutica s a 33 060 740 0001 72;;;TRUE;2;beladona;extrato fluido de beladona | tintura de atropa beladona
126;Beladona;REG:101290001;atropa belladonna;atropa belladonna;223;atropa_belladonna__atropa_belladonna.xlsx;REGULADOR XAVIER N. 2;;;REGISTRADO;101290001;25992.001070/31;LABORATÓRIO HEPACHOLAN SA - 60.398.120/0001-10;Inativo;10/2014;atropa belladonna;incluido_alias_completo;Inativo;101290001;25992 001070 31;regulador xavier n 2;laboratorio hepacholan sa 60 398 120 0001 10;;;TRUE;1;atropa belladonna;atropa belladonna
126;Beladona;REG:101290004;beladona;tintura de atropa beladona;230;beladona__tintura_de_atropa_beladona.xlsx;REGULADOR XAVIER  N°1;REGULADOR XAVIER Nº 1;;REGISTRADO;101290004;25992.001265/30;LABORATÓRIO HEPACHOLAN SA - 60.398.120/0001-10;Inativo;08/2020;beladona;incluido_alias_completo;Inativo;101290004;25992 001265 30;regulador xavier n 1;laboratorio hepacholan sa 60 398 120 0001 10;;;TRUE;1;beladona;tintura de atropa beladona
126;Beladona;REG:102350283;beladona;beladona pó;227;beladona__beladona_pó.xlsx;CYSTEX;;cloridrato de acriflavina, metenamina, cloreto de metiltionínio, beladona pó;REGISTRADO;102350283;25001.013491/83;EMS S/A - 57.507.378/0003-65;Ativo;05/2029;beladona;incluido_alias_completo;Ativo;102350283;25001 013491 83;cystex;ems s a 57 507 378 0003 65;cloridrato de acriflavina metenamina cloreto de metiltioninio beladona po;;TRUE;1;beladona;beladona pó
126;Beladona;REG:102350284;beladona;extrato mole de atropa beladona;229;beladona__extrato_mole_de_atropa_beladona.xlsx;GASTROBIL;;;REGISTRADO;102350284;25001.001449/82;EMS S/A - 57.507.378/0003-65;Inativo;03/1999;beladona;incluido_alias_completo;Inativo;102350284;25001 001449 82;gastrobil;ems s a 57 507 378 0003 65;;;TRUE;1;beladona;extrato mole de atropa beladona
126;Beladona;REG:102470042;atropa belladonna;atropa belladonna;223;atropa_belladonna__atropa_belladonna.xlsx;SORBILINA;;;REGISTRADO;102470042;25992.011507/76;HOMEOPATIA WALDEMIRO PEREIRA LABORATORIO INDUSTRIAL FARMACEUTICO LTDA - 76.440.528/0001-43;Inativo;01/1997;atropa belladonna;incluido_alias_completo;Inativo;102470042;25992 011507 76;sorbilina;homeopatia waldemiro pereira laboratorio industrial farmaceutico ltda 76 440 528 0001 43;;;TRUE;1;atropa belladonna;atropa belladonna
126;Beladona;REG:102470062;atropa belladonna;atropa belladonna;223;atropa_belladonna__atropa_belladonna.xlsx;AMIDALON;;;REGISTRADO;102470062;25992.011505/76;HOMEOPATIA WALDEMIRO PEREIRA LABORATORIO INDUSTRIAL FARMACEUTICO LTDA - 76.440.528/0001-43;Inativo;12/2001;atropa belladonna;incluido_alias_completo;Inativo;102470062;25992 011505 76;amidalon;homeopatia waldemiro pereira laboratorio industrial farmaceutico ltda 76 440 528 0001 43;;;TRUE;1;atropa belladonna;atropa belladonna
126;Beladona;REG:102660078;beladona;beladona;226;beladona__beladona.xlsx;COMPLEXO HOMEOPÁTICO ACONITUM ALMEIDA PRADO 2;;;REGISTRADO;102660078;25992.017365/70;FARMÁCIA E LABORATÓRIO HOMEOPÁTICO ALMEIDA PRADO LTDA - 60.862.208/0001-41;Inativo;02/2011;beladona;incluido_alias_completo;Inativo;102660078;25992 017365 70;complexo homeopatico aconitum almeida prado 2;farmacia e laboratorio homeopatico almeida prado ltda 60 862 208 0001 41;;;TRUE;1;beladona;beladona
126;Beladona;REG:102660086;atropa belladonna;atropa belladonna;223;atropa_belladonna__atropa_belladonna.xlsx;COMPLEXO HOMEOPÁTICO BELLADONNA ALMEIDA PRADO 42;COMPLEXO HOMEOPATICO BELLADONNA ALMEIDA PRADO 42;;REGISTRADO;102660086;25992.017400/70;FARMÁCIA E LABORATÓRIO HOMEOPÁTICO ALMEIDA PRADO LTDA - 60.862.208/0001-41;Inativo;03/2011;atropa belladonna;incluido_alias_completo;Inativo;102660086;25992 017400 70;complexo homeopatico belladonna almeida prado 42;farmacia e laboratorio homeopatico almeida prado ltda 60 862 208 0001 41;;;TRUE;1;atropa belladonna;atropa belladonna
126;Beladona;REG:102660167;atropa belladonna;atropa belladonna;223;atropa_belladonna__atropa_belladonna.xlsx;HOMEOFLAN;;;REGISTRADO;102660167;25351.540873/2008-67;FARMÁCIA E LABORATÓRIO HOMEOPÁTICO ALMEIDA PRADO LTDA - 60.862.208/0001-41;Inativo;12/2028;atropa belladonna;incluido_alias_completo;Inativo;102660167;25351 540873 2008 67;homeoflan;farmacia e laboratorio homeopatico almeida prado ltda 60 862 208 0001 41;;2008;TRUE;1;atropa belladonna;atropa belladonna
126;Beladona;REG:102730038;beladona;tintura de atropa beladona;230;beladona__tintura_de_atropa_beladona.xlsx;MULUNGU BROMETADO;;;REGISTRADO;102730038;25992.001078/18;DINIZ & BRANDÃO LTDA INDÚSTRIA E COMÉRCIO - 10.419.935/0001-60;Inativo;10/2004;beladona;incluido_alias_completo;Inativo;102730038;25992 001078 18;mulungu brometado;diniz brandao ltda industria e comercio 10 419 935 0001 60;;;TRUE;1;beladona;tintura de atropa beladona
126;Beladona;REG:102940130;beladona;tintura de atropa beladona;230;beladona__tintura_de_atropa_beladona.xlsx;DUCTOVERAN;;;REGISTRADO;102940130;25000.007365/90-52;NEOLATINA COMÉRCIO E INDÚSTRIA FARMACEUTICA S.A - 61.541.132/0001-15;Inativo;12/2007;beladona;incluido_alias_completo;Inativo;102940130;25000 007365 90 52;ductoveran;neolatina comercio e industria farmaceutica s a 61 541 132 0001 15;;;TRUE;1;beladona;tintura de atropa beladona
126;Beladona;REG:103900191;atropa belladonna;atropa belladonna;223;atropa_belladonna__atropa_belladonna.xlsx;MOTIX;;;REGISTRADO;103900191;25351.422047/2015-66;FARMOQUÍMICA S/A - 33.349.473/0001-58;Inativo;12/2026;atropa belladonna;incluido_alias_completo;Inativo;103900191;25351 422047 2015 66;motix;farmoquimica s a 33 349 473 0001 58;;2015;TRUE;1;atropa belladonna;atropa belladonna
126;Beladona;REG:103900228;atropa belladonna;atropa belladonna;223;atropa_belladonna__atropa_belladonna.xlsx;MOTIX;;arnica montana, arnica montana l., calendula officinalis l., hamamelis virginiana l., echinacea angustifolia, echinacea angustifolia dc., echinacea purpurea (l.) moench, matricaria chamomilla , matricaria chamomilla l., bellis perennis, symphytum officinale, hypericum perforatum, achillea millefolium l., aconitum napellus, atropa belladonna, mercurius solubilis, hepar sulfuris, hepar sulphur;REGISTRADO;103900228;25351.203839/2024-24;FARMOQUÍMICA S/A - 33.349.473/0001-58;Ativo;06/2034;atropa belladonna;incluido_alias_completo;Ativo;103900228;25351 203839 2024 24;motix;farmoquimica s a 33 349 473 0001 58;arnica montana arnica montana l calendula officinalis l hamamelis virginiana l echinacea angustifolia echinacea angustifolia dc echinacea purpurea l moench matricaria chamomilla matricaria chamomilla l bellis perennis symphytum officinale hypericum perforatum achillea millefolium l aconitum napellus atropa belladonna mercurius solubilis hepar sulfuris hepar sulphur;2024;TRUE;1;atropa belladonna;atropa belladonna
126;Beladona;REG:103940475;atropa belladonna;atropa belladonna;223;atropa_belladonna__atropa_belladonna.xlsx;SOLVOBIL;;;REGISTRADO;103940475;25991.001135/79;LABORATÓRIO AMERICANO DE FARMACOTERAPIA S/A - 61.150.819/0001-20;Inativo;10/2004;atropa belladonna;incluido_alias_completo;Inativo;103940475;25991 001135 79;solvobil;laboratorio americano de farmacoterapia s a 61 150 819 0001 20;;;TRUE;1;atropa belladonna;atropa belladonna
126;Beladona;REG:104040159;atropa belladonna;atropa belladonna;223;atropa_belladonna__atropa_belladonna.xlsx;ATROCALMAN;;;REGISTRADO;104040159;25001.007924/54;LUPER INDÚSTRIA FARMACÊUTICA LTDA - 61.299.111/0001-35;Inativo;12/2004;atropa belladonna;incluido_alias_completo;Inativo;104040159;25001 007924 54;atrocalman;luper industria farmaceutica ltda 61 299 111 0001 35;;;TRUE;1;atropa belladonna;atropa belladonna
126;Beladona;REG:104400014;atropa belladonna;atropa belladonna;223;atropa_belladonna__atropa_belladonna.xlsx;BRONCOL;;;REGISTRADO;104400014;25992.007509/73;CELLERA FARMACÊUTICA S.A. - 33.173.097/0002-74;Inativo;03/2004;atropa belladonna;incluido_alias_completo;Inativo;104400014;25992 007509 73;broncol;cellera farmaceutica s a 33 173 097 0002 74;;;TRUE;1;atropa belladonna;atropa belladonna
126;Beladona;REG:104440092;atropa belladonna;atropa belladonna;223;atropa_belladonna__atropa_belladonna.xlsx;ATRONAX;;;REGISTRADO;104440092;25001.014395/85;LABORATÓRIO GROSS S. A. - 33.145.194/0001-72;Inativo;05/2006;atropa belladonna;incluido_alias_completo;Inativo;104440092;25001 014395 85;atronax;laboratorio gross s a 33 145 194 0001 72;;;TRUE;1;atropa belladonna;atropa belladonna
126;Beladona;REG:104470004;atropa belladonna;atropa belladonna;223;atropa_belladonna__atropa_belladonna.xlsx;EUCAPTUS GLOBULUS COMPOSTO KRIFF;;;REGISTRADO;104470004;25992.012220/60;LABORATÓRIO KRIFF LTDA - 15.101.462/0001-72;Inativo;08/2006;atropa belladonna;incluido_alias_completo;Inativo;104470004;25992 012220 60;eucaptus globulus composto kriff;laboratorio kriff ltda 15 101 462 0001 72;;;TRUE;1;atropa belladonna;atropa belladonna
126;Beladona;REG:104670292;atropa belladonna;atropa belladonna;223;atropa_belladonna__atropa_belladonna.xlsx;AMYGDALINA DR.ALBERTO SEABRA;;;REGISTRADO;104670292;25992.004226/75;LABORATORIO FARMAERVAS LTDA - 60.565.520/0001-73;Inativo;05/2005;atropa belladonna;incluido_alias_completo;Inativo;104670292;25992 004226 75;amygdalina dr alberto seabra;laboratorio farmaervas ltda 60 565 520 0001 73;;;TRUE;1;atropa belladonna;atropa belladonna
126;Beladona;REG:104730022;atropa belladonna;atropa belladonna;223;atropa_belladonna__atropa_belladonna.xlsx;SOLUÇÃO DE BARYTA COMPOSTA KLEIN;;;REGISTRADO;104730022;25992.006894/72;VIDORA FARMACÊUTICA LTDA - 92.762.277/0001-70;Inativo;06/2026;atropa belladonna;incluido_alias_completo;Inativo;104730022;25992 006894 72;solucao de baryta composta klein;vidora farmaceutica ltda 92 762 277 0001 70;;;TRUE;1;atropa belladonna;atropa belladonna
126;Beladona;REG:104730023;atropa belladonna;atropa belladonna;223;atropa_belladonna__atropa_belladonna.xlsx;SOLUÇÃO DE ACÔNITO COMPOSTO KLEIN;;;REGISTRADO;104730023;25001.006893/72;VIDORA FARMACÊUTICA LTDA - 92.762.277/0001-70;Inativo;06/2027;atropa belladonna;incluido_alias_completo;Inativo;104730023;25001 006893 72;solucao de aconito composto klein;vidora farmaceutica ltda 92 762 277 0001 70;;;TRUE;1;atropa belladonna;atropa belladonna
126;Beladona;REG:104970093;beladona;extrato mole de atropa beladona;229;beladona__extrato_mole_de_atropa_beladona.xlsx;CYNAROBIL;;;REGISTRADO;104970093;25992.009266/39;UNIÃO QUÍMICA FARMACÊUTICA NACIONAL S/A - 60.665.981/0001-18;Inativo;07/2005;beladona;incluido_alias_completo;Inativo;104970093;25992 009266 39;cynarobil;uniao quimica farmaceutica nacional s a 60 665 981 0001 18;;;TRUE;1;beladona;extrato mole de atropa beladona
126;Beladona;REG:104970137;beladona;tintura de atropa beladona;230;beladona__tintura_de_atropa_beladona.xlsx;XAROPE  SAO JOAO;XAROPE SÃO JOÃO;;REGISTRADO;104970137;25991.003192/78;UNIÃO QUÍMICA FARMACÊUTICA NACIONAL S/A - 60.665.981/0001-18;Inativo;07/2014;beladona;incluido_alias_completo;Inativo;104970137;25991 003192 78;xarope sao joao;uniao quimica farmaceutica nacional s a 60 665 981 0001 18;;;TRUE;1;beladona;tintura de atropa beladona
126;Beladona;REG:105040010;atropa belladonna;atropa belladonna l.;224;atropa_belladonna__atropa_belladonna_l.xlsx;PÍLULAS DE ERVA DE BICHO COMPOSTAS IMESCARD;;aloe ferox mill., cephaelis ipecacuanha (brot.) a. rich, atropa belladonna l., persicaria hydropiper (l.) delarbre;REGISTRADO;105040010;25992.000370/25;LABORATÓRIOS OSÓRIO DE MORAES LTDA - 19.791.813/0001-75;Ativo;01/2030;atropa belladonna;incluido_alias_completo;Ativo;105040010;25992 000370 25;pilulas de erva de bicho compostas imescard;laboratorios osorio de moraes ltda 19 791 813 0001 75;aloe ferox mill cephaelis ipecacuanha brot a rich atropa belladonna l persicaria hydropiper l delarbre;;TRUE;1;atropa belladonna;atropa belladonna l.
126;Beladona;REG:105040012;atropa belladonna;atropa belladonna;223;atropa_belladonna__atropa_belladonna.xlsx;PILULAS DE LUSSEN;;aloína, cloreto de metiltionínio, teobromina, atropa belladonna, costus spicatus;REGISTRADO;105040012;25992.003712/50;LABORATÓRIOS OSÓRIO DE MORAES LTDA - 19.791.813/0001-75;Ativo;10/2029;atropa belladonna;incluido_alias_completo;Ativo;105040012;25992 003712 50;pilulas de lussen;laboratorios osorio de moraes ltda 19 791 813 0001 75;aloina cloreto de metiltioninio teobromina atropa belladonna costus spicatus;;TRUE;1;atropa belladonna;atropa belladonna
126;Beladona;REG:105070029;atropa belladonna;atropa belladonna;223;atropa_belladonna__atropa_belladonna.xlsx;BECOLINA;;;REGISTRADO;105070029;25992.000461/39;LABORATORIO KRAEMER LTDA - 92.695.816/0001-03;Inativo;10/2004;atropa belladonna;incluido_alias_completo;Inativo;105070029;25992 000461 39;becolina;laboratorio kraemer ltda 92 695 816 0001 03;;;TRUE;1;atropa belladonna;atropa belladonna
126;Beladona;REG:105500164;beladona;extrato mole de atropa beladona;229;beladona__extrato_mole_de_atropa_beladona.xlsx;HEMOFLEB;;;REGISTRADO;105500164;25351.202180/2002-83;UCI - FARMA INDÚSTRIA FARMACÊUTICA LTDA - 48.396.378/0001-82;Inativo;05/2013;beladona;incluido_alias_completo;Inativo;105500164;25351 202180 2002 83;hemofleb;uci farma industria farmaceutica ltda 48 396 378 0001 82;;2002;TRUE;1;beladona;extrato mole de atropa beladona
126;Beladona;REG:105710099;beladona;extrato fluido de beladona;228;beladona__extrato_fluido_de_beladona.xlsx;GELMINEX;;;REGISTRADO;105710099;25000.014161/99-61;BELFAR LTDA - 18.324.343/0001-77;Inativo;09/2029;beladona;incluido_alias_completo;Inativo;105710099;25000 014161 99 61;gelminex;belfar ltda 18 324 343 0001 77;;;TRUE;1;beladona;extrato fluido de beladona
126;Beladona;REG:105710112;beladona;beladona pó;227;beladona__beladona_pó.xlsx;BISMUFAR;;;REGISTRADO;105710112;25000.032419/96-77;BELFAR LTDA - 18.324.343/0001-77;Inativo;02/2002;beladona;incluido_alias_completo;Inativo;105710112;25000 032419 96 77;bismufar;belfar ltda 18 324 343 0001 77;;;TRUE;1;beladona;beladona pó
126;Beladona;REG:105830531;beladona;beladona pó;227;beladona__beladona_pó.xlsx;ACRIDIN;;;REGISTRADO;105830531;25991.004153/80;GERMED FARMACEUTICA LTDA - 45.992.062/0001-65;Inativo;05/2000;beladona;incluido_alias_completo;Inativo;105830531;25991 004153 80;acridin;germed farmaceutica ltda 45 992 062 0001 65;;;TRUE;1;beladona;beladona pó
126;Beladona;REG:105890015;atropa belladonna;atropa belladonna;223;atropa_belladonna__atropa_belladonna.xlsx;PASSIFLORA DA ÍNDIA;;;REGISTRADO;105890015;25001.007127/86;LABORATÓRIO FARMACÊUTICO FLORA DA ÍNDIA LTDA. - 87.104.170/0001-02;Inativo;04/2008;atropa belladonna;incluido_alias_completo;Inativo;105890015;25001 007127 86;passiflora da india;laboratorio farmaceutico flora da india ltda 87 104 170 0001 02;;;TRUE;1;atropa belladonna;atropa belladonna
126;Beladona;REG:108170058;beladona;tintura de atropa beladona;230;beladona__tintura_de_atropa_beladona.xlsx;BENZOMEL PEDIATRICO;BENZONEL PEDIATRICO;;REGISTRADO;108170058;25000.021571/99-12;CASA GRANADO LABORATÓRIOS, FARMÁCIAS E DROGARIAS S/A - 33.109.356/0001-17;Inativo;01/2005;beladona;incluido_alias_completo;Inativo;108170058;25000 021571 99 12;benzomel pediatrico;casa granado laboratorios farmacias e drogarias s a 33 109 356 0001 17;;;TRUE;1;beladona;tintura de atropa beladona
126;Beladona;REG:109630059;atropa belladonna;atropa belladonna l.;224;atropa_belladonna__atropa_belladonna_l.xlsx;THEOGÓRICO SOBRAL;;atropa belladonna l.;REGISTRADO;109630059;25351.425519/2008-11;THEODORO F SOBRAL & CIA LTDA - 06.597.801/0001-62;Ativo;12/2028;atropa belladonna;incluido_alias_completo;Ativo;109630059;25351 425519 2008 11;theogorico sobral;theodoro f sobral cia ltda 06 597 801 0001 62;atropa belladonna l;2008;TRUE;1;atropa belladonna;atropa belladonna l.
126;Beladona;REG:117240006;beladona;tintura de atropa beladona;230;beladona__tintura_de_atropa_beladona.xlsx;REGULADOR XAVIER  N°1;REGULADOR XAVIER Nº 1;;REGISTRADO;117240006;25351.659607/2015-15;OPHTHALMOS LTDA - 61.129.409/0001-05;Inativo;08/2025;beladona;incluido_alias_completo;Inativo;117240006;25351 659607 2015 15;regulador xavier n 1;ophthalmos ltda 61 129 409 0001 05;;2015;TRUE;1;beladona;tintura de atropa beladona
126;Beladona;REG:117240007;atropa belladonna;atropa belladonna;223;atropa_belladonna__atropa_belladonna.xlsx;REGULADOR XAVIER N. 2;;;REGISTRADO;117240007;25351.659622/2015-13;OPHTHALMOS LTDA - 61.129.409/0001-05;Inativo;08/2025;atropa belladonna;incluido_alias_completo;Inativo;117240007;25351 659622 2015 13;regulador xavier n 2;ophthalmos ltda 61 129 409 0001 05;;2015;TRUE;1;atropa belladonna;atropa belladonna
126;Beladona;REG:120600025;atropa belladonna;atropa belladonna l.;224;atropa_belladonna__atropa_belladonna_l.xlsx;Colegórico;;;REGISTRADO;120600025;25351.013124/2005-19;LAPON INDUSTRIA FARMACEUTICA LTDA - EPP - 35.356.799/0001-38;Inativo;09/2025;atropa belladonna;incluido_alias_completo;Inativo;120600025;25351 013124 2005 19;colegorico;lapon industria farmaceutica ltda epp 35 356 799 0001 38;;2005;TRUE;1;atropa belladonna;atropa belladonna l.
126;Beladona;REG:122830096;beladona;extrato mole de atropa beladona;229;beladona__extrato_mole_de_atropa_beladona.xlsx;HEMOVIRTUS;;;REGISTRADO;122830096;25992.006395/78;DM INDÚSTRIA FARMACÊUTICA LTDA - 67.866.665/0002-34;Inativo;07/2010;beladona;incluido_alias_completo;Inativo;122830096;25992 006395 78;hemovirtus;dm industria farmaceutica ltda 67 866 665 0002 34;;;TRUE;1;beladona;extrato mole de atropa beladona
126;Beladona;REG:122830098;beladona;extrato fluido de beladona;228;beladona__extrato_fluido_de_beladona.xlsx;ATROVERAN COMPOSTO;ATROVERAM COMPOSTO;;REGISTRADO;122830098;25001.001158/31;DM INDÚSTRIA FARMACÊUTICA LTDA - 67.866.665/0002-34;Inativo;04/2013;beladona;incluido_alias_completo;Inativo;122830098;25001 001158 31;atroveran composto;dm industria farmaceutica ltda 67 866 665 0002 34;;;TRUE;1;beladona;extrato fluido de beladona
126;Beladona;REG:128420008;atropa belladonna;atropa belladonna;223;atropa_belladonna__atropa_belladonna.xlsx;TRAUMEEL S;;;REGISTRADO;128420008;25000.007786/96-04;PROBIOS COMÉRCIO IMPORTAÇÃO E EXPORTAÇÃO LTDA - 74.455.197/0001-90;Inativo;12/2006;atropa belladonna;incluido_alias_completo;Inativo;128420008;25000 007786 96 04;traumeel s;probios comercio importacao e exportacao ltda 74 455 197 0001 90;;;TRUE;1;atropa belladonna;atropa belladonna
126;Beladona;REG:128420013;atropa belladonna;atropa belladonna;223;atropa_belladonna__atropa_belladonna.xlsx;BRONCHALIS - HEEL;BRONCHALIS-HEEL;;REGISTRADO;128420013;25000.018612/98-49;PROBIOS COMÉRCIO IMPORTAÇÃO E EXPORTAÇÃO LTDA - 74.455.197/0001-90;Inativo;04/2007;atropa belladonna;incluido_alias_completo;Inativo;128420013;25000 018612 98 49;bronchalis heel;probios comercio importacao e exportacao ltda 74 455 197 0001 90;;;TRUE;1;atropa belladonna;atropa belladonna
126;Beladona;REG:128420032;atropa belladonna;atropa belladonna;223;atropa_belladonna__atropa_belladonna.xlsx;MUCOSA COMPOSITUM;;;REGISTRADO;128420032;25000.005293/98-20;PROBIOS COMÉRCIO IMPORTAÇÃO E EXPORTAÇÃO LTDA - 74.455.197/0001-90;Inativo;09/2007;atropa belladonna;incluido_alias_completo;Inativo;128420032;25000 005293 98 20;mucosa compositum;probios comercio importacao e exportacao ltda 74 455 197 0001 90;;;TRUE;1;atropa belladonna;atropa belladonna
126;Beladona;REG:128420041;atropa belladonna;atropa belladonna;223;atropa_belladonna__atropa_belladonna.xlsx;TARTEPHEDREEL;TARTEPHEDREEL N;;REGISTRADO;128420041;25000.005311/98-18;PROBIOS COMÉRCIO IMPORTAÇÃO E EXPORTAÇÃO LTDA - 74.455.197/0001-90;Inativo;12/2007;atropa belladonna;incluido_alias_completo;Inativo;128420041;25000 005311 98 18;tartephedreel;probios comercio importacao e exportacao ltda 74 455 197 0001 90;;;TRUE;1;atropa belladonna;atropa belladonna
126;Beladona;REG:135310032;atropa belladonna;atropa belladonna l.;224;atropa_belladonna__atropa_belladonna_l.xlsx;ELIXIR CÓLICO;;atropa belladonna l.;REGISTRADO;135310032;25351.071510/2012-30;IFAL INDUSTRIA E COMERCIO DE PRODUTOS FARMAC LTDA - 00.376.959/0001-26;Ativo;08/2028;atropa belladonna;incluido_alias_completo;Ativo;135310032;25351 071510 2012 30;elixir colico;ifal industria e comercio de produtos farmac ltda 00 376 959 0001 26;atropa belladonna l;2012;TRUE;1;atropa belladonna;atropa belladonna l.
126;Beladona;REG:136390035;atropa belladonna;atropa belladonna;223;atropa_belladonna__atropa_belladonna.xlsx;NATUGÓRICO;;;REGISTRADO;136390035;25351.329542/2007-97;PRONATUS DO AMAZ.IND. COM. PROD. FARM. COSM. LTDA - 14.186.324/0001-70;Inativo;04/2013;atropa belladonna;incluido_alias_completo;Inativo;136390035;25351 329542 2007 97;natugorico;pronatus do amaz ind com prod farm cosm ltda 14 186 324 0001 70;;2007;TRUE;1;atropa belladonna;atropa belladonna
126;Beladona;REG:161980007;atropa belladonna;atropa belladonna;223;atropa_belladonna__atropa_belladonna.xlsx;TRAUMEEL S;;arnica montana, arnica montana l., calendula officinalis l., hamamelis virginiana l., echinacea angustifolia dc., echinacea purpurea, echinacea purpurea (l.) moench, matricaria chamomilla , matricaria chamomilla l., bellis perennis, symphytum officinale, hypericum perforatum, achillea millefolium l., aconitum napellus, atropa belladonna, mercurius solubilis, hepar sulfuris, hepar sulphur;REGISTRADO;161980007;25351.280113/2005-42;HEEL DO BRASIL BIOMÉDICA LTDA - 05.994.539/0001-27;Ativo;09/2028;atropa belladonna;incluido_alias_completo;Ativo;161980007;25351 280113 2005 42;traumeel s;heel do brasil biomedica ltda 05 994 539 0001 27;arnica montana arnica montana l calendula officinalis l hamamelis virginiana l echinacea angustifolia dc echinacea purpurea echinacea purpurea l moench matricaria chamomilla matricaria chamomilla l bellis perennis symphytum officinale hypericum perforatum achillea millefolium l aconitum napellus atropa belladonna mercurius solubilis hepar sulfuris hepar sulphur;2005;TRUE;1;atropa belladonna;atropa belladonna
126;Beladona;REG:161980013;atropa belladonna;atropa belladonna;223;atropa_belladonna__atropa_belladonna.xlsx;Husteel;;;REGISTRADO;161980013;25351.343464/2005-71;HEEL DO BRASIL BIOMÉDICA LTDA - 05.994.539/0001-27;Inativo;02/2020;atropa belladonna;incluido_alias_completo;Inativo;161980013;25351 343464 2005 71;husteel;heel do brasil biomedica ltda 05 994 539 0001 27;;2005;TRUE;1;atropa belladonna;atropa belladonna
126;Beladona;REG:161980016;atropa belladonna;atropa belladonna;223;atropa_belladonna__atropa_belladonna.xlsx;ANGIN HEEL SD;;;REGISTRADO;161980016;25351.373806/2010-22;HEEL DO BRASIL BIOMÉDICA LTDA - 05.994.539/0001-27;Inativo;02/2032;atropa belladonna;incluido_alias_completo;Inativo;161980016;25351 373806 2010 22;angin heel sd;heel do brasil biomedica ltda 05 994 539 0001 27;;2010;TRUE;1;atropa belladonna;atropa belladonna
126;Beladona;REG:169160002;atropa belladonna;atropa belladonna;223;atropa_belladonna__atropa_belladonna.xlsx;SÉDATIF PC;;aconitum, aconitum napellus, atropa belladonna, calendula officinalis l., chelidonium majus, abrus precatorius, viburnum opulus;REGISTRADO;169160002;25351.318448/2007-11;BOIRON MEDICAMENTOS HOMEOPÁTICOS LTDA - 07.498.711/0001-87;Ativo;03/2029;atropa belladonna;incluido_alias_completo;Ativo;169160002;25351 318448 2007 11;sedatif pc;boiron medicamentos homeopaticos ltda 07 498 711 0001 87;aconitum aconitum napellus atropa belladonna calendula officinalis l chelidonium majus abrus precatorius viburnum opulus;2007;TRUE;1;atropa belladonna;atropa belladonna
126;Beladona;REG:169160003;atropa belladonna;atropa belladonna;223;atropa_belladonna__atropa_belladonna.xlsx;STODAL;;drosera rotundifolia, arnica montana, atropa belladonna, cina, corallium rubrum, cuprum metallicum, ferrum phosphoricum, ipecacuanha, solidago virgaurea, coccus cacti;REGISTRADO;169160003;25351.500010/2009-50;BOIRON MEDICAMENTOS HOMEOPÁTICOS LTDA - 07.498.711/0001-87;Ativo;08/2035;atropa belladonna;incluido_alias_completo;Ativo;169160003;25351 500010 2009 50;stodal;boiron medicamentos homeopaticos ltda 07 498 711 0001 87;drosera rotundifolia arnica montana atropa belladonna cina corallium rubrum cuprum metallicum ferrum phosphoricum ipecacuanha solidago virgaurea coccus cacti;2009;TRUE;1;atropa belladonna;atropa belladonna
126;Beladona;REG:169160004;atropa belladonna;atropa belladonna;223;atropa_belladonna__atropa_belladonna.xlsx;CORYZALIA;;;REGISTRADO;169160004;25351.005055/2011-07;BOIRON MEDICAMENTOS HOMEOPÁTICOS LTDA - 07.498.711/0001-87;Inativo;02/2020;atropa belladonna;incluido_alias_completo;Inativo;169160004;25351 005055 2011 07;coryzalia;boiron medicamentos homeopaticos ltda 07 498 711 0001 87;;2011;TRUE;1;atropa belladonna;atropa belladonna
126;Beladona;REG:172870029;beladona;extrato mole de atropa beladona;229;beladona__extrato_mole_de_atropa_beladona.xlsx;HEMOVIRTUS;;;REGISTRADO;172870029;25351.137719/2008-10;Hypera S.A. - 02.932.074/0001-91;Inativo;07/2010;beladona;incluido_alias_completo;Inativo;172870029;25351 137719 2008 10;hemovirtus;hypera s a 02 932 074 0001 91;;2008;TRUE;1;beladona;extrato mole de atropa beladona
126;Beladona;REG:172870035;atropa belladonna;atropa belladonna;223;atropa_belladonna__atropa_belladonna.xlsx;ATROVERAN COMPOSTO;;;REGISTRADO;172870035;25351.141556/2008-61;Hypera S.A. - 02.932.074/0001-91;Inativo;04/2013;atropa belladonna;incluido_alias_completo;Inativo;172870035;25351 141556 2008 61;atroveran composto;hypera s a 02 932 074 0001 91;;2008;TRUE;1;atropa belladonna;atropa belladonna
126;Beladona;REG:172870530;beladona;extrato fluido de beladona;228;beladona__extrato_fluido_de_beladona.xlsx;CALMINEX H E CALMINEX ATLETA;CALMINEX H, CALMINEX ATLETA, calminex atleta;;REGISTRADO;172870530;25351.286507/2012-63;Hypera S.A. - 02.932.074/0001-91;Inativo;09/2015;beladona;incluido_alias_completo;Inativo;172870530;25351 286507 2012 63;calminex h e calminex atleta;hypera s a 02 932 074 0001 91;;2012;TRUE;2;beladona;extrato fluido de beladona | tintura de atropa beladona
126;Beladona;REG:178170005;beladona;extrato mole de atropa beladona;229;beladona__extrato_mole_de_atropa_beladona.xlsx;HEMOVIRTUS;;;REGISTRADO;178170005;25351.636487/2009-61;COSMED INDUSTRIA DE COSMETICOS E MEDICAMENTOS S.A. - 61.082.426/0002-07;Inativo;07/2015;beladona;incluido_alias_completo;Inativo;178170005;25351 636487 2009 61;hemovirtus;cosmed industria de cosmeticos e medicamentos s a 61 082 426 0002 07;;2009;TRUE;1;beladona;extrato mole de atropa beladona
126;Beladona;REG:178170042;atropa belladonna;atropa belladonna;223;atropa_belladonna__atropa_belladonna.xlsx;ATROVERAN COMPOSTO;;;REGISTRADO;178170042;25351.645951/2009-86;COSMED INDUSTRIA DE COSMETICOS E MEDICAMENTOS S.A. - 61.082.426/0002-07;Inativo;09/2028;atropa belladonna;incluido_alias_completo;Inativo;178170042;25351 645951 2009 86;atroveran composto;cosmed industria de cosmeticos e medicamentos s a 61 082 426 0002 07;;2009;TRUE;1;atropa belladonna;atropa belladonna
126;Beladona;REG:178170784;beladona;extrato fluido de beladona;228;beladona__extrato_fluido_de_beladona.xlsx;CALMINEX H E CALMINEX ATLETA;CALMINEX H, CALMINEX ATLETA, calminex atleta;;REGISTRADO;178170784;25351.268889/2015-73;COSMED INDUSTRIA DE COSMETICOS E MEDICAMENTOS S.A. - 61.082.426/0002-07;Inativo;09/2025;beladona;incluido_alias_completo;Inativo;178170784;25351 268889 2015 73;calminex h e calminex atleta;cosmed industria de cosmeticos e medicamentos s a 61 082 426 0002 07;;2015;TRUE;2;beladona;extrato fluido de beladona | tintura de atropa beladona
127;Benjoim;REG:100470111;benjoim;tintura de benjoim;232;benjoim__tintura_de_benjoim.xlsx;MICOZ;;;REGISTRADO;100470111;25001.007827/83;SANDOZ DO BRASIL INDÚSTRIA FARMACÊUTICA LTDA - 61.286.647/0001-16;Inativo;09/2008;benjoim;incluido_alias_completo;Inativo;100470111;25001 007827 83;micoz;sandoz do brasil industria farmaceutica ltda 61 286 647 0001 16;;;TRUE;1;benjoim;tintura de benjoim
127;Benjoim;REG:105110002;benjoim;benjoim em pó;231;benjoim__benjoim_em_pó.xlsx;Essência Minerva;;;REGISTRADO;105110002;25001.018729/85;LABORATORIOS REUNIDOS PARANA LTDA - 76.487.198/0001-41;Inativo;08/1984;benjoim;incluido_alias_completo;Inativo;105110002;25001 018729 85;essencia minerva;laboratorios reunidos parana ltda 76 487 198 0001 41;;;TRUE;1;benjoim;benjoim em pó
127;Benjoim;REG:105760013;benjoim;tintura de benjoim;232;benjoim__tintura_de_benjoim.xlsx;DERMOL;;;REGISTRADO;105760013;25991.013660/78;LABORATORIO SIMOES LTDA. - 33.379.884/0001-96;Inativo;02/2005;benjoim;incluido_alias_completo;Inativo;105760013;25991 013660 78;dermol;laboratorio simoes ltda 33 379 884 0001 96;;;TRUE;1;benjoim;tintura de benjoim
127;Benjoim;REG:113000246;benjoim;tintura de benjoim;232;benjoim__tintura_de_benjoim.xlsx;YATROPAN;;;REGISTRADO;113000246;25992.007871/45;SANOFI-AVENTIS FARMACÊUTICA LTDA - 02.685.377/0001-57;Inativo;08/2009;benjoim;incluido_alias_completo;Inativo;113000246;25992 007871 45;yatropan;sanofi aventis farmaceutica ltda 02 685 377 0001 57;;;TRUE;1;benjoim;tintura de benjoim
128;Canela-da-china;REG:100660005;Cinnamomum verum;cinnamomum verum j. presl;42;Cinnamomum_verum__CINNAMOMUM_VERUM_J._PRESL.xlsx;BÁLSAMO BRANCO;;CINNAMOMUM VERUM J. PRESL, SYZYGIUM AROMATICUM (L.) MERR. & L.M. PERRY;REGISTRADO;100660005;25991.000151/79;LABORATORIO CATARINENSE LTDA - 84.684.620/0001-87;Ativo;12/2029;cinnamomum verum;incluido_alias_completo;Ativo;100660005;25991 000151 79;balsamo branco;laboratorio catarinense ltda 84 684 620 0001 87;cinnamomum verum j presl syzygium aromaticum l merr l m perry;;TRUE;1;Cinnamomum verum;cinnamomum verum j. presl
128;Canela-da-china;REG:100870026;canela;tintura de canela;240;canela__tintura_de_canela.xlsx;IODETO DE POTASSIO;;;REGISTRADO;100870026;25992.015795/76;QUIMIOTERAPICA BRASILEIRA LTDA - 33.034.349/0001-01;Inativo;10/2003;canela;incluido_alias_completo;Inativo;100870026;25992 015795 76;iodeto de potassio;quimioterapica brasileira ltda 33 034 349 0001 01;;;TRUE;1;canela;tintura de canela
128;Canela-da-china;REG:102330012;canela;canela;237;canela__Canela.xlsx;SALICILATO DE METILA COMPOSTO;;;REGISTRADO;102330012;25992.020579/76;LABORATÓRIO SANIFER SA - 92.691.179/0001-99;Inativo;11/2003;canela;incluido_alias_completo;Inativo;102330012;25992 020579 76;salicilato de metila composto;laboratorio sanifer sa 92 691 179 0001 99;;;TRUE;1;canela;canela
128;Canela-da-china;REG:102870032;Cinnamomum zeylanicum;cinnamomum zeylanicum ness.;43;Cinnamomum_zeylanicum__cinnamomum_zeylanicum_ness.xlsx;TONOKLEN;;;REGISTRADO;102870032;25992.009176/38;SA FTCA BRASILEIRA FARMABRAZ - 33.122.920/0001-31;Inativo;03/2005;cinnamomum zeylanicum;incluido_alias_completo;Inativo;102870032;25992 009176 38;tonoklen;sa ftca brasileira farmabraz 33 122 920 0001 31;;;TRUE;1;Cinnamomum zeylanicum;cinnamomum zeylanicum ness.
128;Canela-da-china;REG:102990002;Cinnamomum zeylanicum;cinnamomum zeylanicum ness.;43;Cinnamomum_zeylanicum__cinnamomum_zeylanicum_ness.xlsx;OLINA ESSÊNCIA DE VIDA;OLINA-ESSENCIA DE VIDA;aloe ferox mill., angelica archangelica l., gentiana lutea l., commyphora myrrha, rheum palmatum l., gentiana lutea, cinnamomum zeylanicum ness.;REGISTRADO;102990002;25001.005976/78;LABORATÓRIO WESP LTDA - 92.690.999/0001-66;Ativo;10/2029;cinnamomum zeylanicum;incluido_alias_completo;Ativo;102990002;25001 005976 78;olina essencia de vida;laboratorio wesp ltda 92 690 999 0001 66;aloe ferox mill angelica archangelica l gentiana lutea l commyphora myrrha rheum palmatum l gentiana lutea cinnamomum zeylanicum ness;;TRUE;1;Cinnamomum zeylanicum;cinnamomum zeylanicum ness.
128;Canela-da-china;REG:103420049;Cinnamomum zeylanicum;cinnamomum zeylanicum ness.;43;Cinnamomum_zeylanicum__cinnamomum_zeylanicum_ness.xlsx;TONOKLEN;;;REGISTRADO;103420049;25351.027955/55-20;FARMABRAZ BETA ATALAIA FARMACEUTICA LTDA. - 33.474.289/0001-30;Inativo;03/2005;cinnamomum zeylanicum;incluido_alias_completo;Inativo;103420049;25351 027955 55 20;tonoklen;farmabraz beta atalaia farmaceutica ltda 33 474 289 0001 30;;;TRUE;1;Cinnamomum zeylanicum;cinnamomum zeylanicum ness.
128;Canela-da-china;REG:103700401;Cinnamomum zeylanicum;tintura de cinnamomum zeylanicum;44;Cinnamomum_zeylanicum__tintura_de_cinnamomum_zeylanicum.xlsx;TEUTÔNICO;;;REGISTRADO;103700401;25351.217268/2002-08;LABORATÓRIO TEUTO BRASILEIRO S/A - 17.159.229/0001-76;Inativo;05/2008;cinnamomum zeylanicum;incluido_alias_completo;Inativo;103700401;25351 217268 2002 08;teutonico;laboratorio teuto brasileiro s a 17 159 229 0001 76;;2002;TRUE;1;Cinnamomum zeylanicum;tintura de cinnamomum zeylanicum
128;Canela-da-china;REG:104040145;Cinnamomum zeylanicum;tintura de cinnamomum zeylanicum;44;Cinnamomum_zeylanicum__tintura_de_cinnamomum_zeylanicum.xlsx;TÔNICO BLUMEN;TONICO BLUMEN;;REGISTRADO;104040145;25001.000643/84;LUPER INDÚSTRIA FARMACÊUTICA LTDA - 61.299.111/0001-35;Inativo;10/2005;cinnamomum zeylanicum;incluido_alias_completo;Inativo;104040145;25001 000643 84;tonico blumen;luper industria farmaceutica ltda 61 299 111 0001 35;;;TRUE;1;Cinnamomum zeylanicum;tintura de cinnamomum zeylanicum
128;Canela-da-china;REG:105110002;Cinnamomum zeylanicum;cinnamomum zeylanicum ness.;43;Cinnamomum_zeylanicum__cinnamomum_zeylanicum_ness.xlsx;Essência Minerva;;;REGISTRADO;105110002;25001.018729/85;LABORATORIOS REUNIDOS PARANA LTDA - 76.487.198/0001-41;Inativo;08/1984;cinnamomum zeylanicum;incluido_alias_completo;Inativo;105110002;25001 018729 85;essencia minerva;laboratorios reunidos parana ltda 76 487 198 0001 41;;;TRUE;1;Cinnamomum zeylanicum;cinnamomum zeylanicum ness.
128;Canela-da-china;REG:105700032;Cinnamomum zeylanicum;cinnamomum zeylanicum ness.;43;Cinnamomum_zeylanicum__cinnamomum_zeylanicum_ness.xlsx;Amargol;;;REGISTRADO;105700032;25991.003317/81;LABORATORIO QUIMSUL LTDA - 92.782.317/0001-45;Inativo;08/2007;cinnamomum zeylanicum;incluido_alias_completo;Inativo;105700032;25991 003317 81;amargol;laboratorio quimsul ltda 92 782 317 0001 45;;;TRUE;1;Cinnamomum zeylanicum;cinnamomum zeylanicum ness.
128;Canela-da-china;REG:105820008;cinnamomum cassia;cinnamomum cassia ness.;250;cinnamomum_cassia__cinnamomum_cassia_ness.xlsx;BIOFORTE;;;REGISTRADO;105820008;25000.021680/99-58;LABORATÓRIO INDUSTRIAL FARMACÊUTICO ROCHA LTDA - 06.600.779/0001-62;Inativo;02/2005;cinnamomum cassia;incluido_alias_completo;Inativo;105820008;25000 021680 99 58;bioforte;laboratorio industrial farmaceutico rocha ltda 06 600 779 0001 62;;;TRUE;1;cinnamomum cassia;cinnamomum cassia ness.
128;Canela-da-china;REG:105830089;canela;tintura de canela;240;canela__tintura_de_canela.xlsx;VITÔNICO;;;REGISTRADO;105830089;25001.001811/83;GERMED FARMACEUTICA LTDA - 45.992.062/0001-65;Inativo;07/2014;canela;incluido_alias_completo;Inativo;105830089;25001 001811 83;vitonico;germed farmaceutica ltda 45 992 062 0001 65;;;TRUE;1;canela;tintura de canela
128;Canela-da-china;REG:109170042;Cinnamomum zeylanicum;tintura de cinnamomum zeylanicum;44;Cinnamomum_zeylanicum__tintura_de_cinnamomum_zeylanicum.xlsx;MEGATÔNICO;;;REGISTRADO;109170042;25000.011180/98-18;MEDQUIMICA INDUSTRIA FARMACEUTICA LTDA. - 17.875.154/0001-20;Inativo;02/2004;cinnamomum zeylanicum;incluido_alias_completo;Inativo;109170042;25000 011180 98 18;megatonico;medquimica industria farmaceutica ltda 17 875 154 0001 20;;;TRUE;1;Cinnamomum zeylanicum;tintura de cinnamomum zeylanicum
128;Canela-da-china;REG:122830018;canela;tintura de canela;240;canela__tintura_de_canela.xlsx;BIOTONICO FONTOURA N;BIOTONICO FONTOURA;;REGISTRADO;122830018;25991.009275/77;DM INDÚSTRIA FARMACÊUTICA LTDA - 67.866.665/0002-34;Inativo;11/2013;canela;incluido_alias_completo;Inativo;122830018;25991 009275 77;biotonico fontoura n;dm industria farmaceutica ltda 67 866 665 0002 34;;;TRUE;1;canela;tintura de canela
131;Centela;REG:112700029;Centella asiatica;centella asiatica (l.) urb.;36;Centella_asiatica__centella_asiatica_l._urb.xlsx;CENTELLA VIT;;;REGISTRADO;112700029;25000.006865/88-25;FONTOVIT LABORATORIOS SA - 53.249.736/0001-64;Inativo;08/2006;centella asiatica;incluido_alias_completo;Inativo;112700029;25000 006865 88 25;centella vit;fontovit laboratorios sa 53 249 736 0001 64;;;TRUE;1;Centella asiatica;centella asiatica (l.) urb.
131;Centela;REG:118600013;Centella asiatica;centella asiatica (l.) urb.;36;Centella_asiatica__centella_asiatica_l._urb.xlsx;BIOSLIM;;;REGISTRADO;118600013;25023.220841/98;HERBARIUM LABORATORIO BOTANICO LTDA - 78.950.011/0001-20;Inativo;04/2007;centella asiatica;incluido_alias_completo;Inativo;118600013;25023 220841 98;bioslim;herbarium laboratorio botanico ltda 78 950 011 0001 20;;;TRUE;1;Centella asiatica;centella asiatica (l.) urb.
131;Centela;REG:118600015;Centella asiatica;centella asiatica (l.) urb.;36;Centella_asiatica__centella_asiatica_l._urb.xlsx;CENTELLA HERBARIUM;;;REGISTRADO;118600015;25023.137438/92-15;HERBARIUM LABORATORIO BOTANICO LTDA - 78.950.011/0001-20;Inativo;06/2007;centella asiatica;incluido_alias_completo;Inativo;118600015;25023 137438 92 15;centella herbarium;herbarium laboratorio botanico ltda 78 950 011 0001 20;;;TRUE;1;Centella asiatica;centella asiatica (l.) urb.
131;Centela;REG:118600026;Centella asiatica;centella asiatica (l.) urb.;36;Centella_asiatica__centella_asiatica_l._urb.xlsx;CELLITUM;;;REGISTRADO;118600026;25351.017442/01-36;HERBARIUM LABORATORIO BOTANICO LTDA - 78.950.011/0001-20;Inativo;09/2007;centella asiatica;incluido_alias_completo;Inativo;118600026;25351 017442 01 36;cellitum;herbarium laboratorio botanico ltda 78 950 011 0001 20;;;TRUE;1;Centella asiatica;centella asiatica (l.) urb.
131;Centela;REG:118600079;Centella asiatica;centella asiatica (l.) urb.;36;Centella_asiatica__centella_asiatica_l._urb.xlsx;CENTELLA HERBARIUM;;;REGISTRADO;118600079;25351.002190/2007-25;HERBARIUM LABORATORIO BOTANICO LTDA - 78.950.011/0001-20;Inativo;09/2027;centella asiatica;incluido_alias_completo;Inativo;118600079;25351 002190 2007 25;centella herbarium;herbarium laboratorio botanico ltda 78 950 011 0001 20;;2007;TRUE;1;Centella asiatica;centella asiatica (l.) urb.
131;Centela;REG:120090015;Centella asiatica;centella asiatica (l.) urb.;36;Centella_asiatica__centella_asiatica_l._urb.xlsx;CENTELLA BIONATUS;;;REGISTRADO;120090015;25351.024439/01-41;BIONATUS LABORATÓRIO BOTÂNICO LTDA - 68.032.192/0001-51;Inativo;02/2017;centella asiatica;incluido_alias_completo;Inativo;120090015;25351 024439 01 41;centella bionatus;bionatus laboratorio botanico ltda 68 032 192 0001 51;;;TRUE;1;Centella asiatica;centella asiatica (l.) urb.
131;Centela;REG:123970020;Centella asiatica;centella asiatica urb.;37;Centella_asiatica__centella_asiatica_urb.xlsx;CENTELLA  ORIENT;;;REGISTRADO;123970020;25000.002361/96-18;ORIENT MIX FITOTERÁPICOS DO BRASIL LTDA. - 73.657.876/0001-89;Inativo;07/2013;centella asiatica;incluido_alias_completo;Inativo;123970020;25000 002361 96 18;centella orient;orient mix fitoterapicos do brasil ltda 73 657 876 0001 89;;;TRUE;1;Centella asiatica;centella asiatica urb.
131;Centela;REG:126090145;Centella asiatica;centella asiatica (l.) urb.;36;Centella_asiatica__centella_asiatica_l._urb.xlsx;CENTELA AMAZON ERVAS;CENTELA  AMAZON  ERVAS;;REGISTRADO;126090145;25351.067926/2003-87;AMAZON ERVAS LABORATÓRIO BOTÂNICO LTDA - 05.501.937/0001-64;Inativo;07/2009;centella asiatica;incluido_alias_completo;Inativo;126090145;25351 067926 2003 87;centela amazon ervas;amazon ervas laboratorio botanico ltda 05 501 937 0001 64;;2003;TRUE;1;Centella asiatica;centella asiatica (l.) urb.
131;Centela;REG:137070013;Centella asiatica;centella asiatica (l.) urb.;36;Centella_asiatica__centella_asiatica_l._urb.xlsx;CENTELA FLORA MEDICINAL;;;REGISTRADO;137070013;25351.023138/00-29;FLORA MEDICINAL J. MONTEIRO DA SILVA LTDA - 02.007.074/0001-85;Inativo;04/2006;centella asiatica;incluido_alias_completo;Inativo;137070013;25351 023138 00 29;centela flora medicinal;flora medicinal j monteiro da silva ltda 02 007 074 0001 85;;;TRUE;1;Centella asiatica;centella asiatica (l.) urb.
131;Centela;REG:142570048;Centella asiatica;centella asiatica (l.) urb.;36;Centella_asiatica__centella_asiatica_l._urb.xlsx;CELLENAX;;;REGISTRADO;142570048;25351.040022/01-71;LUCIOMED FARMACÊUTICA DO BRASIL LTDA - 01.845.448/0001-79;Inativo;07/2007;centella asiatica;incluido_alias_completo;Inativo;142570048;25351 040022 01 71;cellenax;luciomed farmaceutica do brasil ltda 01 845 448 0001 79;;;TRUE;1;Centella asiatica;centella asiatica (l.) urb.
131;Centela;REG:144930041;Centella asiatica;centella asiatica (l.) urb.;36;Centella_asiatica__centella_asiatica_l._urb.xlsx;VOLTALIV;;;REGISTRADO;144930041;25351.049149/2003-99;AIRELA INDÚSTRIA FARMACÊUTICA LTDA. - 01.858.973/0001-29;Inativo;01/2014;centella asiatica;incluido_alias_completo;Inativo;144930041;25351 049149 2003 99;voltaliv;airela industria farmaceutica ltda 01 858 973 0001 29;;2003;TRUE;1;Centella asiatica;centella asiatica (l.) urb.
131;Centela;REG:145010008;Centella asiatica;centella asiatica (l.) urb.;36;Centella_asiatica__centella_asiatica_l._urb.xlsx;CENTELLA BRASMED;;;REGISTRADO;145010008;25351.060892/2003-08;BRASMED BOTÂNICA E FARMACÊUTICA LTDA - 00.660.703/0001-46;Inativo;09/2009;centella asiatica;incluido_alias_completo;Inativo;145010008;25351 060892 2003 08;centella brasmed;brasmed botanica e farmaceutica ltda 00 660 703 0001 46;;2003;TRUE;1;Centella asiatica;centella asiatica (l.) urb.
131;Centela;REG:154000001;Centella asiatica;centella asiatica urb.;37;Centella_asiatica__centella_asiatica_urb.xlsx;CELLUFAN  VITA;;centella asiatica (l.) urb., centella asiatica urb.;REGISTRADO;154000001;25351.204540/2002-81;LABORATÓRIO VITALAB LTDA - 56.646.953/0001-86;Ativo;02/2028;centella asiatica;incluido_alias_completo;Ativo;154000001;25351 204540 2002 81;cellufan vita;laboratorio vitalab ltda 56 646 953 0001 86;centella asiatica l urb centella asiatica urb;2002;TRUE;2;Centella asiatica;centella asiatica (l.) urb. | centella asiatica urb.
131;Centela;REG:155590922;Centella asiatica;centella asiatica (l.) urb.;36;Centella_asiatica__centella_asiatica_l._urb.xlsx;CENTELA FLORA MEDICINAL;;;REGISTRADO;155590922;25351.043175/2004-94;INDUSTRIA E COMERCIO DE COSMETICOS NATURA LTDA - 00.190.373/0001-72;Inativo;04/2006;centella asiatica;incluido_alias_completo;Inativo;155590922;25351 043175 2004 94;centela flora medicinal;industria e comercio de cosmeticos natura ltda 00 190 373 0001 72;;2004;TRUE;1;Centella asiatica;centella asiatica (l.) urb.
133;Cipó-cabeludo;REG:102470070;Mikania hirsutissima;mikania hirsutissima;104;Mikania_hirsutissima__mikania_hirsutissima.xlsx;TARUBELIS;;;REGISTRADO;102470070;25992.020470/75;HOMEOPATIA WALDEMIRO PEREIRA LABORATORIO INDUSTRIAL FARMACEUTICO LTDA - 76.440.528/0001-43;Inativo;03/2001;mikania hirsutissima;incluido_alias_completo;Inativo;102470070;25992 020470 75;tarubelis;homeopatia waldemiro pereira laboratorio industrial farmaceutico ltda 76 440 528 0001 43;;;TRUE;1;Mikania hirsutissima;mikania hirsutissima
134;Coentro;REG:100470217;Coriandrum sativum;coriandrum sativum l.;51;Coriandrum_sativum__coriandrum_sativum_l.xlsx;FRUTALAX;;;REGISTRADO;100470217;25001.005043/82;SANDOZ DO BRASIL INDÚSTRIA FARMACÊUTICA LTDA - 61.286.647/0001-16;Inativo;04/2008;coriandrum sativum;incluido_alias_completo;Inativo;100470217;25001 005043 82;frutalax;sandoz do brasil industria farmaceutica ltda 61 286 647 0001 16;;;TRUE;1;Coriandrum sativum;coriandrum sativum l.
134;Coentro;REG:100890187;Coriandrum sativum;coriandrum sativum l.;51;Coriandrum_sativum__coriandrum_sativum_l.xlsx;LAXTAM;;;REGISTRADO;100890187;25001.015641/85;MERCK S/A - 33.069.212/0001-84;Inativo;03/2008;coriandrum sativum;incluido_alias_completo;Inativo;100890187;25001 015641 85;laxtam;merck s a 33 069 212 0001 84;;;TRUE;1;Coriandrum sativum;coriandrum sativum l.
134;Coentro;REG:101550085;Coriandrum sativum;coriandrum sativum l.;51;Coriandrum_sativum__coriandrum_sativum_l.xlsx;TAMARIL;;;REGISTRADO;101550085;25001.007502/87;MARJAN INDÚSTRIA E COMÉRCIO LTDA - 60.726.692/0001-81;Inativo;05/2010;coriandrum sativum;incluido_alias_completo;Inativo;101550085;25001 007502 87;tamaril;marjan industria e comercio ltda 60 726 692 0001 81;;;TRUE;1;Coriandrum sativum;coriandrum sativum l.
134;Coentro;REG:103940550;Coriandrum sativum;coriandrum sativum l.;51;Coriandrum_sativum__coriandrum_sativum_l.xlsx;TAMARINE;;;REGISTRADO;103940550;25351.077850/2009-21;LABORATÓRIO AMERICANO DE FARMACOTERAPIA S/A - 61.150.819/0001-20;Inativo;04/2010;coriandrum sativum;incluido_alias_completo;Inativo;103940550;25351 077850 2009 21;tamarine;laboratorio americano de farmacoterapia s a 61 150 819 0001 20;;2009;TRUE;1;Coriandrum sativum;coriandrum sativum l.
134;Coentro;REG:104640009;Coriandrum sativum;coriandrum sativum l.;51;Coriandrum_sativum__coriandrum_sativum_l.xlsx;TAMARINE;;;REGISTRADO;104640009;25001.014352/84;BARRENNE INDÚSTRIA FARMACÊUTICA LTDA - 33.043.308/0001-73;Inativo;08/2009;coriandrum sativum;incluido_alias_completo;Inativo;104640009;25001 014352 84;tamarine;barrenne industria farmaceutica ltda 33 043 308 0001 73;;;TRUE;1;Coriandrum sativum;coriandrum sativum l.
134;Coentro;REG:107150082;Coriandrum sativum;coriandrum sativum l.;51;Coriandrum_sativum__coriandrum_sativum_l.xlsx;FLORLAX;;;REGISTRADO;107150082;25000.002825/89;CAZI QUIMICA FARMACEUTICA INDUSTRIA E COMERCIO LTDA - 44.010.437/0001-81;Inativo;03/2005;coriandrum sativum;incluido_alias_completo;Inativo;107150082;25000 002825 89;florlax;cazi quimica farmaceutica industria e comercio ltda 44 010 437 0001 81;;;TRUE;1;Coriandrum sativum;coriandrum sativum l.
134;Coentro;REG:112700020;Coriandrum sativum;coriandrum sativum l.;51;Coriandrum_sativum__coriandrum_sativum_l.xlsx;SENE + ASSOCIACOES;FONTOLAX;;REGISTRADO;112700020;25000.008797/92-24;FONTOVIT LABORATORIOS SA - 53.249.736/0001-64;Inativo;08/2009;coriandrum sativum;incluido_alias_completo;Inativo;112700020;25000 008797 92 24;sene associacoes;fontovit laboratorios sa 53 249 736 0001 64;;;TRUE;1;Coriandrum sativum;coriandrum sativum l.
134;Coentro;REG:122830087;Coriandrum sativum;coriandrum sativum l.;51;Coriandrum_sativum__coriandrum_sativum_l.xlsx;NOVOLAX;;;REGISTRADO;122830087;25000.008809/88;DM INDÚSTRIA FARMACÊUTICA LTDA - 67.866.665/0002-34;Inativo;07/2004;coriandrum sativum;incluido_alias_completo;Inativo;122830087;25000 008809 88;novolax;dm industria farmaceutica ltda 67 866 665 0002 34;;;TRUE;1;Coriandrum sativum;coriandrum sativum l.
134;Coentro;REG:172870053;Coriandrum sativum;coriandrum sativum l.;51;Coriandrum_sativum__coriandrum_sativum_l.xlsx;TAMARINE;;;REGISTRADO;172870053;25351.333230/2009-19;Hypera S.A. - 02.932.074/0001-91;Inativo;04/2010;coriandrum sativum;incluido_alias_completo;Inativo;172870053;25351 333230 2009 19;tamarine;hypera s a 02 932 074 0001 91;;2009;TRUE;1;Coriandrum sativum;coriandrum sativum l.
135;Cravo-da-índia;REG:100660005;Syzygium aromaticum;syzygium aromaticum (l.) merr. & l.m. perry;164;Syzygium_aromaticum__syzygium_aromaticum_l._merr._l.m._perry.xlsx;BÁLSAMO BRANCO;;cinnamomum verum j. presl, syzygium aromaticum (l.) merr. & l.m. perry;REGISTRADO;100660005;25991.000151/79;LABORATORIO CATARINENSE LTDA - 84.684.620/0001-87;Ativo;12/2029;syzygium aromaticum;incluido_alias_completo;Ativo;100660005;25991 000151 79;balsamo branco;laboratorio catarinense ltda 84 684 620 0001 87;cinnamomum verum j presl syzygium aromaticum l merr l m perry;;TRUE;1;Syzygium aromaticum;syzygium aromaticum (l.) merr. & l.m. perry
139;Eucalipto-limão;REG:101430027;Eucalyptus citriodora;óleo de eucalyptus citriodora;65;Eucalyptus_citriodora__óleo_de_eucalyptus_citriodora.xlsx;PENETRO;PENETRO INALANTE, PENETRO POMADA DERMATÓLOGICA, PENETRO PASTILHA, PENETRO XAROPE;eucaliptol, hidrato de terpina, óleo de eucalyptus citriodora, mentol, terpina, terpina monoidratada, canfossulfonato de sódio, benzocaína, cloreto de amônio, cânfora, ácido benzóico;REGISTRADO;101430027;25992.005760/52;MEGALABS FARMACEUTICA S.A. - 33.026.055/0001-20;Ativo;02/2028;eucalyptus citriodora;incluido_alias_completo;Ativo;101430027;25992 005760 52;penetro;megalabs farmaceutica s a 33 026 055 0001 20;eucaliptol hidrato de terpina oleo de eucalyptus citriodora mentol terpina terpina monoidratada canfossulfonato de sodio benzocaina cloreto de amonio canfora acido benzoico;;TRUE;1;Eucalyptus citriodora;óleo de eucalyptus citriodora
139;Eucalipto-limão;REG:104810031;eucalipto;eucalipto;273;eucalipto__EUCALIPTO.xlsx;MENTALOL;;MENTOL, CÂNFORA, EUCALIPTO;REGISTRADO;104810031;25001.003750/84-02;1FARMA INDUSTRIA FARMACEUTICA LTDA - 48.113.906/0001-49;Ativo;07/2029;eucalipto;incluido_alias_completo;Ativo;104810031;25001 003750 84 02;mentalol;1farma industria farmaceutica ltda 48 113 906 0001 49;mentol canfora eucalipto;;TRUE;1;eucalipto;eucalipto
139;Eucalipto-limão;REG:105070017;eucalipto;eucalipto;273;eucalipto__EUCALIPTO.xlsx;SINOLINA;;;REGISTRADO;105070017;25992.005369/19-35;LABORATORIO KRAEMER LTDA - 92.695.816/0001-03;Inativo;10/2004;eucalipto;incluido_alias_completo;Inativo;105070017;25992 005369 19 35;sinolina;laboratorio kraemer ltda 92 695 816 0001 03;;;TRUE;1;eucalipto;eucalipto
139;Eucalipto-limão;REG:105070029;eucalipto;essência de eucalipto;272;eucalipto__ESSÊNCIA_DE_EUCALIPTO.xlsx;BECOLINA;;;REGISTRADO;105070029;25992.000461/39;LABORATORIO KRAEMER LTDA - 92.695.816/0001-03;Inativo;10/2004;eucalipto;incluido_alias_completo;Inativo;105070029;25992 000461 39;becolina;laboratorio kraemer ltda 92 695 816 0001 03;;;TRUE;1;eucalipto;essência de eucalipto
139;Eucalipto-limão;REG:106240116;eucalipto;extrato fluido de eucalipto;275;eucalipto__EXTRATO_FLUIDO_DE_EUCALIPTO.xlsx;UNITOSSE;;;REGISTRADO;106240116;25351.200164/2002-56;INDÚSTRIA FARMACÊUTICA MILIAN LTDA - 29.333.218/0001-40;Inativo;03/2013;eucalipto;incluido_alias_completo;Inativo;106240116;25351 200164 2002 56;unitosse;industria farmaceutica milian ltda 29 333 218 0001 40;;2002;TRUE;1;eucalipto;extrato fluido de eucalipto
139;Eucalipto-limão;REG:117170036;eucalipto;óleo essencial de eucalipto;276;eucalipto__ÓLEO_ESSENCIAL_DE_EUCALIPTO.xlsx;NASORUB;;;REGISTRADO;117170036;25351.011384/00-38;PHARMASCIENCE INDUSTRIA FARMACEUTICA S.A - 25.773.037/0001-83;Inativo;10/2005;eucalipto;incluido_alias_completo;Inativo;117170036;25351 011384 00 38;nasorub;pharmascience industria farmaceutica s a 25 773 037 0001 83;;;TRUE;1;eucalipto;óleo essencial de eucalipto
139;Eucalipto-limão;REG:120290001;eucalipto;óleo essencial de eucalipto;276;eucalipto__ÓLEO_ESSENCIAL_DE_EUCALIPTO.xlsx;RAPID GEL;;;REGISTRADO;120290001;25000.011352/95-29;INDUSTRIA FARMACEUTICA E PERFUMARIA BIOKOSMA LTDA - 64.668.981/0001-22;Inativo;03/2004;eucalipto;incluido_alias_completo;Inativo;120290001;25000 011352 95 29;rapid gel;industria farmaceutica e perfumaria biokosma ltda 64 668 981 0001 22;;;TRUE;1;eucalipto;óleo essencial de eucalipto
139;Eucalipto-limão;REG:121430003;eucalipto;eucalipto;273;eucalipto__EUCALIPTO.xlsx;VICK VAPORUB;;;REGISTRADO;121430003;25351.014847/00-41;PROCTER & GAMBLE HIGIENE E COSMÉTICOS LTDA - 67.712.562/0001-39;Inativo;08/2010;eucalipto;incluido_alias_completo;Inativo;121430003;25351 014847 00 41;vick vaporub;procter gamble higiene e cosmeticos ltda 67 712 562 0001 39;;;TRUE;2;eucalipto | Eucalyptus citriodora;eucalipto | óleo de eucalyptus citriodora
140;Genciana;REG:100490104;gentiana lutea;gentiana lutea l.;281;gentiana_lutea__gentiana_lutea_l.xlsx;AMARGOL;;;REGISTRADO;100490104;25351.280421/2005-78;LABORATÓRIO SAÚDE LTDA - 91.671.792/0001-81;Inativo;08/2007;gentiana lutea;incluido_alias_completo;Inativo;100490104;25351 280421 2005 78;amargol;laboratorio saude ltda 91 671 792 0001 81;;2005;TRUE;1;gentiana lutea;gentiana lutea l.
140;Genciana;REG:100660003;gentiana lutea;gentiana lutea;280;gentiana_lutea__gentiana_lutea.xlsx;CAMOMILA COMPOSTA CATARINENSE;;gentiana lutea, gentiana lutea l., chamaemelum nobile (l.)all.;REGISTRADO;100660003;25992.011184/78;LABORATORIO CATARINENSE LTDA - 84.684.620/0001-87;Ativo;10/2029;gentiana lutea;incluido_alias_completo;Ativo;100660003;25992 011184 78;camomila composta catarinense;laboratorio catarinense ltda 84 684 620 0001 87;gentiana lutea gentiana lutea l chamaemelum nobile l all;;TRUE;2;gentiana lutea;gentiana lutea | gentiana lutea l.
140;Genciana;REG:102330003;gentiana lutea;gentiana lutea l.;281;gentiana_lutea__gentiana_lutea_l.xlsx;COLOMETIN;;;REGISTRADO;102330003;25991.010545/80;LABORATÓRIO SANIFER SA - 92.691.179/0001-99;Inativo;03/2007;gentiana lutea;incluido_alias_completo;Inativo;102330003;25991 010545 80;colometin;laboratorio sanifer sa 92 691 179 0001 99;;;TRUE;1;gentiana lutea;gentiana lutea l.
140;Genciana;REG:102512419;gentiana lutea;gentiana lutea l.;281;gentiana_lutea__gentiana_lutea_l.xlsx;DIGESTAR;;;REGISTRADO;102512419;25001.010071/80;BRASMEDICA SA IND FTCA - 60.889.557/0001-57;Inativo;10/2000;gentiana lutea;incluido_alias_completo;Inativo;102512419;25001 010071 80;digestar;brasmedica sa ind ftca 60 889 557 0001 57;;;TRUE;1;gentiana lutea;gentiana lutea l.
140;Genciana;REG:102990002;gentiana lutea;gentiana lutea;280;gentiana_lutea__gentiana_lutea.xlsx;OLINA ESSÊNCIA DE VIDA;OLINA-ESSENCIA DE VIDA;aloe ferox mill., angelica archangelica l., gentiana lutea l., commyphora myrrha, rheum palmatum l., gentiana lutea, cinnamomum zeylanicum ness.;REGISTRADO;102990002;25001.005976/78;LABORATÓRIO WESP LTDA - 92.690.999/0001-66;Ativo;10/2029;gentiana lutea;incluido_alias_completo;Ativo;102990002;25001 005976 78;olina essencia de vida;laboratorio wesp ltda 92 690 999 0001 66;aloe ferox mill angelica archangelica l gentiana lutea l commyphora myrrha rheum palmatum l gentiana lutea cinnamomum zeylanicum ness;;TRUE;2;gentiana lutea;gentiana lutea | gentiana lutea l.
140;Genciana;REG:104150048;gentiana lutea;gentiana lutea l.;281;gentiana_lutea__gentiana_lutea_l.xlsx;GOTAS ESTOMACAIS VERITAS;;;REGISTRADO;104150048;25001.010643/82;LABORATORIO HANEMANIANA VERITAS LTDA - 33.790.981/0001-77;Inativo;06/2008;gentiana lutea;incluido_alias_completo;Inativo;104150048;25001 010643 82;gotas estomacais veritas;laboratorio hanemaniana veritas ltda 33 790 981 0001 77;;;TRUE;1;gentiana lutea;gentiana lutea l.
140;Genciana;REG:104340004;genciana;genciana;278;genciana__genciana.xlsx;GASTROGENOL;;;REGISTRADO;104340004;25992.000970/29;PROFARB LTDA - 22.777.676/0001-29;Inativo;10/2009;genciana;incluido_alias_completo;Inativo;104340004;25992 000970 29;gastrogenol;profarb ltda 22 777 676 0001 29;;;TRUE;1;genciana;genciana
140;Genciana;REG:104670274;gentiana lutea;gentiana lutea l.;281;gentiana_lutea__gentiana_lutea_l.xlsx;JURUBEBA COMPOSTO;;;REGISTRADO;104670274;25001.003628/71;LABORATORIO FARMAERVAS LTDA - 60.565.520/0001-73;Inativo;05/2007;gentiana lutea;incluido_alias_completo;Inativo;104670274;25001 003628 71;jurubeba composto;laboratorio farmaervas ltda 60 565 520 0001 73;;;TRUE;1;gentiana lutea;gentiana lutea l.
140;Genciana;REG:105700032;gentiana lutea;gentiana lutea l.;281;gentiana_lutea__gentiana_lutea_l.xlsx;Amargol;;;REGISTRADO;105700032;25991.003317/81;LABORATORIO QUIMSUL LTDA - 92.782.317/0001-45;Inativo;08/2007;gentiana lutea;incluido_alias_completo;Inativo;105700032;25991 003317 81;amargol;laboratorio quimsul ltda 92 782 317 0001 45;;;TRUE;1;gentiana lutea;gentiana lutea l.
140;Genciana;REG:105760023;gentiana lutea;gentiana lutea l.;281;gentiana_lutea__gentiana_lutea_l.xlsx;GOTAS DIGESTIVAS;;;REGISTRADO;105760023;25992.019350/72;LABORATORIO SIMOES LTDA. - 33.379.884/0001-96;Inativo;08/2018;gentiana lutea;incluido_alias_completo;Inativo;105760023;25992 019350 72;gotas digestivas;laboratorio simoes ltda 33 379 884 0001 96;;;TRUE;1;gentiana lutea;gentiana lutea l.
140;Genciana;REG:105760101;genciana;genciana;278;genciana__genciana.xlsx;ELIXIR 914;;;REGISTRADO;105760101;25991.006039/79;LABORATORIO SIMOES LTDA. - 33.379.884/0001-96;Inativo;12/2009;genciana;incluido_alias_completo;Inativo;105760101;25991 006039 79;elixir 914;laboratorio simoes ltda 33 379 884 0001 96;;;TRUE;1;genciana;genciana
140;Genciana;REG:105760117;gentiana lutea;gentiana lutea l.;281;gentiana_lutea__gentiana_lutea_l.xlsx;ZAPHTOLINUM;;;REGISTRADO;105760117;25991.006030/77;LABORATORIO SIMOES LTDA. - 33.379.884/0001-96;Inativo;09/2008;gentiana lutea;incluido_alias_completo;Inativo;105760117;25991 006030 77;zaphtolinum;laboratorio simoes ltda 33 379 884 0001 96;;;TRUE;1;gentiana lutea;gentiana lutea l.
140;Genciana;REG:105770049;gentiana lutea;gentiana lutea l.;281;gentiana_lutea__gentiana_lutea_l.xlsx;GOTAS DIGESTIVAS;;;REGISTRADO;105770049;25001.010423/19-83;LABORATIL FARMACEUTICA LTDA - 47.100.862/0001-50;Inativo;09/2003;gentiana lutea;incluido_alias_completo;Inativo;105770049;25001 010423 19 83;gotas digestivas;laboratil farmaceutica ltda 47 100 862 0001 50;;;TRUE;1;gentiana lutea;gentiana lutea l.
140;Genciana;REG:107740480;gentiana lutea;gentiana lutea l.;281;gentiana_lutea__gentiana_lutea_l.xlsx;LIPOTRON;;;REGISTRADO;107740480;25991.005379/80;LABORATÓRIO CANGERI LTDA - 92.751.965/0001-34;Inativo;09/2005;gentiana lutea;incluido_alias_completo;Inativo;107740480;25991 005379 80;lipotron;laboratorio cangeri ltda 92 751 965 0001 34;;;TRUE;1;gentiana lutea;gentiana lutea l.
140;Genciana;REG:123420002;gentiana lutea;gentiana lutea l.;281;gentiana_lutea__gentiana_lutea_l.xlsx;SINUPRET;;verbena officinalis l, gentiana lutea l., rumex crispus l., primula veris l. e/ou primula elatior (l.) hill, sambucus nigra l.;REGISTRADO;123420002;25351.657131/2021-47;BIONORICA DO BRASIL DISTRIBUICAO E IMPORTACAO LTDA - 19.585.186/0001-16;Ativo;10/2033;gentiana lutea;incluido_alias_completo;Ativo;123420002;25351 657131 2021 47;sinupret;bionorica do brasil distribuicao e importacao ltda 19 585 186 0001 16;verbena officinalis l gentiana lutea l rumex crispus l primula veris l e ou primula elatior l hill sambucus nigra l;2021;TRUE;1;gentiana lutea;gentiana lutea l.
140;Genciana;REG:125;genciana;genciana;278;genciana__genciana.xlsx;PERFEITO DIGESTIVO;;;REGISTRADO;125;25001.012924/84;LAB REGIUS LTDA - 92.691.187/0001-35;Inativo;07/2004;genciana;incluido_alias_completo;Inativo;125;25001 012924 84;perfeito digestivo;lab regius ltda 92 691 187 0001 35;;;TRUE;1;genciana;genciana
140;Genciana;REG:128420010;gentiana lutea;gentiana lutea l.;281;gentiana_lutea__gentiana_lutea_l.xlsx;LYMPHOMYOSOT;;;REGISTRADO;128420010;25000.009409/96-92;PROBIOS COMÉRCIO IMPORTAÇÃO E EXPORTAÇÃO LTDA - 74.455.197/0001-90;Inativo;12/2006;gentiana lutea;incluido_alias_completo;Inativo;128420010;25000 009409 96 92;lymphomyosot;probios comercio importacao e exportacao ltda 74 455 197 0001 90;;;TRUE;1;gentiana lutea;gentiana lutea l.
140;Genciana;REG:128420015;gentiana lutea;gentiana lutea l.;281;gentiana_lutea__gentiana_lutea_l.xlsx;TONSILLA COMPOSITUM N;;;REGISTRADO;128420015;25000.018606/98-46;PROBIOS COMÉRCIO IMPORTAÇÃO E EXPORTAÇÃO LTDA - 74.455.197/0001-90;Inativo;04/2007;gentiana lutea;incluido_alias_completo;Inativo;128420015;25000 018606 98 46;tonsilla compositum n;probios comercio importacao e exportacao ltda 74 455 197 0001 90;;;TRUE;1;gentiana lutea;gentiana lutea l.
140;Genciana;REG:161980012;gentiana lutea;gentiana lutea;280;gentiana_lutea__gentiana_lutea.xlsx;LYMPHOMYOSOT;;myosotis arvensis, veronica officinalis, teucrium scorodonia, pinus sylvestris, gentiana lutea, equisetum hyemale, sarsaparilla, smilax officinalis, scrophularia nodosa, calcium phosphoricum, juglans regia l., natrum sulfuricum, fumaria officinalis l., levothyroxinum, araneus diadematus, geranium robertianum, nasturtium officinale r.br., ferrum iodatum;REGISTRADO;161980012;25351.644201/2008-20;HEEL DO BRASIL BIOMÉDICA LTDA - 05.994.539/0001-27;Ativo;11/2029;gentiana lutea;incluido_alias_completo;Ativo;161980012;25351 644201 2008 20;lymphomyosot;heel do brasil biomedica ltda 05 994 539 0001 27;myosotis arvensis veronica officinalis teucrium scorodonia pinus sylvestris gentiana lutea equisetum hyemale sarsaparilla smilax officinalis scrophularia nodosa calcium phosphoricum juglans regia l natrum sulfuricum fumaria officinalis l levothyroxinum araneus diadematus geranium robertianum nasturtium officinale r br ferrum iodatum;2008;TRUE;1;gentiana lutea;gentiana lutea
141;Girassol;REG:101430052;Helianthus annuus;óleo de helianthus annuus (girassol híbrido);79;Helianthus_annuus__óleo_de_helianthus_annuus_girassol_híbrido.xlsx;SENCIL;SENCIL GAZES, SENCIL DERMATOLOGICO, SENCIL PROCTOLOGICO, SENCIL GINECOLOGICO;;REGISTRADO;101430052;25000.020701/98-18;MEGALABS FARMACEUTICA S.A. - 33.026.055/0001-20;Inativo;05/2006;helianthus annuus;incluido_alias_completo;Inativo;101430052;25000 020701 98 18;sencil;megalabs farmaceutica s a 33 026 055 0001 20;;;TRUE;2;girassol | Helianthus annuus;óleo de helianthus annuus (girassol híbrido)
142;Hidraste;REG:100610055;hydrastis canadensis;hydrastis canadensis;309;hydrastis_canadensis__hydrastis_canadensis.xlsx;SINUDORON;;argentum nitricum, berberis vulgaris, atropa belladonna, hydrastis canadensis, silicea;REGISTRADO;100610055;25351.016952/00-04;WELEDA DO BRASIL LABORATÓRIO E FARMÁCIA LTDA - 56.992.217/0001-80;Ativo;07/2026;hydrastis canadensis;incluido_alias_completo;Ativo;100610055;25351 016952 00 04;sinudoron;weleda do brasil laboratorio e farmacia ltda 56 992 217 0001 80;argentum nitricum berberis vulgaris atropa belladonna hydrastis canadensis silicea;;TRUE;1;hydrastis canadensis;hydrastis canadensis
142;Hidraste;REG:100610068;hydrastis canadensis;hydrastis canadensis;309;hydrastis_canadensis__hydrastis_canadensis.xlsx;RINIDON;;;REGISTRADO;100610068;25351.014705/01-37;WELEDA DO BRASIL LABORATÓRIO E FARMÁCIA LTDA - 56.992.217/0001-80;Inativo;06/2007;hydrastis canadensis;incluido_alias_completo;Inativo;100610068;25351 014705 01 37;rinidon;weleda do brasil laboratorio e farmacia ltda 56 992 217 0001 80;;;TRUE;1;hydrastis canadensis;hydrastis canadensis
142;Hidraste;REG:100610093;hydrastis canadensis;hydrastis canadensis;309;hydrastis_canadensis__hydrastis_canadensis.xlsx;RINIDON;;hydrastis canadensis, quercus robur;REGISTRADO;100610093;25351.589818/2008-75;WELEDA DO BRASIL LABORATÓRIO E FARMÁCIA LTDA - 56.992.217/0001-80;Ativo;11/2035;hydrastis canadensis;incluido_alias_completo;Ativo;100610093;25351 589818 2008 75;rinidon;weleda do brasil laboratorio e farmacia ltda 56 992 217 0001 80;hydrastis canadensis quercus robur;2008;TRUE;1;hydrastis canadensis;hydrastis canadensis
142;Hidraste;REG:102470026;hydrastis canadensis;hydrastis canadensis;309;hydrastis_canadensis__hydrastis_canadensis.xlsx;HIDRACAL;;;REGISTRADO;102470026;25992.012133/74;HOMEOPATIA WALDEMIRO PEREIRA LABORATORIO INDUSTRIAL FARMACEUTICO LTDA - 76.440.528/0001-43;Inativo;02/2020;hydrastis canadensis;incluido_alias_completo;Inativo;102470026;25992 012133 74;hidracal;homeopatia waldemiro pereira laboratorio industrial farmaceutico ltda 76 440 528 0001 43;;;TRUE;1;hydrastis canadensis;hydrastis canadensis
142;Hidraste;REG:102470029;hydrastis canadensis;hydrastis canadensis;309;hydrastis_canadensis__hydrastis_canadensis.xlsx;HIDRATAEGUS;;;REGISTRADO;102470029;25992.012134/74;HOMEOPATIA WALDEMIRO PEREIRA LABORATORIO INDUSTRIAL FARMACEUTICO LTDA - 76.440.528/0001-43;Inativo;02/2005;hydrastis canadensis;incluido_alias_completo;Inativo;102470029;25992 012134 74;hidrataegus;homeopatia waldemiro pereira laboratorio industrial farmaceutico ltda 76 440 528 0001 43;;;TRUE;1;hydrastis canadensis;hydrastis canadensis
142;Hidraste;REG:102660024;hydrastis canadensis;hydrastis canadensis;309;hydrastis_canadensis__hydrastis_canadensis.xlsx;SINUMED;;;REGISTRADO;102660024;25992.015120/74;FARMÁCIA E LABORATÓRIO HOMEOPÁTICO ALMEIDA PRADO LTDA - 60.862.208/0001-41;Inativo;01/2025;hydrastis canadensis;incluido_alias_completo;Inativo;102660024;25992 015120 74;sinumed;farmacia e laboratorio homeopatico almeida prado ltda 60 862 208 0001 41;;;TRUE;1;hydrastis canadensis;hydrastis canadensis
142;Hidraste;REG:102660027;hydrastis canadensis;hydrastis canadensis;309;hydrastis_canadensis__hydrastis_canadensis.xlsx;UTEROMED;;;REGISTRADO;102660027;25992.011201/75;FARMÁCIA E LABORATÓRIO HOMEOPÁTICO ALMEIDA PRADO LTDA - 60.862.208/0001-41;Inativo;01/2011;hydrastis canadensis;incluido_alias_completo;Inativo;102660027;25992 011201 75;uteromed;farmacia e laboratorio homeopatico almeida prado ltda 60 862 208 0001 41;;;TRUE;1;hydrastis canadensis;hydrastis canadensis
142;Hidraste;REG:102660079;hydrastis canadensis;hydrastis canadensis;309;hydrastis_canadensis__hydrastis_canadensis.xlsx;COMPLEXO HOMEOPÁTICO HYDRASTIS ALMEIDA PRADO 3;;;REGISTRADO;102660079;25992.017366/70;FARMÁCIA E LABORATÓRIO HOMEOPÁTICO ALMEIDA PRADO LTDA - 60.862.208/0001-41;Inativo;03/2026;hydrastis canadensis;incluido_alias_completo;Inativo;102660079;25992 017366 70;complexo homeopatico hydrastis almeida prado 3;farmacia e laboratorio homeopatico almeida prado ltda 60 862 208 0001 41;;;TRUE;1;hydrastis canadensis;hydrastis canadensis
142;Hidraste;REG:104730037;hydrastis canadensis;hydrastis canadensis;309;hydrastis_canadensis__hydrastis_canadensis.xlsx;SOLUÇÃO DE HYDRASTIS COMPOSTO;;;REGISTRADO;104730037;25351.521668/2008-01;VIDORA FARMACÊUTICA LTDA - 92.762.277/0001-70;Inativo;09/2028;hydrastis canadensis;incluido_alias_completo;Inativo;104730037;25351 521668 2008 01;solucao de hydrastis composto;vidora farmaceutica ltda 92 762 277 0001 70;;2008;TRUE;1;hydrastis canadensis;hydrastis canadensis
142;Hidraste;REG:111930007;hidraste;extrato de hydrastis canadensis (hidraste);307;hidraste__extrato_de_hydrastis_canadensis_hidraste.xlsx;BROMETO DE SÓDIO + EXTRATOS;BROMHYDRASTINA;;REGISTRADO;111930007;25001.006922/79;IBEFAR INST BRAS ESPECIALIDADES FTCAS LTDA - 60.838.042/0001-28;Inativo;09/2004;hydrastis canadensis;incluido_alias_completo;Inativo;111930007;25001 006922 79;brometo de sodio extratos;ibefar inst bras especialidades ftcas ltda 60 838 042 0001 28;;;TRUE;2;hidraste | hydrastis canadensis;extrato de hydrastis canadensis (hidraste)
142;Hidraste;REG:128420017;hydrastis canadensis;hydrastis canadensis;309;hydrastis_canadensis__hydrastis_canadensis.xlsx;NASO - HELL;;;REGISTRADO;128420017;25000.023351/96-44;PROBIOS COMÉRCIO IMPORTAÇÃO E EXPORTAÇÃO LTDA - 74.455.197/0001-90;Inativo;04/2007;hydrastis canadensis;incluido_alias_completo;Inativo;128420017;25000 023351 96 44;naso hell;probios comercio importacao e exportacao ltda 74 455 197 0001 90;;;TRUE;1;hydrastis canadensis;hydrastis canadensis
142;Hidraste;REG:128420031;hydrastis canadensis;hydrastis canadensis;309;hydrastis_canadensis__hydrastis_canadensis.xlsx;BHI SINUS;;;REGISTRADO;128420031;25000.005831/98-40;PROBIOS COMÉRCIO IMPORTAÇÃO E EXPORTAÇÃO LTDA - 74.455.197/0001-90;Inativo;09/2007;hydrastis canadensis;incluido_alias_completo;Inativo;128420031;25000 005831 98 40;bhi sinus;probios comercio importacao e exportacao ltda 74 455 197 0001 90;;;TRUE;1;hydrastis canadensis;hydrastis canadensis
142;Hidraste;REG:128420032;hydrastis canadensis;hydrastis canadensis;309;hydrastis_canadensis__hydrastis_canadensis.xlsx;MUCOSA COMPOSITUM;;;REGISTRADO;128420032;25000.005293/98-20;PROBIOS COMÉRCIO IMPORTAÇÃO E EXPORTAÇÃO LTDA - 74.455.197/0001-90;Inativo;09/2007;hydrastis canadensis;incluido_alias_completo;Inativo;128420032;25000 005293 98 20;mucosa compositum;probios comercio importacao e exportacao ltda 74 455 197 0001 90;;;TRUE;1;hydrastis canadensis;hydrastis canadensis
142;Hidraste;REG:128420035;hydrastis canadensis;hydrastis canadensis;309;hydrastis_canadensis__hydrastis_canadensis.xlsx;GINSENG COMPOSITUM;;;REGISTRADO;128420035;25000.005325/98-14;PROBIOS COMÉRCIO IMPORTAÇÃO E EXPORTAÇÃO LTDA - 74.455.197/0001-90;Inativo;11/2007;hydrastis canadensis;incluido_alias_completo;Inativo;128420035;25000 005325 98 14;ginseng compositum;probios comercio importacao e exportacao ltda 74 455 197 0001 90;;;TRUE;1;hydrastis canadensis;hydrastis canadensis
144;Jaborandi;REG:104400014;jaborandi;pilocarpus jaborandi holmes;312;jaborandi__PILOCARPUS_JABORANDI_HOLMES.xlsx;BRONCOL;;;REGISTRADO;104400014;25992.007509/73;CELLERA FARMACÊUTICA S.A. - 33.173.097/0002-74;Inativo;03/2004;jaborandi;incluido_alias_completo;Inativo;104400014;25992 007509 73;broncol;cellera farmaceutica s a 33 173 097 0002 74;;;TRUE;1;jaborandi;pilocarpus jaborandi holmes
144;Jaborandi;REG:105760102;jaborandi;pilocarpus jaborandi holmes;312;jaborandi__PILOCARPUS_JABORANDI_HOLMES.xlsx;PILOGÊNIO;PILOGENIO;;REGISTRADO;105760102;25992.008626/39;LABORATORIO SIMOES LTDA. - 33.379.884/0001-96;Inativo;08/2003;jaborandi;incluido_alias_completo;Inativo;105760102;25992 008626 39;pilogenio;laboratorio simoes ltda 33 379 884 0001 96;;;TRUE;1;jaborandi;pilocarpus jaborandi holmes
145;Jalapa;REG:102470069;jalapa;jalapa;317;jalapa__jalapa.xlsx;NYRVADENT;;;REGISTRADO;102470069;25001.021333/84;HOMEOPATIA WALDEMIRO PEREIRA LABORATORIO INDUSTRIAL FARMACEUTICO LTDA - 76.440.528/0001-43;Inativo;03/2005;jalapa;incluido_alias_completo;Inativo;102470069;25001 021333 84;nyrvadent;homeopatia waldemiro pereira laboratorio industrial farmaceutico ltda 76 440 528 0001 43;;;TRUE;2;jalap | jalapa;jalapa
145;Jalapa;REG:115200038;Operculina macrocarpa;operculina macrocarpa urb.;114;Operculina_macrocarpa__operculina_macrocarpa_urb.xlsx;TINTURA DE JALAPA COMPOSTA;;;REGISTRADO;115200038;25000.023398/98-70;RIOQUIMICA S.A. - 55.643.555/0001-43;Inativo;06/2008;operculina macrocarpa;incluido_alias_completo;Inativo;115200038;25000 023398 98 70;tintura de jalapa composta;rioquimica s a 55 643 555 0001 43;;;TRUE;1;Operculina macrocarpa;operculina macrocarpa urb.
145;Jalapa;REG:137070018;Operculina macrocarpa;operculina macrocarpa urb.;114;Operculina_macrocarpa__operculina_macrocarpa_urb.xlsx;LANCIFOLIA;;;REGISTRADO;137070018;25000.003691/79;FLORA MEDICINAL J. MONTEIRO DA SILVA LTDA - 02.007.074/0001-85;Inativo;01/2005;operculina macrocarpa;incluido_alias_completo;Inativo;137070018;25000 003691 79;lancifolia;flora medicinal j monteiro da silva ltda 02 007 074 0001 85;;;TRUE;1;Operculina macrocarpa;operculina macrocarpa urb.
145;Jalapa;REG:146950089;jalapa;jalapa raiz em pó;319;jalapa__jalapa_raiz_em_pó.xlsx;AGUARDENTE ALEMÃ;;;REGISTRADO;146950089;25351.069849/2003-08;LABORATÓRIO INDUSTRIAL E FARMACÊUTICO BUCAR LTDA - 02.195.505/0001-84;Inativo;05/2006;jalapa;incluido_alias_completo;Inativo;146950089;25351 069849 2003 08;aguardente alema;laboratorio industrial e farmaceutico bucar ltda 02 195 505 0001 84;;2003;TRUE;2;jalap | jalapa;jalapa raiz em pó
146;Laranja-doce;REG:101000071;laranja;essência de laranja;329;laranja__ESSÊNCIA_DE_LARANJA.xlsx;REDOXON;;;REGISTRADO;101000071;25992.004827/77;PRODUTOS ROCHE QUÍMICOS E FARMACÊUTICOS S.A. - 33.009.945/0001-23;Inativo;08/2006;laranja;incluido_alias_completo;Inativo;101000071;25992 004827 77;redoxon;produtos roche quimicos e farmaceuticos s a 33 009 945 0001 23;;;TRUE;1;laranja;essência de laranja
146;Laranja-doce;REG:102351059;laranja;extrato fluido de casca de laranja amarga;330;laranja__EXTRATO_FLUIDO_DE_CASCA_DE_LARANJA_AMARGA.xlsx;A SAÚDE DA MULHER;;TINTURA AGONIADA PLUMÉRIA, SALICILATO DE SÓDIO, EXTRATO FLUIDO DE PASSIFLORA ALATA, EXTRATO FLUIDO DE CASCA DE LARANJA AMARGA;REGISTRADO;102351059;25351.668917/2010-32;EMS S/A - 57.507.378/0003-65;Ativo;07/2029;laranja amarga;incluido_alias_completo;Ativo;102351059;25351 668917 2010 32;a saude da mulher;ems s a 57 507 378 0003 65;tintura agoniada plumeria salicilato de sodio extrato fluido de passiflora alata extrato fluido de casca de laranja amarga;2010;TRUE;1;laranja;extrato fluido de casca de laranja amarga
146;Laranja-doce;REG:103200008;laranja;extrato fluído de laranja amarga;331;laranja__EXTRATO_FLUÍDO_DE_LARANJA_AMARGA.xlsx;EXTRATO DE FIGADO + ASSOCIAÇÃO;EXT. HEPÁTICO B12 PIAN;;REGISTRADO;103200008;25001.007069/44;INSTITUTO BIOCHIMICO MARAGLIANO LTDA - 33.181.603/0001-96;Inativo;01/2007;laranja amarga;incluido_alias_completo;Inativo;103200008;25001 007069 44;extrato de figado associacao;instituto biochimico maragliano ltda 33 181 603 0001 96;;;TRUE;1;laranja;extrato fluído de laranja amarga
146;Laranja-doce;REG:104330027;laranja;xarope de casca de laranja amarga;332;laranja__XAROPE_DE_CASCA_DE_LARANJA_AMARGA.xlsx;SONOCAL;;;REGISTRADO;104330027;25992.008299/53;LABORATÓRIO IODO SUMA LTDA. - 22.775.472/0001-59;Inativo;12/2004;laranja amarga;incluido_alias_completo;Inativo;104330027;25992 008299 53;sonocal;laboratorio iodo suma ltda 22 775 472 0001 59;;;TRUE;1;laranja;xarope de casca de laranja amarga
146;Laranja-doce;REG:105070017;Citrus aurantium;citrus aurantium l.;46;Citrus_aurantium__citrus_aurantium_l.xlsx;SINOLINA;;;REGISTRADO;105070017;25992.005369/19-35;LABORATORIO KRAEMER LTDA - 92.695.816/0001-03;Inativo;10/2004;citrus aurantium;incluido_alias_completo;Inativo;105070017;25992 005369 19 35;sinolina;laboratorio kraemer ltda 92 695 816 0001 03;;;TRUE;1;Citrus aurantium;citrus aurantium l.
146;Laranja-doce;REG:105070020;Citrus aurantium;citrus aurantium l.;46;Citrus_aurantium__citrus_aurantium_l.xlsx;URGAMOL;;;REGISTRADO;105070020;25992.001132/38;LABORATORIO KRAEMER LTDA - 92.695.816/0001-03;Inativo;10/2009;citrus aurantium;incluido_alias_completo;Inativo;105070020;25992 001132 38;urgamol;laboratorio kraemer ltda 92 695 816 0001 03;;;TRUE;1;Citrus aurantium;citrus aurantium l.
146;Laranja-doce;REG:105070030;Citrus aurantium;tintura de citrus aurantium l;45;Citrus_aurantium__TINTURA_DE_CITRUS_AURANTIUM_L.xlsx;BUKRU KRAEMER;;;REGISTRADO;105070030;25991.005858/80;LABORATORIO KRAEMER LTDA - 92.695.816/0001-03;Inativo;01/2022;citrus aurantium;incluido_alias_completo;Inativo;105070030;25991 005858 80;bukru kraemer;laboratorio kraemer ltda 92 695 816 0001 03;;;TRUE;1;Citrus aurantium;tintura de citrus aurantium l
146;Laranja-doce;REG:105290017;Citrus aurantium;citrus aurantium l.;46;Citrus_aurantium__citrus_aurantium_l.xlsx;CALMI;;;REGISTRADO;105290017;25000.010346/90-86;EASELABS LABORATORIO FARMACEUTICO LTDA. - 17.299.140/0001-05;Inativo;09/2005;citrus aurantium;incluido_alias_completo;Inativo;105290017;25000 010346 90 86;calmi;easelabs laboratorio farmaceutico ltda 17 299 140 0001 05;;;TRUE;1;Citrus aurantium;citrus aurantium l.
146;Laranja-doce;REG:105830361;laranja;extrato fluido de casca de laranja amarga;330;laranja__EXTRATO_FLUIDO_DE_CASCA_DE_LARANJA_AMARGA.xlsx;A SAÚDE DA MULHER;;;REGISTRADO;105830361;25351.213644/2002-87;GERMED FARMACEUTICA LTDA - 45.992.062/0001-65;Inativo;07/2014;laranja amarga;incluido_alias_completo;Inativo;105830361;25351 213644 2002 87;a saude da mulher;germed farmaceutica ltda 45 992 062 0001 65;;2002;TRUE;1;laranja;extrato fluido de casca de laranja amarga
146;Laranja-doce;REG:106890144;Citrus aurantium;citrus aurantium l.;46;Citrus_aurantium__citrus_aurantium_l.xlsx;HEPATILON;;;REGISTRADO;106890144;25351.081149/2004-64;KLEY HERTZ FARMACEUTICA S.A - 92.695.691/0001-03;Inativo;01/2006;citrus aurantium;incluido_alias_completo;Inativo;106890144;25351 081149 2004 64;hepatilon;kley hertz farmaceutica s a 92 695 691 0001 03;;2004;TRUE;1;Citrus aurantium;citrus aurantium l.
146;Laranja-doce;REG:116800034;Citrus aurantium;citrus aurantium l.;46;Citrus_aurantium__citrus_aurantium_l.xlsx;HEPATILON;;;REGISTRADO;116800034;25000.011518/89;LABORATÓRIOS GALENOGAL LTDA - 90.455.262/0001-33;Inativo;01/2007;citrus aurantium;incluido_alias_completo;Inativo;116800034;25000 011518 89;hepatilon;laboratorios galenogal ltda 90 455 262 0001 33;;;TRUE;1;Citrus aurantium;citrus aurantium l.
146;Laranja-doce;REG:125;Citrus aurantium;citrus aurantium l.;46;Citrus_aurantium__citrus_aurantium_l.xlsx;PERFEITO DIGESTIVO;;;REGISTRADO;125;25001.012924/84;LAB REGIUS LTDA - 92.691.187/0001-35;Inativo;07/2004;citrus aurantium;incluido_alias_completo;Inativo;125;25001 012924 84;perfeito digestivo;lab regius ltda 92 691 187 0001 35;;;TRUE;1;Citrus aurantium;citrus aurantium l.
147;Limão;REG:100610060;Citrus limonum;citrus limonum;48;Citrus_limonum__citrus_limonum.xlsx;GENCYDO WELEDA;;;REGISTRADO;100610060;25351.001523/00-14;WELEDA DO BRASIL LABORATÓRIO E FARMÁCIA LTDA - 56.992.217/0001-80;Inativo;10/2006;citrus limonum;incluido_alias_completo;Inativo;100610060;25351 001523 00 14;gencydo weleda;weleda do brasil laboratorio e farmacia ltda 56 992 217 0001 80;;;TRUE;2;Citrus limon | Citrus limonum;citrus limonum
149;Meimendro;REG:101860028;hyoscyamus niger;hyoscyamus niger l.;310;hyoscyamus_niger__hyoscyamus_niger_l.xlsx;SANTITOSS;;;REGISTRADO;101860028;25001.006594/79;SANTISA LABORATÓRIO FARMACÊUTICO S/A - 04.099.395/0001-82;Inativo;01/2010;hyoscyamus niger;incluido_alias_completo;Inativo;101860028;25001 006594 79;santitoss;santisa laboratorio farmaceutico s a 04 099 395 0001 82;;;TRUE;1;hyoscyamus niger;hyoscyamus niger l.
149;Meimendro;REG:102730038;hyoscyamus niger;tintura de hyoscyamus niger;311;hyoscyamus_niger__tintura_de_hyoscyamus_niger.xlsx;MULUNGU BROMETADO;;;REGISTRADO;102730038;25992.001078/18;DINIZ & BRANDÃO LTDA INDÚSTRIA E COMÉRCIO - 10.419.935/0001-60;Inativo;10/2004;hyoscyamus niger;incluido_alias_completo;Inativo;102730038;25992 001078 18;mulungu brometado;diniz brandao ltda industria e comercio 10 419 935 0001 60;;;TRUE;1;hyoscyamus niger;tintura de hyoscyamus niger
149;Meimendro;REG:102940130;hyoscyamus niger;tintura de hyoscyamus niger;311;hyoscyamus_niger__tintura_de_hyoscyamus_niger.xlsx;DUCTOVERAN;;;REGISTRADO;102940130;25000.007365/90-52;NEOLATINA COMÉRCIO E INDÚSTRIA FARMACEUTICA S.A - 61.541.132/0001-15;Inativo;12/2007;hyoscyamus niger;incluido_alias_completo;Inativo;102940130;25000 007365 90 52;ductoveran;neolatina comercio e industria farmaceutica s a 61 541 132 0001 15;;;TRUE;1;hyoscyamus niger;tintura de hyoscyamus niger
149;Meimendro;REG:104040159;meimendro;meimendro;363;meimendro__meimendro.xlsx;ATROCALMAN;;;REGISTRADO;104040159;25001.007924/54;LUPER INDÚSTRIA FARMACÊUTICA LTDA - 61.299.111/0001-35;Inativo;12/2004;meimendro;incluido_alias_completo;Inativo;104040159;25001 007924 54;atrocalman;luper industria farmaceutica ltda 61 299 111 0001 35;;;TRUE;1;meimendro;meimendro
149;Meimendro;REG:105110011;hyoscyamus niger;hyoscyamus niger l.;310;hyoscyamus_niger__hyoscyamus_niger_l.xlsx;ATROVERTELL;;;REGISTRADO;105110011;25351.214873/2002-19;LABORATORIOS REUNIDOS PARANA LTDA - 76.487.198/0001-41;Inativo;08/2008;hyoscyamus niger;incluido_alias_completo;Inativo;105110011;25351 214873 2002 19;atrovertell;laboratorios reunidos parana ltda 76 487 198 0001 41;;2002;TRUE;1;hyoscyamus niger;hyoscyamus niger l.
149;Meimendro;REG:122830098;hyoscyamus niger;hyoscyamus niger l.;310;hyoscyamus_niger__hyoscyamus_niger_l.xlsx;ATROVERAN COMPOSTO;ATROVERAM COMPOSTO;;REGISTRADO;122830098;25001.001158/31;DM INDÚSTRIA FARMACÊUTICA LTDA - 67.866.665/0002-34;Inativo;04/2013;hyoscyamus niger;incluido_alias_completo;Inativo;122830098;25001 001158 31;atroveran composto;dm industria farmaceutica ltda 67 866 665 0002 34;;;TRUE;1;hyoscyamus niger;hyoscyamus niger l.
149;Meimendro;REG:172870035;hyoscyamus niger;hyoscyamus niger l.;310;hyoscyamus_niger__hyoscyamus_niger_l.xlsx;ATROVERAN COMPOSTO;;;REGISTRADO;172870035;25351.141556/2008-61;Hypera S.A. - 02.932.074/0001-91;Inativo;04/2013;hyoscyamus niger;incluido_alias_completo;Inativo;172870035;25351 141556 2008 61;atroveran composto;hypera s a 02 932 074 0001 91;;2008;TRUE;1;hyoscyamus niger;hyoscyamus niger l.
149;Meimendro;REG:178170042;hyoscyamus niger;hyoscyamus niger l.;310;hyoscyamus_niger__hyoscyamus_niger_l.xlsx;ATROVERAN COMPOSTO;;;REGISTRADO;178170042;25351.645951/2009-86;COSMED INDUSTRIA DE COSMETICOS E MEDICAMENTOS S.A. - 61.082.426/0002-07;Inativo;09/2028;hyoscyamus niger;incluido_alias_completo;Inativo;178170042;25351 645951 2009 86;atroveran composto;cosmed industria de cosmeticos e medicamentos s a 61 082 426 0002 07;;2009;TRUE;1;hyoscyamus niger;hyoscyamus niger l.
151;Noz-de-cola;REG:104770006;cola nitida;cola nitida;251;cola_nitida__cola_nitida.xlsx;KOLA FOSFATADA SOEL;;;REGISTRADO;104770006;25991.002463/77;LAB REGIUS LTDA - 92.691.187/0001-35;Inativo;07/2011;cola nitida;incluido_alias_completo;Inativo;104770006;25991 002463 77;kola fosfatada soel;lab regius ltda 92 691 187 0001 35;;;TRUE;1;cola nitida;cola nitida
151;Noz-de-cola;REG:107740033;cola nitida;cola nitida schott & endl.;253;cola_nitida__cola_nitida_schott_endl.xlsx;NERVITON;;;REGISTRADO;107740033;25991.005209/78;LABORATÓRIO CANGERI LTDA - 92.751.965/0001-34;Inativo;08/2009;cola nitida;incluido_alias_completo;Inativo;107740033;25991 005209 78;nerviton;laboratorio cangeri ltda 92 751 965 0001 34;;;TRUE;1;cola nitida;cola nitida schott & endl.
151;Noz-de-cola;REG:125;cola nitida;cola nitida schott & endl.;253;cola_nitida__cola_nitida_schott_endl.xlsx;PERFEITO DIGESTIVO;;;REGISTRADO;125;25001.012924/84;LAB REGIUS LTDA - 92.691.187/0001-35;Inativo;07/2004;cola nitida;incluido_alias_completo;Inativo;125;25001 012924 84;perfeito digestivo;lab regius ltda 92 691 187 0001 35;;;TRUE;1;cola nitida;cola nitida schott & endl.
152;Noz-moscada;REG:103700401;Myristica fragrans;tintura myristica fragrans;109;Myristica_fragrans__tintura_myristica_fragrans.xlsx;TEUTÔNICO;;;REGISTRADO;103700401;25351.217268/2002-08;LABORATÓRIO TEUTO BRASILEIRO S/A - 17.159.229/0001-76;Inativo;05/2008;myristica fragrans;incluido_alias_completo;Inativo;103700401;25351 217268 2002 08;teutonico;laboratorio teuto brasileiro s a 17 159 229 0001 76;;2002;TRUE;1;Myristica fragrans;tintura myristica fragrans
152;Noz-moscada;REG:104040145;Myristica fragrans;tintura myristica fragrans;109;Myristica_fragrans__tintura_myristica_fragrans.xlsx;TÔNICO BLUMEN;TONICO BLUMEN;;REGISTRADO;104040145;25001.000643/84;LUPER INDÚSTRIA FARMACÊUTICA LTDA - 61.299.111/0001-35;Inativo;10/2005;myristica fragrans;incluido_alias_completo;Inativo;104040145;25001 000643 84;tonico blumen;luper industria farmaceutica ltda 61 299 111 0001 35;;;TRUE;1;Myristica fragrans;tintura myristica fragrans
152;Noz-moscada;REG:105820008;Myristica fragrans;myristica fragrans;108;Myristica_fragrans__myristica_fragrans.xlsx;BIOFORTE;;;REGISTRADO;105820008;25000.021680/99-58;LABORATÓRIO INDUSTRIAL FARMACÊUTICO ROCHA LTDA - 06.600.779/0001-62;Inativo;02/2005;myristica fragrans;incluido_alias_completo;Inativo;105820008;25000 021680 99 58;bioforte;laboratorio industrial farmaceutico rocha ltda 06 600 779 0001 62;;;TRUE;1;Myristica fragrans;myristica fragrans
152;Noz-moscada;REG:109170042;Myristica fragrans;tintura myristica fragrans;109;Myristica_fragrans__tintura_myristica_fragrans.xlsx;MEGATÔNICO;;;REGISTRADO;109170042;25000.011180/98-18;MEDQUIMICA INDUSTRIA FARMACEUTICA LTDA. - 17.875.154/0001-20;Inativo;02/2004;myristica fragrans;incluido_alias_completo;Inativo;109170042;25000 011180 98 18;megatonico;medquimica industria farmaceutica ltda 17 875 154 0001 20;;;TRUE;1;Myristica fragrans;tintura myristica fragrans
152;Noz-moscada;REG:161980010;Myristica fragrans;myristica fragrans;108;Myristica_fragrans__myristica_fragrans.xlsx;HORMEEL SNT;;;REGISTRADO;161980010;25351.343452/2005-47;HEEL DO BRASIL BIOMÉDICA LTDA - 05.994.539/0001-27;Inativo;04/2019;myristica fragrans;incluido_alias_completo;Inativo;161980010;25351 343452 2005 47;hormeel snt;heel do brasil biomedica ltda 05 994 539 0001 27;;2005;TRUE;1;Myristica fragrans;myristica fragrans
153;Noz-vômica;REG:101590034;strychnos nux-vomica;strychnos nux-vomica l.;425;strychnos_nux-vomica__strychnos_nux-vomica_l.xlsx;COLOBIL;;;REGISTRADO;101590034;25000.009857/99-66;SIDEPAL INDUSTRIAL COMERCIAL LTDA - 61.374.823/0001-71;Inativo;03/2010;strychnos nux vomica;incluido_alias_completo;Inativo;101590034;25000 009857 99 66;colobil;sidepal industrial comercial ltda 61 374 823 0001 71;;;TRUE;1;strychnos nux-vomica;strychnos nux-vomica l.
153;Noz-vômica;REG:104770006;strychnos nux-vomica;strychnos nux-vomica l.;425;strychnos_nux-vomica__strychnos_nux-vomica_l.xlsx;KOLA FOSFATADA SOEL;;;REGISTRADO;104770006;25991.002463/77;LAB REGIUS LTDA - 92.691.187/0001-35;Inativo;07/2011;strychnos nux vomica;incluido_alias_completo;Inativo;104770006;25991 002463 77;kola fosfatada soel;lab regius ltda 92 691 187 0001 35;;;TRUE;1;strychnos nux-vomica;strychnos nux-vomica l.
153;Noz-vômica;REG:105770049;strychnos nux-vomica;strychnos nux-vomica l.;425;strychnos_nux-vomica__strychnos_nux-vomica_l.xlsx;GOTAS DIGESTIVAS;;;REGISTRADO;105770049;25001.010423/19-83;LABORATIL FARMACEUTICA LTDA - 47.100.862/0001-50;Inativo;09/2003;strychnos nux vomica;incluido_alias_completo;Inativo;105770049;25001 010423 19 83;gotas digestivas;laboratil farmaceutica ltda 47 100 862 0001 50;;;TRUE;1;strychnos nux-vomica;strychnos nux-vomica l.
153;Noz-vômica;REG:123960006;strychnos nux-vomica;strychnos nux-vomica l.;425;strychnos_nux-vomica__strychnos_nux-vomica_l.xlsx;NUVORELL;;;REGISTRADO;123960006;25351.004124/01-88;KUR HOTEL - CLÍNICA GRAMADO LTDA - 87.210.084/0001-76;Inativo;04/2007;strychnos nux vomica;incluido_alias_completo;Inativo;123960006;25351 004124 01 88;nuvorell;kur hotel clinica gramado ltda 87 210 084 0001 76;;;TRUE;1;strychnos nux-vomica;strychnos nux-vomica l.
153;Noz-vômica;REG:161980003;strychnos nux-vomica;strychnos nux-vomica l.;425;strychnos_nux-vomica__strychnos_nux-vomica_l.xlsx;NUX VOMICA HOMACCORD;;nux vômica, strychnos nux-vomica l., bryonia cretica l., lycopodium clavatum l., citrullus colocynthis, citrullus colocynthis schrad.;REGISTRADO;161980003;25351.308418/2005-26;HEEL DO BRASIL BIOMÉDICA LTDA - 05.994.539/0001-27;Ativo;02/2028;strychnos nux vomica;incluido_alias_completo;Ativo;161980003;25351 308418 2005 26;nux vomica homaccord;heel do brasil biomedica ltda 05 994 539 0001 27;nux vomica strychnos nux vomica l bryonia cretica l lycopodium clavatum l citrullus colocynthis citrullus colocynthis schrad;2005;TRUE;1;strychnos nux-vomica;strychnos nux-vomica l.
156;Quina-amarela;REG:100660002;cinchona calisaya;cinchona calisaya wedd.;248;cinchona_calisaya__cinchona_calisaya_wedd.xlsx;AGUA INGLESA CATARINENSE;;cinchona calisaya wedd.;REGISTRADO;100660002;25991.008903/79;LABORATORIO CATARINENSE LTDA - 84.684.620/0001-87;Ativo;10/2029;cinchona calisaya;incluido_alias_completo;Ativo;100660002;25991 008903 79;agua inglesa catarinense;laboratorio catarinense ltda 84 684 620 0001 87;cinchona calisaya wedd;;TRUE;1;cinchona calisaya;cinchona calisaya wedd.
156;Quina-amarela;REG:105070020;cinchona calisaya;cinchona calisaya wedd.;248;cinchona_calisaya__cinchona_calisaya_wedd.xlsx;URGAMOL;;;REGISTRADO;105070020;25992.001132/38;LABORATORIO KRAEMER LTDA - 92.695.816/0001-03;Inativo;10/2009;cinchona calisaya;incluido_alias_completo;Inativo;105070020;25992 001132 38;urgamol;laboratorio kraemer ltda 92 695 816 0001 03;;;TRUE;1;cinchona calisaya;cinchona calisaya wedd.
156;Quina-amarela;REG:107740480;cinchona calisaya;cinchona calisaya wedd.;248;cinchona_calisaya__cinchona_calisaya_wedd.xlsx;LIPOTRON;;;REGISTRADO;107740480;25991.005379/80;LABORATÓRIO CANGERI LTDA - 92.751.965/0001-34;Inativo;09/2005;cinchona calisaya;incluido_alias_completo;Inativo;107740480;25991 005379 80;lipotron;laboratorio cangeri ltda 92 751 965 0001 34;;;TRUE;1;cinchona calisaya;cinchona calisaya wedd.
156;Quina-amarela;REG:109630060;cinchona calisaya;cinchona calisaya wedd.;248;cinchona_calisaya__cinchona_calisaya_wedd.xlsx;INGLESA SOBRAL;;;REGISTRADO;109630060;25351.300606/2009-94;THEODORO F SOBRAL & CIA LTDA - 06.597.801/0001-62;Inativo;02/2025;cinchona calisaya;incluido_alias_completo;Inativo;109630060;25351 300606 2009 94;inglesa sobral;theodoro f sobral cia ltda 06 597 801 0001 62;;2009;TRUE;1;cinchona calisaya;cinchona calisaya wedd.
159;Ruibarbo;REG:100490104;Rheum palmatum;rheum palmatum l.;139;Rheum_palmatum__rheum_palmatum_l.xlsx;AMARGOL;;;REGISTRADO;100490104;25351.280421/2005-78;LABORATÓRIO SAÚDE LTDA - 91.671.792/0001-81;Inativo;08/2007;rheum palmatum;incluido_alias_completo;Inativo;100490104;25351 280421 2005 78;amargol;laboratorio saude ltda 91 671 792 0001 81;;2005;TRUE;1;Rheum palmatum;rheum palmatum l.
159;Ruibarbo;REG:101290001;Rheum palmatum;rheum palmatum l.;139;Rheum_palmatum__rheum_palmatum_l.xlsx;REGULADOR XAVIER N. 2;;;REGISTRADO;101290001;25992.001070/31;LABORATÓRIO HEPACHOLAN SA - 60.398.120/0001-10;Inativo;10/2014;rheum palmatum;incluido_alias_completo;Inativo;101290001;25992 001070 31;regulador xavier n 2;laboratorio hepacholan sa 60 398 120 0001 10;;;TRUE;1;Rheum palmatum;rheum palmatum l.
159;Ruibarbo;REG:102512419;Rheum palmatum;rheum palmatum l.;139;Rheum_palmatum__rheum_palmatum_l.xlsx;DIGESTAR;;;REGISTRADO;102512419;25001.010071/80;BRASMEDICA SA IND FTCA - 60.889.557/0001-57;Inativo;10/2000;rheum palmatum;incluido_alias_completo;Inativo;102512419;25001 010071 80;digestar;brasmedica sa ind ftca 60 889 557 0001 57;;;TRUE;1;Rheum palmatum;rheum palmatum l.
159;Ruibarbo;REG:102990002;Rheum palmatum;rheum palmatum l.;139;Rheum_palmatum__rheum_palmatum_l.xlsx;OLINA ESSÊNCIA DE VIDA;OLINA-ESSENCIA DE VIDA;aloe ferox mill., angelica archangelica l., gentiana lutea l., commyphora myrrha, rheum palmatum l., gentiana lutea, cinnamomum zeylanicum ness.;REGISTRADO;102990002;25001.005976/78;LABORATÓRIO WESP LTDA - 92.690.999/0001-66;Ativo;10/2029;rheum palmatum;incluido_alias_completo;Ativo;102990002;25001 005976 78;olina essencia de vida;laboratorio wesp ltda 92 690 999 0001 66;aloe ferox mill angelica archangelica l gentiana lutea l commyphora myrrha rheum palmatum l gentiana lutea cinnamomum zeylanicum ness;;TRUE;1;Rheum palmatum;rheum palmatum l.
159;Ruibarbo;REG:104670274;Rheum palmatum;rheum palmatum l.;139;Rheum_palmatum__rheum_palmatum_l.xlsx;JURUBEBA COMPOSTO;;;REGISTRADO;104670274;25001.003628/71;LABORATORIO FARMAERVAS LTDA - 60.565.520/0001-73;Inativo;05/2007;rheum palmatum;incluido_alias_completo;Inativo;104670274;25001 003628 71;jurubeba composto;laboratorio farmaervas ltda 60 565 520 0001 73;;;TRUE;1;Rheum palmatum;rheum palmatum l.
159;Ruibarbo;REG:105340002;Rheum palmatum;rheum palmatum l.;139;Rheum_palmatum__rheum_palmatum_l.xlsx;FUNCHICÓREA;;chicorium intybus, rheum palmatum l., anethum foeniculum l., cichorium intybus;REGISTRADO;105340002;25991.008573/80;Laboratório Melpoejo - 21.549.522/0001-17;Ativo;09/2025;rheum palmatum;incluido_alias_completo;Ativo;105340002;25991 008573 80;funchicorea;laboratorio melpoejo 21 549 522 0001 17;chicorium intybus rheum palmatum l anethum foeniculum l cichorium intybus;;TRUE;1;Rheum palmatum;rheum palmatum l.
159;Ruibarbo;REG:105700032;Rheum palmatum;rheum palmatum l.;139;Rheum_palmatum__rheum_palmatum_l.xlsx;Amargol;;;REGISTRADO;105700032;25991.003317/81;LABORATORIO QUIMSUL LTDA - 92.782.317/0001-45;Inativo;08/2007;rheum palmatum;incluido_alias_completo;Inativo;105700032;25991 003317 81;amargol;laboratorio quimsul ltda 92 782 317 0001 45;;;TRUE;1;Rheum palmatum;rheum palmatum l.
159;Ruibarbo;REG:106390030;Rheum palmatum;rheum palmatum l.;139;Rheum_palmatum__rheum_palmatum_l.xlsx;EPAREMA;;;REGISTRADO;106390030;25992.004943/34;TAKEDA PHARMA LTDA. - 60.397.775/0001-74;Inativo;10/2029;rheum palmatum;incluido_alias_completo;Inativo;106390030;25992 004943 34;eparema;takeda pharma ltda 60 397 775 0001 74;;;TRUE;2;Rheum palmatum;peumus boldus + rhamnus purshiana + rheum palmatum | rheum palmatum l.
159;Ruibarbo;REG:109400006;Rheum officinale;rheum officinale baill.;137;Rheum_officinale__rheum_officinale_baill.xlsx;BILEXYL;;;REGISTRADO;109400006;25001.013837/83;LABORATÓRIOS SINTOMED LTDA - 49.923.964/0001-09;Inativo;06/2009;rheum officinale;incluido_alias_completo;Inativo;109400006;25001 013837 83;bilexyl;laboratorios sintomed ltda 49 923 964 0001 09;;;TRUE;1;Rheum officinale;rheum officinale baill.
159;Ruibarbo;REG:115200033;Rheum palmatum;rheum palmatum l.;139;Rheum_palmatum__rheum_palmatum_l.xlsx;RUIBARBO;;;REGISTRADO;115200033;25000.024849/98-22;RIOQUIMICA S.A. - 55.643.555/0001-43;Inativo;06/2006;rheum palmatum;incluido_alias_completo;Inativo;115200033;25000 024849 98 22;ruibarbo;rioquimica s a 55 643 555 0001 43;;;TRUE;1;Rheum palmatum;rheum palmatum l.
159;Ruibarbo;REG:117170044;Rheum palmatum;rheum palmatum l.;139;Rheum_palmatum__rheum_palmatum_l.xlsx;BIOHEPATON;;;REGISTRADO;117170044;25351.004078/01-62;PHARMASCIENCE INDUSTRIA FARMACEUTICA S.A - 25.773.037/0001-83;Inativo;08/2006;rheum palmatum;incluido_alias_completo;Inativo;117170044;25351 004078 01 62;biohepaton;pharmascience industria farmaceutica s a 25 773 037 0001 83;;;TRUE;1;Rheum palmatum;rheum palmatum l.
159;Ruibarbo;REG:117240007;Rheum palmatum;rheum palmatum l.;139;Rheum_palmatum__rheum_palmatum_l.xlsx;REGULADOR XAVIER N. 2;;;REGISTRADO;117240007;25351.659622/2015-13;OPHTHALMOS LTDA - 61.129.409/0001-05;Inativo;08/2025;rheum palmatum;incluido_alias_completo;Inativo;117240007;25351 659622 2015 13;regulador xavier n 2;ophthalmos ltda 61 129 409 0001 05;;2015;TRUE;1;Rheum palmatum;rheum palmatum l.
159;Ruibarbo;REG:118600109;Rheum rhaponticum;rheum rhaponticum l.;140;Rheum_rhaponticum__rheum_rhaponticum_l.xlsx;DELAFEM;;rheum rhaponticum l.;REGISTRADO;118600109;25351.266805/2024-41;HERBARIUM LABORATORIO BOTANICO LTDA - 78.950.011/0001-20;Ativo;06/2036;rheum rhaponticum;incluido_alias_completo;Ativo;118600109;25351 266805 2024 41;delafem;herbarium laboratorio botanico ltda 78 950 011 0001 20;rheum rhaponticum l;2024;TRUE;1;Rheum rhaponticum;rheum rhaponticum l.
159;Ruibarbo;REG:122830088;ruibarbo;ruibarbo;399;ruibarbo__ruibarbo.xlsx;BISUISAN;;;REGISTRADO;122830088;25992.003986/75;DM INDÚSTRIA FARMACÊUTICA LTDA - 67.866.665/0002-34;Inativo;10/2009;ruibarbo;incluido_alias_completo;Inativo;122830088;25992 003986 75;bisuisan;dm industria farmaceutica ltda 67 866 665 0002 34;;;TRUE;1;ruibarbo;ruibarbo
159;Ruibarbo;REG:122830091;Rheum palmatum;peumus boldus + rhamnus purshiana + rheum palmatum;138;Rheum_palmatum__peumus_boldus_rhamnus_purshiana_rheum_palmatum.xlsx;FIGADOBIL;;;REGISTRADO;122830091;25001.013782/82;DM INDÚSTRIA FARMACÊUTICA LTDA - 67.866.665/0002-34;Inativo;03/2008;rheum palmatum;incluido_alias_completo;Inativo;122830091;25001 013782 82;figadobil;dm industria farmaceutica ltda 67 866 665 0002 34;;;TRUE;1;Rheum palmatum;peumus boldus + rhamnus purshiana + rheum palmatum
159;Ruibarbo;REG:178170911;Rheum palmatum;rheum palmatum l.;139;Rheum_palmatum__rheum_palmatum_l.xlsx;EPAREMA;;rheum palmatum l., frangula purshiana (dc.) a. gray , peumus boldus molina;REGISTRADO;178170911;25351.109957/2021-02;COSMED INDUSTRIA DE COSMETICOS E MEDICAMENTOS S.A. - 61.082.426/0002-07;Ativo;10/2029;rheum palmatum;incluido_alias_completo;Ativo;178170911;25351 109957 2021 02;eparema;cosmed industria de cosmeticos e medicamentos s a 61 082 426 0002 07;rheum palmatum l frangula purshiana dc a gray peumus boldus molina;2021;TRUE;1;Rheum palmatum;rheum palmatum l.
160;Tomilho;REG:114620036;Thymus vulgaris;thymus vulgaris l.;169;Thymus_vulgaris__thymus_vulgaris_l.xlsx;TOMIS;;thymus vulgaris  l.;REGISTRADO;114620036;25351.750457/2018-47;MYRALIS INDÚSTRIA FARMACÊUTICA LTDA - 17.440.261/0001-25;Ativo;11/2029;thymus vulgaris;incluido_alias_completo;Ativo;114620036;25351 750457 2018 47;tomis;myralis industria farmaceutica ltda 17 440 261 0001 25;thymus vulgaris l;2018;TRUE;2;thym | Thymus vulgaris;thymus vulgaris l.
161;Uva-ursi;REG:102660083;arctostaphylos uva-ursi;arctostaphylos uva-ursi l.;210;arctostaphylos_uva-ursi__arctostaphylos_uva-ursi_l.xlsx;COMPLEXO HOMEOPÁTICO UVA URSI ALMEIDA PRADO 17;;;REGISTRADO;102660083;25992.017379/70;FARMÁCIA E LABORATÓRIO HOMEOPÁTICO ALMEIDA PRADO LTDA - 60.862.208/0001-41;Inativo;03/2011;arctostaphylos uva ursi;incluido_alias_completo;Inativo;102660083;25992 017379 70;complexo homeopatico uva ursi almeida prado 17;farmacia e laboratorio homeopatico almeida prado ltda 60 862 208 0001 41;;;TRUE;2;arctostaphylos uva-ursi | uva-ursi;arctostaphylos uva-ursi l.
161;Uva-ursi;REG:117170066;arctostaphylos uva-ursi;arctostaphylos uva-ursi l.;210;arctostaphylos_uva-ursi__arctostaphylos_uva-ursi_l.xlsx;CISTITRAT;;;REGISTRADO;117170066;25351.015915/2007-45;PHARMASCIENCE INDUSTRIA FARMACEUTICA S.A - 25.773.037/0001-83;Inativo;08/2012;arctostaphylos uva ursi;incluido_alias_completo;Inativo;117170066;25351 015915 2007 45;cistitrat;pharmascience industria farmaceutica s a 25 773 037 0001 83;;2007;TRUE;2;arctostaphylos uva-ursi | uva-ursi;arctostaphylos uva-ursi l.
161;Uva-ursi;REG:123970025;arctostaphylos uva-ursi;arctostaphylos uva-ursi l.;210;arctostaphylos_uva-ursi__arctostaphylos_uva-ursi_l.xlsx;URVA URSI ORIENT;;;REGISTRADO;123970025;25351.061054/2005-13;ORIENT MIX FITOTERÁPICOS DO BRASIL LTDA. - 73.657.876/0001-89;Inativo;05/2010;arctostaphylos uva ursi;incluido_alias_completo;Inativo;123970025;25351 061054 2005 13;urva ursi orient;orient mix fitoterapicos do brasil ltda 73 657 876 0001 89;;2005;TRUE;2;arctostaphylos uva-ursi | uva-ursi;arctostaphylos uva-ursi l.
161;Uva-ursi;REG:138410069;arctostaphylos uva-ursi;arctostaphylos uva-ursi (l.) spreng.;209;arctostaphylos_uva-ursi__arctostaphylos_uva-ursi_l._spreng.xlsx;Urocist;;arctostaphylos uva-ursi (l.) spreng.;REGISTRADO;138410069;25351.289789/2015-71;NATULAB LABORATORIO S.A - 02.456.955/0001-83;Ativo;01/2027;arctostaphylos uva ursi;incluido_alias_completo;Ativo;138410069;25351 289789 2015 71;urocist;natulab laboratorio s a 02 456 955 0001 83;arctostaphylos uva ursi l spreng;2015;TRUE;2;arctostaphylos uva-ursi | uva-ursi;arctostaphylos uva-ursi (l.) spreng.
161;Uva-ursi;REG:143810078;arctostaphylos uva-ursi;arctostaphylos uva-ursi l.;210;arctostaphylos_uva-ursi__arctostaphylos_uva-ursi_l.xlsx;UROMED;;;REGISTRADO;143810078;25351.171793/2002-61;CIMED INDUSTRIA S.A - 02.814.497/0001-07;Inativo;08/2007;arctostaphylos uva ursi;incluido_alias_completo;Inativo;143810078;25351 171793 2002 61;uromed;cimed industria s a 02 814 497 0001 07;;2002;TRUE;2;arctostaphylos uva-ursi | uva-ursi;arctostaphylos uva-ursi l.
162;Hortelã;REG:103940475;Mentha piperita;mentha piperita l.;99;Mentha_piperita__mentha_piperita_l.xlsx;SOLVOBIL;;;REGISTRADO;103940475;25991.001135/79;LABORATÓRIO AMERICANO DE FARMACOTERAPIA S/A - 61.150.819/0001-20;Inativo;10/2004;mentha piperita;incluido_alias_completo;Inativo;103940475;25991 001135 79;solvobil;laboratorio americano de farmacoterapia s a 61 150 819 0001 20;;;TRUE;1;Mentha piperita;mentha piperita l.
162;Hortelã;REG:115570050;mentha crispa;mentha crispa l.;366;mentha_crispa__mentha_crispa_l.xlsx;GIAMEBIL;;;REGISTRADO;115570050;25351.164026/2002-04;INFAN INDUSTRIA QUIMICA FARMACEUTICA NACIONAL S/A - 08.939.548/0001-03;Inativo;07/2012;mentha crispa;incluido_alias_completo;Inativo;115570050;25351 164026 2002 04;giamebil;infan industria quimica farmaceutica nacional s a 08 939 548 0001 03;;2002;TRUE;1;mentha crispa;mentha crispa l.
162;Hortelã;REG:137640174;mentha crispa;mentha crispa l.;366;mentha_crispa__mentha_crispa_l.xlsx;GIAMEBIL;;;REGISTRADO;137640174;25351.345147/2017-39;ASPEN PHARMA INDÚSTRIA FARMACÊUTICA LTDA - 02.433.631/0001-20;Inativo;07/2027;mentha crispa;incluido_alias_completo;Inativo;137640174;25351 345147 2017 39;giamebil;aspen pharma industria farmaceutica ltda 02 433 631 0001 20;;2017;TRUE;1;mentha crispa;mentha crispa l.
